category,bariba,french
Salutations et politesse,"Aagu wunɛ ka weru. Yeegu, kpasi ka wureba. Les Kpasi et les Wure.",Bonne arrivée !
Salutations et politesse,"bien-être, bonne santé. U ben alaafia mɛɛribu da. A kpuna n do ?",Il est allé voir leur état de santé. As-tu bien dormi ? Comment ça va? Très bien.
Salutations et politesse,I turi baani :,Bon voyage !
Salutations et politesse,I bii wi derio ka win atafiiru.,"Laissez cet enfant, il se moque des gens. ."
Salutations et politesse,"père, géniteur, papa. Bɔnin baawa u bii gɔrima. les oncles paternels, Na nɛn baaba tɔbiribu da. Kpuna n do baa.",C'est le papa de Boni qui a envoyé un enfant. Je suis allé saluer mes oncles paternels. Bonjour papa.
Salutations et politesse,Win sankiraru ta banna.,Son impolitesse a dépassé les bornes.
Salutations et politesse,"Gura yàn na, na ra nɛn bara soobunu doke.","S'il pleut, je porte mes chaussures en bois. bàra soobuwa. bàra soobunu. bàra soobuna."
Salutations et politesse,"Ba durɔ wi yɔ̃ su gandian di, sa baruka kua.",". On a libéré cet homme de prison, Dieu merci."
Salutations et politesse,"Na siara, wunɛ ka beruseru.",Merci pour ton sens de bonne compagnie.
Salutations et politesse,"Yè a mö kpuro, ade an tɔnun bɛ̀ɛrɛ mɔ. bɛ̀ɛrɛ mɔ.","reconnaître les règles de politesse, être respectueux envers. . Quel que soit ce que tu fais, tâche de respecter l'autre."
Salutations et politesse,"Bom mùn wãa, kon soru nɔ.",S'il y a du lait je vais boire la bouillie. .
Salutations et politesse,U man bɔɔsia u sere yara.,Il m’a dit bonjour avant de sortir :
Salutations et politesse,Bɔɔsiabu sɔɔra yɛnu yɛ̃ ro u rawa goo ù n barɔ.,"C’est en saluant sa maisonnée le matin, que le chef de famille se rend compte s'il y a un malade dans la maison."
Salutations et politesse,"Bintu, a do awunɛn tundo bɔɔsiamaBintou, va saluer ton père, puis reviens.",.
Salutations et politesse,"Daadowa u Bwĩɔ swĩimarusinaa sɔɔ . daagin sooro [da›a›gìǹ sooro›]moustiquaire. Bwɛ̃ɛ yù n banda, kon daagin sooro sure. daagin soorowa daagin sooroba daagin soorobara.","Daado vient après Bougnon suivant le rang de naissance : S'il y a beaucoup de moustiques, je vais descendre la moustiquaire."
Salutations et politesse,Ye u wuu dua ma bukurobu ba nɛɛ ù dam ko.,Quand il est entré dans le village les notables lui ont souhaité la bienvenue.
Salutations et politesse,"Tɔn be, ba koo gisɔ dom se ka barɔ wi. Bɛɛ ka dom serubu.",Ces gens là vont veiller avec le malade. dom serubu [dom serubu]action de veiller. Salut pour la veillée !
Salutations et politesse,"Bà n yina i sina mi, i doonama mi gian di fuuku.","S'ils vous refusent de rester là-bas, quittez vite et revenez ici."
Salutations et politesse,"Gura yàn kɔmia nde gisɔku ge, wɛ̃ɛ duurubu bukoo sɛ̃ sia.","S'il manque de pluie comme cette année, il sera difficile de semer le coton."
Salutations et politesse,Gura yàn nnaa gbere ni duuruma a sere wuma.,"S'il pleut, il faut semer le maïs avant de renter."
Salutations et politesse,"A naa man 93 faaba kowo fara fara faaba ko, Woru. Bɛɛ ka faaba.","Viens me secourir, Worou. Merci de votre secours (aide):"
Salutations et politesse,Bɛsɛ ka faagi.,Merci pour la conversation.
Salutations et politesse,"Bɛsɛ, ka faayi nɔö.","Salut pour la conversation, causerie 2) récit, action de plaisanter."
Salutations et politesse,"I man gaafara kuo. Gaafara, a dumma. 98 gaaga gaba Entre.",Excusezmoi! employé dans les salutations par le supérieur pour donner le signe de se relever; pour demander la permission d'entrer ou de parler. Excusez!
Salutations et politesse,"À kun wunɛn toraru yɛ̃ , gem kanabu bu sɛ̃ .",Si tu ne reconnais :
Salutations et politesse,"Bii wi u gem mɔ, kam sɔɔra ba wii so. employé 106 gem wɛ̃ gɛbiri pour s'excuser. A gem mɔ, na ǹ maa sia wuremɔ.","L'enfant a raison, on l'a frappé pour rien. Pardon, je ne vais plus recommencer."
Salutations et politesse,"Sunɔ, a man ìsa kuo.","Chef, excuse-moi."
Salutations et politesse,"Sabi ka Biɔ ba gberu da. Yè uka gu, yen sɔ̃ɔ yiruwa mi. Na ǹ nande ka Gunun gari. Bɛɛ ka yoka. Wɔkura nɔɔbu ka tia :","coord. Chabi et Bio sont allés au hamps. depuis que. Depuis qu'il est mort, cela fait deux jours3) pour. Je n'ai 4) sert pour les salutations. Bonsoir à vous. et (sert à additionner les chiffres). Seize."
Salutations et politesse,Sibu ba da ba sun sunɔ suuru kanari ni. U da u sun sɔnkɔrɔ gobi kanari gbɛnum.,Ils sont allés damander pardon au chef sans nous. demander contre le gré de quelqu'un. Il est allé demander de l'argent au député discrètement. . .
Salutations et politesse,"I n kanasimɔ, baa ù n yinamɔ.",. . Suppliez-le même s'il refuse.
Salutations et politesse,U kɛkɛ tenku dua uka yaburu da.,Il a pris un taxi pour aller au marché.
Salutations et politesse,Wunɛ ka mwia yè.,Salutation à quelqu'un qui est en train de fournir un gros effort.
Salutations et politesse,Bɔnan naaru ta dora.,L’arrivée de Bona est la bienvenue.
Salutations et politesse,Naa tebon nɛnubu bu sãawa dɔɔnɛn gari. Wunɛ ka nɛnubu.,"Tenir la houe est une question d'habitude. Merci pour le fait que tu l'as gardé. éducation, fait d’élever un enfant."
Salutations et politesse,"ù n win tebo nɔmu bɛri, u ku ra wɛ̃ re sere yoka.","S'il saisit sa houe, il ne se repose que le soir."
Salutations et politesse,"Nɔɔ gàn nɛra, sa ko suunu sɔbe. Ces gens tɔn be, ba nɔɔ nɛra tɛ̃ , goo kun maa ka goo sikirinamɔ. Tontonden diya guunu nu rà n nɔɔ nɛ.","Si nous nous entendons, nous pourrons porter ensemble un éléphant entier. Ces gens-là ce sont accordé le pardon ils ne se discutent plus. être égalisé à la même hauteur, au même niveau. C'est de loin que les montagnes ont une vue rectiligne."
Salutations et politesse,Bɛsɛ ka nɔru. Nim nɔru ga man mö.,Salutation pour gens qui jeunent pendant le ramadan. J'ai soif.
Salutations et politesse,A doo yararibun mi bàn dee kpùra mɔ.,Va voir chez les bouchers s'ils ont du sang coagulé.
Salutations et politesse,A kpam do a nùn wa ù n yanda.,Va de nouveau voir s'il s'est réveillé.
Salutations et politesse,Bɛɛ ka kparabu.,Merci de nous guider sur le chemin de Dieu.
Salutations et politesse,Wunɛ ka yãanun kparabu.,Merci de faire paître les moutons.
Salutations et politesse,Kpeebeeri a sun bɛsɛn gɔba suuru kuo.,Dieu pardonne nous nos péchés.
Salutations et politesse,A n mö kpurɛ kpurɛ ka duma ye. A tii mɛɛra kua?,"avec attention, précaution. Manipule le cheval avec précaution . salutation quand on se blesse, se heurte. Tu t'es blessé ?"
Salutations et politesse,"À n sɔmburu kua à n wasira, sere a kpuna. Akpuna n do ?","Si tu es fatigué de travailler, tu dois te coucher. As-tu bien dormi? Bonjour! salutation pour le matin)nacc."
Salutations et politesse,A n da ka wunɛn wãaru saabu ko.,Sache rendre grâce pour ta vie.
Salutations et politesse,"Bɛɛ, ka sãkiru.",Salut relatif à la veillée.
Salutations et politesse,"Bɛɛ, ka sãkubu.",Merci pour la compagnie.
Salutations et politesse,Bɛɛ ka dom serubu.,Salut pour le sommeil que vous n'avez :
Salutations et politesse,"Gura yàn na, kon sɛ̃ ra duure. sɛ̃ raa sɛ̃ ri.","sa fleur est employée dans la sauce. S'il pleut, je vais semer l'oseille de Guinée."
Salutations et politesse,"Gura yàn na, sa ko sia gberenu duure.","S'il pleut, nous sèmerons le maïs demain."
Salutations et politesse,Na wunɛn kɛ̃ɛte siara.,Je suis content de ton cadeau.
Salutations et politesse,N ǹ maa ka yen siarabu.,Même :
Salutations et politesse,A do a wii siarama. 228 siarana sĩira,Va le remercier et reviensinacc.
Salutations et politesse,U man nɛn wɛrɔ nég.,Il apprécie mon ennemi à mon insu.
Salutations et politesse,"Yè nɛn bɔrɔu man gobi kã, yera na wii siarasia.",Lorsque mon ami m'a donné de l'argent je l'ai fais remercier.
Salutations et politesse,I ku dɔkɔ yen nim sora kpuro.,vider pour nettoyer ou pour pêcher s'il s'agit d'un marigot. Ne videz :
Salutations et politesse,"Yaayi, a seewo su gberu doona, sɔ̃ɔ u yewa mi. Ka sɔ̃ɔ 'salutation pour quelqu'un qui voyage sous le soleil'. Sɔ̃ɔ yiruwa u kua wuu mi. Bɛsɛ ka sɔ̃ɔ yiru. sɔ̃ɔwa— 2) saison. sɔ̃ɔ u sãra.","soleil. Maman, lève-toi, nous irons au champ, le soleil brille. jour. Il a passé deux jours dans cette localité . Salutation à quelqu'un qu'on n'a » : La saison sèche est arrivée."
Salutations et politesse,Yandunia sere suuru.,"Dans le monde, il faut faire preuve de patience."
Salutations et politesse,U na ù nun suuru kana.,Il est venu te demander pardon.
Salutations et politesse,"Gura yàn na, sa ko taasoru da. tàasɔnu / sàasɔnu / tàn","S'il pleut, nous irons à la chasse."
Salutations et politesse,"Kɛ̃ɛ tè ta ǹ takaru mɔ, warara.",Le don pour lequel on ne remercie :
Salutations et politesse,Gusunɔ ura toro suuru kue. Bikio kùn toro.,Coupable. Dieu pardonne le pécheur. celui qui a tord. Celui qui demande n'a :
Salutations et politesse,U man gɔɔrɔ kkãa dea nùn tɔbiri.,"Il m'a donné une cola, saluele. remercier : ."
Salutations et politesse,"Kɛ̃ɛ tè durɔ wi u sun kua mi, ta tɔbiribu tura.","Le cadeau que cet homme nous a offert, mérite remerciement."
Salutations et politesse,Tɔbirinaa ya dera ba ǹ kɛkɛn damu nua.,Les salutaions ont fait qu’ils n’ont :
Salutations et politesse,"Gãa nì nu wãa dunia yè sɔɔ kpuro, tɔnu u yè kere. Bɛsɛn tɔnu u na sàa Kandin di.","Parmi toutes les choses qui sont sur la terre, c'est l'homme qui est le plus grand. Salutation pour celui qui prend soin d'un autre. C'est un de nos parents qui est venu de Kandi."
Salutations et politesse,"À kùn tii naanɛ sãa, aku da mì ba koo tweena. ma u ǹ sɔ̃ re, wunɛ wì a twɛ̃ , mba kaa wa?","Si tu n'as : Celui qui est monté dans l'arbre, s'il n'a :"
Salutations et politesse,Wunɛn weru ta koo wunɛn tundo dore. Ton retour fera plaisir à ton père. Bɛɛ ka weru.,"Salutation à ceux qui reviennent d'un voyage, de champ ou d’ailleurs."
Salutations et politesse,Bɛsɛ ka wunde.,Salutation de personnes qui ne se sont :
Salutations et politesse,Wuu gen sindu ta wɛ̃ ra. Bɛsɛ ka wuu.,L'installation de ces villages est bien faite. Salutation quand arrive des événements pénibles au village.
Salutations et politesse,Sibu ba nawa bu man yiirasia.,Ils sont venus me demander pardon. .
Salutations et politesse,"Sunɔ, a man yisa kuo.","Chef, excuse-moi."
Salutations et politesse,"Gura yàn na, bibu ba ra ka tii yirenu tɛɛri.","S'il pleut, les enfants sesalissent avec de la boue. va:"
Salutations et politesse,"Gura yàn nɛmɔ, ba ra bii gɔriwa ù yɔ̃ɔyɔ̃ ɔru mwama. yɔ̃ɔyɔ̃ ɔra. yɔ̃ kpɛkpɛ/ yɔ̃ɔ kpèru","S'il pleut, on envoie un enfant chercher une charge fictive."
Nourriture et boissons,Agbansasa ya ku ra swĩ nde gbɛɛ diiku.,Le petit oiseau ne chante :
Nourriture et boissons,Bɛsɛn gberɔ agbansekunu nu dabi.,"Boerhavia diffusa (Nyctaginacées). Dans notre champ, il y a beaucoup d'herbes cochons."
Nourriture et boissons,Afɔ̃ nun kpee ka sɔkura yi rà n do.,La sauce de légume accompagne bien l'igname pilée.
Nourriture et boissons,Agɛdɛ ye ya do. Agɛdɛ ya yen nim mɔ gura ya sere na.,cette banane est bonne. Le bananier est gorgé d'eau même sans la pluie.
Nourriture et boissons,"Gunuban baan ananawa ba kua gin teeru. Woru Yorun anana sɔɔ, win bibu ba beka kɛ̃ ru kua mi gem gem.","grande cérémonie d’enlèvement de deuil. C’est la cérémonie funéraire du père de Gunu et ses frères qui s’est déroulée avant-hier. distribution de dons aux griots au cours des funérailles. Pendant la cérémonie funéraire de Worou Yorou, ses enfants ont distribué beaucoup de pagnes."
Nourriture et boissons,"Yè u wuu dɔɔ, uka arusɛkɛ yinna.","bonheur, espérance, providence. Quand il allait en voyage, il a rencontré un bonheur. ."
Nourriture et boissons,Ayɔ ga Simɛ mwa ga go.,Le sorcier a emprisonné l'âme de Zimé et l'a tué.
Nourriture et boissons,"Yè ba koo wii so, ma u wɔri bukurobun baa sɔɔ.","Quand on voulait le frapper, il s'est réfugié au milieu de grandes personnes."
Nourriture et boissons,U wãa win baa bɔru kpararun mi sere uka bukura. baa bɔru kparara. baa bɔru kparobu. baa bɔru kparoba.,Il est resté chez son beau-père jusqu'à un âge avancé.
Nourriture et boissons,Bɛsɛn gberun dãa bakarun wɔllɔ baa sinunkunu nu yibaa.,Le grand arbre de notre champ abrite beaucoup d'hirondelles.
Nourriture et boissons,Baaniwa ba rà ka saruru go. Ba biin boo sɔɔ baani doke.,arbre dont on emploie l'écorce pour tanner les peaux. C'est avec le baani que l'on tanne la peau. fruits utilisés pour le soin des plaies. On a mis le baani dans la plaie de l'enfant.
Nourriture et boissons,Nim mù bãara swãa baayeren nɔni biru.,Que l'eau tarisse devant chaque poisson.
Nourriture et boissons,"Yè bɛsɛn daarun nim mu den bãarama, yera ba nɛɛ ba koo bana se.",Ils ont attendu que l'eau de notre marigot commence à tarir pour dire qu'ils vont faire une construction.
Nourriture et boissons,Na yaa baasi tema.,J 'ai mangé de la chair .
Nourriture et boissons,Ba wii yaa babirisia .,On lui a fait toucher la viande plusieurs foisinacc.
Nourriture et boissons,Gunɔ bakeru ta suraa yaa gorun bɔkuɔ.,Un bakeru s'est posé près des restes d'un animal.
Nourriture et boissons,Bam ya nɔrubu do. Sa bam wa ba dɔramɔ bwãaru sɔɔ.,Le vin de palme est agréable à boire. Nous avons trouvé du vin de palme en vente dans une gourde.
Nourriture et boissons,Bɛsɛn gberɔ bango dãnu nu dabi. bango dãra. bango dãnu. bango dãna.,"Dans notre champ, il y a beaucoup d'arbustes pour circoncis."
Nourriture et boissons,"Wì bãru ta wɔri, u kù ra n maa kɔberun bɛrum mɔ. bãra bãnu.","fruit du rônier. Celui sur qui tombe le fruit du rônier, il n'a plus peur d'une taloche."
Nourriture et boissons,Nim mu wɔru gba ga basɔ kua.,L'eau a creusé un trou pour en faire une cavité.
Nourriture et boissons,Bake u nim mɛ bãwa.,Baké a débarrassé les saletés de la surface de l'eau. 2inacc.
Nourriture et boissons,Wɔmu baagere gu gen sɔ̃ɔn beeru di.,sorte de fruit sauvage de couleur jaune; Que chaque singe mange le fruit jaune de son arbre.
Nourriture et boissons,Na nɛn beku yaba kɛ̃ ru kua.,J'ai donné mon vieux pagne en cadeau.
Nourriture et boissons,"bekura  bekunu, beka; Bɔna u win bekuru deewa. Bona a porté son pagne. A ka siin bekuru do bù wɔ̃ ke.",Apporte son tissu au teinturier.
Nourriture et boissons,U win bibu yaa berisia.,Il a envoyé ses enfants vendre de la viande à la criée dans le village.
Nourriture et boissons,U da u yaa beruma.,Il est allé cacher la viande puis est revenu:
Nourriture et boissons,"Weke ten beun diya nim mu yarimɔ. Yè ya ku ra beu/boỏ ko, ya ku ra kɔre.",C'est de la fissure de la marmite que coule de l'eau. Ce qui ne fait de fissure ne se casse :
Nourriture et boissons,"bɛɛribu 'action de planer'; Mì yabereku ga yaa waamɔ, miya ga ra bɛɛri. kasa ya bɛɛrimɔ.",NDev: planer au-dessus. Le charognard plane là où il trouve de la viande. l'épervier plane.
Nourriture et boissons,"Gunɔ gen bɛɛribu bu kpã yam mi, su da su wa.","Cet oiseau plane trop de ce côté, allons voir ce qui se passe."
Nourriture et boissons,Gisɔra sa ko gbee kpaa ten bɛɛru tore.,C'est aujourd'hui que nous allons attaquer la première partie du nouveau champ.
Nourriture et boissons,Ben tasu su bɛm kua gisɔku gèLeur igname a beaucoup donné cette année. Gbãa yen bɛm mu wɔɔra.,"lame d'une hache, d'une houe ou d'un couteau. La lame de la hache est sortie du manche."
Nourriture et boissons,"Bana u dãa bɛ̃ ramɔ. Nɔɔ gè Gusunɔ u bɛ̃ ra, ga ǹ dim biamɔ. Worun baaba u man gĩa kɛ̃ ru bɛ̃ ra. kurɔ mɔro u kpee yi bɔru bɛ̃ ra.","Bana fend du bois. La bouche que Dieu a fendu trouvera toujours à manger. Hier, le père de Woru m'a fait un cadeau qui dépasse les limites raisonnables. mettre des condiments de façon exagérée dans la sauce, dépasser la dose. La ménagère a mis trop de sel dans la sauce."
Nourriture et boissons,Bii mɛro u soru bɛre. U tìm bɛre daaru sɔɔ.,La nourrice a préparé de la bouillie. jeter du poison dans l'eau pour tuer les poissons. Il a mis du poison dans le marigot.
Nourriture et boissons,U guroni bɛresi sɔ̃ɔ nim mɛsɔɔ.,Elle a ajouté la poudre de gombo sec àl’eau de soumbala au feu.
Nourriture et boissons,Bururun di tan bɛ̃ saa na di.,Depuis le matin je n'ai mangé qu'un morceau d'igname.
Nourriture et boissons,Na bɛsɛkunu duura nɛn gberɔ.,arbre à fruits comestibles. J'ai planté des bridelia dans mon champ.
Nourriture et boissons,Ben yaa ya bɛsɛgia bɔɔrum kere.,Leur viande est beaucoup moins cher que la nôtre.
Nourriture et boissons,Gunɔnguuru ta ra bɛsɛru di.,variété plante à fruits comestibles. Le rat mange ce fruit comestible.
Nourriture et boissons,Kurɔ wi u yina ù dãa ye bɛ̃ suku.,Cette femme a refusé de fendre ces bois.
Nourriture et boissons,Biɔnbii bɔru kpararu u gberu da. bii bɔru kparara. bii bɔru kparana,"Dans la maison de Bio, il y a beaucoup d'enfants de sa conjointe."
Nourriture et boissons,Bii mɛro u win bii bɔm kɛ̃ mɔ.,La mère allaite son enfant.
Nourriture et boissons,"Mɛ̀ bii swia ya nɛ, mɛna ya nɛ ba ka yabereku marà.","Tel est le moineau aujourd'hui, ainsi qu’il était quand le charognard naissait."
Nourriture et boissons,"Gros, immense, énorme. Biɔ uka win dokiri dãa bĩiru daawa. Wom kowo wi u dɔkɔ bĩiru mɔ.",Ce chanteur a une voix rauque.
Nourriture et boissons,"Nà n dĩa ni kpa, kaa nì binɛ ko.","Si je finis de préparer ce repas, tu auras envie de le manger. ."
Nourriture et boissons,"U win dĩanu di kpuro u man bira. Sa wuko gberenu kana, u sun bira.","Il a mangé toute sa nourriture sans rien me donner. refuser de donner. Nous avons demandé du maïs au cultivateur, il ne nous en a"
Nourriture et boissons,Mɔɔ birà sa ko di tɛ̃ ?,lequel? quel? Lequel des akassa allons-nous manger maintenant?
Nourriture et boissons,Woru ka Biɔ ba dĩanu birana.,Worou et Bio ont refusé de se donner de la nourriture.
Nourriture et boissons,"Kpaarun sɔ̃ɔ mi, birekunu nu yiba.","Dans la forêt à côté du village, il y a beaucoup de petites biches."
Nourriture et boissons,"Baa bireru tàn buram nɛ amɔ, ta ǹ kpɛ̃ tu nim nɛnɛ.","Le panier a beau être joli, il ne peut contenir de l'eau. oc."
Nourriture et boissons,Bɛɛn biru wurabu bu man dua gem gem.,Le fait que vous ayez reculé m'a fait beaucoup mal.
Nourriture et boissons,"Bom mùn wãa, kon soru nɔ.",S'il y a du lait je vais boire la bouillie. .
Nourriture et boissons,Mare u win bom bwãaru bɛkii uka kparabu dɔɔ. bom bwãara. bom bwãanu. bom bwãana.,"Sa gourde de lait en bandoulière, le Peulh va paître les boeufs."
Nourriture et boissons,"Bom mùn yam sãra, mu ra faani gɔsiewa.","Déposé jusqu’au lendemain, le lait frais se transforme en lait caillé."
Nourriture et boissons,"Boo ni, nu wekeru nɔɔkpɛ̃ɛ.",Les cabris ont mis leur museau dans le canari. .
Nourriture et boissons,Gbabu kɔnnɔwɔwa ba ra bòo gire.,On installe la jarre à eau devant la cuisine.
Nourriture et boissons,Boo buu gen wuri yu wɔnwɔndu kua.,Les cris du chevreau font pitié.
Nourriture et boissons,Boo kaaru ta numa.,La calebasse à puiser s'est immergée.
Nourriture et boissons,Sɔkura yikogii ura boo yaa sa ù ka win sɔkuru dɔra.,La vendeuse d'igname pilée prépare la viande de cabri pour vendre son igname pilée.
Nourriture et boissons,U bori keewa yiu koo ka tam ko.,Il a séché le mil germé.
Nourriture et boissons,"À n ka nim bakam dweemɔ, kaa bori.","disparaitre. Si tu joues avec de grandes eaux, tu vas périr."
Nourriture et boissons,Bɔnu kowo u ku ra win baa bie.,Celui qui fait les partages ne se prive Si tu dis que celui qui partage la viande n'aura :
Nourriture et boissons,Bɔ̃ɔ yiira ga na ga bɛsɛn gue go. bɔ̃ɔ yèruwa. bɔ̃ɔ yèrusu. bɔ̃ɔ yèrusa.,Un chien vagabond est venu tuer et manger nos poulets.
Nourriture et boissons,U ka win barɔ bɔɔka kua.,Il a consenti beaucoup de dépenses pour sauver son malade.
Nourriture et boissons,Worun tɛndu ta bɔɔkira.,L'arc de Woru s'est cassé en plusieurs morceaux.
Nourriture et boissons,Baa à n mɔru bbaraa ku wunɛn gama bɔɔku.,"Même si tu es faché, ne casse :"
Nourriture et boissons,U dĩanu böra da win kpaasin yɛnuɔ.,Il est allé parasiter son voisin.
Nourriture et boissons,"U binɛ mɔ, à n dera u yara, u koo bɔri.","C’est un glouton, si tu le laisses sortir, il va parasiter le repas des autresinacc."
Nourriture et boissons,ì kun doo kue sere bii ù bɔribu da.,Si vous ne cuisinez
Nourriture et boissons,U dãa te bɔtana u sere dɔ̃ɔ doke.,Il a découpé le bois avant de le mettre au feu.
Nourriture et boissons,"Gbãa ye, ya ǹ kpɛ̃ yù dãa bĩi te bɔtiri.",Cette hache ne peut :
Nourriture et boissons,"Yãki u win gum bua u kpa. À n bannu bannu barɔ, a gbeafu wurusu buo anɔ.","battre un liquide avec les mains. Yanki a fini de battre son beurre de karité. extraire l’essence de feuilles, en les écrasant avec les mains dans l'eau, malaxer, triturer. Si tu as la dysenterie, triture les feuilles de goyave pour boire."
Nourriture et boissons,Na gunɔn guu ten wɔru dɛki buesi.,J’ai obstrué le trou du rat de morceaux de bois.
Nourriture et boissons,"Sà n sɔ̃ɔ gen bubenu wa, sa wuu turuku kuawa.","Si nous voyons la ligne d'horizon de la forêt, nous arrivons au village."
Nourriture et boissons,U nim tìm bùe.,Il a saupoudré l’eau de médicament. buè. buè. buèyo
Nourriture et boissons,"Yè kurɔ wi u dweebu dua, win yɛnugibu ba nùn buki kua n banda. distribution d'argent. Kurɔ kpaa yaa bi sɔɔ Sabi u buki kua n banda.","Quand cette femme est entrée dans la danse, les gens de sa maison lui ont fait beaucoup de cadeaux. . . Au cours des festivités du mariage, Sabi a distribué beaucoup d'argent."
Nourriture et boissons,Sina bibu ba koo kĩasu ka gobi buki ko.,Les princesvont donner du tissu et de l'argent aux danseurs et aux griots.
Nourriture et boissons,Nim mɛn bumbu bu koo sɛ̃ sia.,Il sera difficile de maintenir en équilibre cette eau.
Nourriture et boissons,"A sere nim mɛbumɛ, a kaa piibuu ge teyo sãa sãa.","Avant decouvrir l'eau avec une petite calebasse pour l'empêcher d'éclabousser,il faut bien laver la petite calebasse."
Nourriture et boissons,U nim mɛ bùmia u sere mɛ̀ wisi boowɔ.,Inv1) débarrasser l’eau de ce qui la maintenait en équilibre. Elle a débarrassé l’eau de la petite calebasse qui la maintenait en équilibre avant de la verser dans la jarre.
Nourriture et boissons,A nim mɛ bumma mù ku raa paari.,"Couvre l’eau pour qu’elle ne balance , Base:"
Nourriture et boissons,Win nim mɛmu koo bunda.,Son eau peut être couverte.
Nourriture et boissons,Sii u man nim mɛ bundi.,Il a recouvert mon eau contre mon gré.
Nourriture et boissons,U som mɛ burina ka nim.,"mélanger, amalgamer. Elle a mélangé la farine à l’eau."
Nourriture et boissons,Ba kɔkɔru nim bunsi.,On a enfermé un insecte dans l’eau avec une petite calebasse.
Nourriture et boissons,Ba man tirasi kua ba man nim bunsia.,Ils m'ont forcé à recouvrir l'eau.
Nourriture et boissons,Tenku u naa bura dwa .,Le commerçant a acheté une jolievache.
Nourriture et boissons,yãa buranu.,De beaux vêtements.
Nourriture et boissons,kurɔ wi u gisɔ mɔɔ burabu kua.,Cette dame a préparé un akassa de bonne qualité aujourd'hui.
Nourriture et boissons,Wuu gen swaan buram mu banda.,La route qui mène dans ce village est très belle.
Nourriture et boissons,Ben baawere u buraru kua tɔ̃ɔ bakasɔ̃ nu. burara 44 burasi buriri,Chacun d'eux s'est fait beau le jour de fête.
Nourriture et boissons,"A nim sɔ̃ kama, su ka mɔɔbu buri.",Apporte de l'eau pour délayer de l'akassa.
Nourriture et boissons,Ben dii bi bu koo burira ka bom bekum.,Leur pâte peut être délayé avec du lait frais. .
Nourriture et boissons,Bii u win tundo dibu buriri diitiru sɔɔ.,L’enfant a délayé la pate 45 buriri bururasia contre le gré de son père dans le récipient de repas. .
Nourriture et boissons,A man yaa yen buro wĩɔ.,Donne-moi une partie de la viande.
Nourriture et boissons,"Yè beku te ta bururrama, u te kɔsa. Yè gari yi yu bururama, yera sa den yin nɔni wa.","Quand ce pagne a commencé à se déteindre, elle l’a changé. s’éclaicir , se démêler. Au fur et à mesure que la question se démêlait, nous avons vu de plus en plus clair."
Nourriture et boissons,U buturu so win wuswaawɔ.,Elle a passé de la poudre blanche sur son visage.
Nourriture et boissons,Bɔ̃ɔ gɔbu ge ga boo buu dɔma. Dãa buu baagere ga wãa kara ye sɔɔ.,"buna, bìna. Ce chien méchant a mordu un chevreau. On trouve dans ce jardin tous les fruits."
Nourriture et boissons,"A yè bɛrio wunɛn búu bɔkuɔ. búu baku/búu bɔku [búu baku/búu bɔku]aisselle. Daa ten mi, sa nim dua sere búu bɔkuɔ. búu wɔri / bũnu wɔri. búu wɔri]être saisi par un esprit. Tɔn diro ku ra bũnu wɔri kam kam.","Cache-le sous ton aisselle. U yè búu baariIl l'a pincé dans son aisselle búuwa. Dans ce marigot, nous avons eu de l'eau jusqu'au niveau des aisselles. Un homme ordinaire ne tombe ."
Nourriture et boissons,Na sɔku bũuru kɔ̃ .,J’ai jeté un grumeau d’igname pilée. .
Nourriture et boissons,Sa bwia gba daa tora sɔɔ.,Nous avons creusé un trou d’eau dans le courant du marigot. .
Nourriture et boissons,Sa ra bwãa yɔrɔ nim yibie su ka gberu da.,Nous mettons de l'eau dans une gourde au long cou pour aller au champ.
Nourriture et boissons,Bwãabwãabunu 48 bwɛɛ̃ ganutia bwãara/ bɔ̃ru nu bii wi kuni. bwãabwãabuwa. bwãabwãabunu. bwãabwãbuna.,Les moucherons fourmillent autour de l'enfant.
Nourriture et boissons,Kpee yi yu bwãara.,La sauce s'est gâtée.
Nourriture et boissons,Win bwɛ̃saya densure.,Il est guéri maintenant deson allergie.
Nourriture et boissons,Bii u nim bweru wɔri.,L’enfant est tombé dans une eau profonde. .
Nourriture et boissons,bwɛrɛmbwɛru ta ra sɔki ma. Le bwɛrɛmbwɛruproduit des gousses bwɛrɛmbwɛra.,arbre dont le fruit ressemble à de petites calebasses.
Nourriture et boissons,Gbɛsɛra ba ka sun pɛrɛku kua. On nous a préparé de la purée avec le fruit d’une calebasse gbɛsɛra gbɛsɛnu.,foc:
Nourriture et boissons,"Ba ǹ dɔkɔ mɔ wuu mi, bwia ba rà take.",Ils n'ont bwìi. bwìiya.
Nourriture et boissons,"Daaru mi, swɛ̃ɛ yi bwiamɔ gem gem. Tɔbio u nim bwiamɔ. Wara u maa kpam gari yi bwiama ?","remuer du fond, s’agiter ou se secouer du fond. Dans le marigot, les poissons se secouent beaucoup du fond de la mare. susciter une palabre, une contestation. Qui a encore rappelé cette affaire ?"
Nourriture et boissons,Karaku ga nim bwiama.,Le crocodile a remué de l'eau depuis le fond.
Nourriture et boissons,"Yè kpera wɔri nim sɔɔ, yera nim mu bwiara.","Quand la pierre est tombée dans l'eau, l’eau a produit des ondulations. nég."
Nourriture et boissons,"Bii wi u bwisi kua tɛ̃ . Cet enfant est devenu très 51 bwisi kɛ̃ gbaakaru / gbãakaru intelligent 2) astuce, ruse, débrouillardise. Bwisiya ba rà ka nim wɔ̃ .",intelligence ; génie ; malice. Va: busi. C'est avec ruse qu'on grille l'eau.
Nourriture et boissons,Kurɔ mɔro u wokeru kɛramɔka gbĩɔ. gbĩɔwa  gbĩɔsu.,La ménagère racle la marmite avec une raclette.
Nourriture et boissons,Ba ra ka gbaka dãa sɔbeOn se sert du gbakapour transporter du bois. gbakawa gbaki gbakiya,calebasse plate pour transporter du bois ou autres.
Nourriture et boissons,"Bɛsɛn wuu gbankɔkɔɔwɔ, tɔmbu ba ra n yibaawa. Tɔnu ù n foto wii kpiriru kĩ, sere ù n gbankɔkɔ da .","Dans notre village, l'endroit où trône le chef est rempli du monde. bâtiments administratifs. Si quelqu'un veut faire une photo d'identité, il est obligé d'aller dans les bureaux administratifs."
Nourriture et boissons,Bɛsɛn baaban gberɔ gbeeku bɔ̃ nudabi. gbeeku bɔ̃ɔwa gbeeku bɔ̃ nu foc: gbeeku bɔ̃ na,"Dans le champ de notre père, il y a beaucoup de chacals."
Nourriture et boissons,Gbɛ̃ɛru sɔɔra ba ra nɛn dĩanu doke.,C'est dans un récipient en métal qu'on me met mon repas. .
Nourriture et boissons,"Mɔri yi, yi gbiira.","Le riz reste, il n' a"
Nourriture et boissons,"Na da mì yɛɛ yu rà nim nɔ, na yɔ̃ ra gbiringbiru, yaa gaa kùn maa nɛ. Gbiringbira uka gu. Il est mort de tétanos gbiringbira.","Je suis allé là où les animaux viennent boire de l'eau, j'y suis resté tout raide, aucun animal n'est venu. tétanos."
Nourriture et boissons,Daa kokaya nim gbera. U dɔ̃ɔ gura ka dãa komu. dãa komuwa.,Il n’y a plus d'eau dans le ruisseau. Il s’est servi de l’écorce sèche d'un arbre pour prendre du feu.
Nourriture et boissons,Na dãa pɔtira kĩ n ka sasaru ko.,Je cherche un poteau pour faire un grenier.
Nourriture et boissons,Daa wiru ta ku ra nim kpe. daa wira daa winu.,Une source ne manque jamais d’eau .
Nourriture et boissons,Sa dãa yiirun marum di yè sa taasoru da. dãa yiira dãa yiinu. dãa yiina,Nous avons mangé les fruits du petit arbuste aux fruits comestibles au cours de notre chasse . foc:
Nourriture et boissons,"Daadowa u Bwĩɔ swĩimarusinaa sɔɔ . daagin sooro [da›a›gìǹ sooro›]moustiquaire. Bwɛ̃ɛ yù n banda, kon daagin sooro sure. daagin soorowa daagin sooroba daagin soorobara.","Daado vient après Bougnon suivant le rang de naissance : S'il y a beaucoup de moustiques, je vais descendre la moustiquaire."
Nourriture et boissons,Bom mu dãakuma mu ka turuma mini.,Le lait a goutté jusqu'a arriver ici.
Nourriture et boissons,Win gbee bwãaru ta nùn nim 62 dãakusi daasi dãakuri.,Sa gourde d’eau qu’il amène au champ a ruisselé malgré lui.
Nourriture et boissons,Biɔ u nim dãakusia mì u dãru duura.,Bio a fait ruisseler de l'eau là où il a planté des arbres.
Nourriture et boissons,"A kaa te kɔruo, kpa nim mu ku maa dãara.",Ferme la calebasse pour que l'eau ne goutte plus.
Nourriture et boissons,Yɛm mɛn dãarabu bu dera bɔ̃ɔ ge ga wasara kua.,Le fait que ce sang ait coulé a beaucoup fait souffrir le chien.
Nourriture et boissons,Nim mu dãarama saa dãasi wɔllun di mu ka turuma mì na kpĩ.,L'eau a goutté depuis le plafond jusque là où je suis couché.
Nourriture et boissons,Tɔmbu ba dabi gisɔ wuu sɔɔ.,inv. être nombreux. Il y a beaucoup de monde aujourd'hui dans le village. phase:
Nourriture et boissons,laisser prendre tout. U dii bi so u dara. Wɔmu ga swaa sara darabi darabi.,darabi darabi [dàràbi dàràbi]marche cadensé des mamifères. Le singe a traversé la voie aux Foc :
Nourriture et boissons,Sabi u demunu sɔra ka dãru. dãruwa dãrusu.,Sabi a cueilli une orange à l’aide d’un bois fourchu .
Nourriture et boissons,Dãsa ya dibu do ya swia kere.,"Le gros haricot est bon à manger, mieux que le haricot ordinaire."
Nourriture et boissons,"Yè u sun debusiama, yera win dĩanu nu kɔmia.","Quand il a commencé à nous faire rassasier, sa nourriture est terminée."
Nourriture et boissons,U rà di n n kpã ù sere debu.,se rassasier. Il mange beaucoup avant de se rassasier.
Nourriture et boissons,Ba ku ra ka goo dèbun bararu bɔɔsie.,On ne dit :
Nourriture et boissons,Dɔkɔ 68 dendima derina nim dendibu biya bu buram bo.,Il est préférable d’utiliser l’eau de puits.
Nourriture et boissons,U man nɛn woburu dendiri.,Il a employé mon couteau malgré moi.
Nourriture et boissons,U gina gbia u win dĩanu denda.,Il a commencé par goûter sa nourritureinacc.
Nourriture et boissons,Kɔnɔ wi u win kɔ̃ɔ nɔɔ dɛ̃ɛra.,Le coiffeur a aiguisé ses ciseaux.
Nourriture et boissons,Direm mu ka sɔkuru do.,Le fruit du blighia sapida est bon avec l'igname pilée.
Nourriture et boissons,Dèbu ya yibaa win wasi sɔɔ.,Il y a beaucoup de taches sur son visage.
Nourriture et boissons,Sii boku te ta dɛbara.,Ce poteau de fer a été tordu.
Nourriture et boissons,Daa ten nim mu dɛburu sara. dɛburu gɔna [dɛburu gɔna]gendarme. Dɛburu gɔna u kɛkɛ yɔ̃ rasia.,L'eau de cette rivière dépasse les molets ; Le gendrame a arrêté une voiture.
Nourriture et boissons,Sa nim dɛɛram mɛn nɔrubu kĩ.,Nous voulons boire de l'eau potable.
Nourriture et boissons,Wobu te ta ǹ dɛɛre. Durɔ wi u ǹ dɛɛre gari yi sɔɔ.,inv. être propre. Ce couteau n’est 2) être innocent. Cet homme n'est
Nourriture et boissons,Kɔ̃ɔ gen dɛ̃ɛribu kùn nùn nɛnɛ.,Aiguiser ce couteau n’est pa urgent pour lui.
Nourriture et boissons,U wobu te nɔɔ dɛ̃ɛrisia.,Il a fait limer le couteauinacc.
Nourriture et boissons,Kɛkɛ bɛkɛ yu dɛɛru diira bwãaraawɔ. dɛɛru d¿‚ire. dɛ̃ɛrira / dɛɛrira[dɛ̃ɛrura/ dɛ̃ɛrira ]1. Wobu te ta nɔɔ dɛ̃ɛrira.,De gros camions se sont enfoncés dans un marécage. pouvoir être limé. Ce couteau a pu être limé.
Nourriture et boissons,U man nɛn wobru nɔɔ dɛ̃ɛriri.,Il a limé mon couteau malgré moi.
Nourriture et boissons,"U win kpaasi deka, ma ba dɔ̃ɔna. Na nim deka.",Il a touché son camarade et ils sont partis. prendre un peu. J'ai pris un peu d'eau. . .
Nourriture et boissons,Wuru si su dɛlla kpuro.,Les feuilles sont toutes tombées.
Nourriture et boissons,Ba nùn dĩanu dɛndasia.,Ils lui ont fait goûter la nourriture.
Nourriture et boissons,U da u win gberun sɔmbu dɛ̀ llasia.,Il a fait tomber les fruits du karité qui est dans son champ.
Nourriture et boissons,Barɔ u ku ra kpĩ ù di sãa sãa. U tɛtɛ toba u di . Ba wii yɔndo di.,"Le malade n'arrive 2) gagner, battre. Il a joué à un jeu de hasard, il a gagné . traiter de. On l'a traité de sorcier."
Nourriture et boissons,Ba nùn dĩa sunnu kua u di. dĩa sunna dĩa yĩrenu/ dĩa yinnu / [dĩa yinnu/ dĩa yĩrenu]nourriture froide. Dĩa yĩrenu niya ura dibu kã. dĩa yĩrena.,C'est de la nourriture chaude qu'on lui a servie a manger. Il aime manger de la nourriture froide.
Nourriture et boissons,Dĩanu nu kù ra n wãa gɔ̃ɔru tan tɔnu mö.,"Quand il y a de la nourriture, il ne faut :"
Nourriture et boissons,"Yè duma ya koo nùn sura , yerau dìbi kara.","Quand le cheval allait le renverser, il a disparu."
Nourriture et boissons,Gùnɔbu ga sɔ̃ diitondu wɔllɔ . dii tonda dii tonnu .,Un oiseau est posé sur le toit d’une maison .
Nourriture et boissons,"Barɔ wi, u dibu di bu kpã.",Le malade a mangé beaucoup de pâte diba.
Nourriture et boissons,Wɔnnu nu man nɛn gberenu diiri.,Les singes ont dérobé et mangé mon maïs.
Nourriture et boissons,Na gbɛ̃ɛte sɔɔdiisi.,J’ai mangé dans l'assiette.
Nourriture et boissons,Ba man tam wɔ̃ɔrasu diisia.,On m'a fait manger de l'igname grillée.
Nourriture et boissons,U man sɔkuru diiya.,Il a mangé l’igname pilée à ma grande satisfaction.
Nourriture et boissons,"Dim kĩro ù n dĩanu wa, u ku ra n tie. dim kĩrowa. dim kĩrobu. dim kĩroba.",bâfreur. Si le gourmand voit la nourriture il ne sait plus ce qu'il fait. .
Nourriture et boissons,Naakparo u win sabenu dio yakasɔ. 76 dio do,Le berger rejoint son troupeau aux champs.
Nourriture et boissons,A ku bè som biamɔ.,"Quand la nourriture sera prête, elle ne manquera :"
Nourriture et boissons,Direbu bu sãawa dãa tèn marum ba ra di.,"Blighia savoureuse, arbre sarriette. La blighia savoureuse est un arbre aux fruits comestibles."
Nourriture et boissons,Direm mu do ka sɔkuru.,"Le fruit du finzan est bon avec l""igname pilée."
Nourriture et boissons,U wumawa gbaka dira yè yaa ya kpa.,"Il est revenu la calebasse vide, quand la viande est terminée."
Nourriture et boissons,Nimdirum nɔrubu bu bwãa dobu mɔ .,Boire de l’eau simple est source de santé.
Nourriture et boissons,U bom mɛ tàmbu dirasi.,. Il a chassé de la main un insecte qui est tombé dans le lait. do cées).
Nourriture et boissons,Guan yaa ya ra n do. Woru ka Biɔ ba do nde bɔru ka tim.,inv. être doux. La viande du poulet est savoureuse. être en accord (plusieurs personnes). Woru et Bio s'entendent comme le sel 77 dò dokeri et le miel.
Nourriture et boissons,Kɛkɛ yen wɔruma ya ka tɔmbu dobonia naawa. doboniawa doboniaba doboniabara.,Le fait que cette voiture est renversée a beaucoup peiné les gens.
Nourriture et boissons,Dĩaninu tìm dokera.,On a pu mettre du poison dans ces aliments.
Nourriture et boissons,U man nɛn dĩanu tim dokeri. 78 dokesi dom yamia,Il m'a mis un poison dans ma nourriture.
Nourriture et boissons,"Sabin dokiri, bɛsɛn sunɔwa. dokiri yãnu/ kana yãnu [dokiri yãnu]présents pour la belle famille, dot. Ba ka gisɔ nɛn sesun dokiri yãnu na bɛsɛn yɛnuɔ. dokiri yãna.",C'est notre chef qui est le beau-père de Sabi dokiriwa. Ils ont apporté aujourd'hui dans notre maison la dot de ma soeur.
Nourriture et boissons,Na bii be kpee dokusia.,J'ai fait manger la sauce aux enfants.
Nourriture et boissons,"Bɛsɛ baatɔmbun mi, tɔn kurɔba ba ra doo ko.","Chez nous les baribas, ce sont exclusivement les femmes qui font la cuisine."
Nourriture et boissons,"Yè na koko ye tím duke, yera ya dora. Yè Bɔni ka win kurɔ ba sanna, yera ba kpa ba dora. Quand Boni et sa femme se sont disputés, ils ont fini par s'entendre.","Devenir bon, doux, agréable, commencer à plaire. Quand j'ai mis du miel dans la bouillie, elle est devenue bonne à boire. s'entendre (pour plusieurs personnes), se réconcilier."
Nourriture et boissons,Ba kpee yi bɔru doke ba ka yi dorasia. Tɔn geeba ben gari yi dua ba bè dorasia. U kɔ̃ɔge nɔɔ dorasia.,Ils ont mis du sel dans la sauce qui l'a rendue douce. réconcilier. Des personnes sages se sont mêlées à leur problème et les ont réconcilés. Il a aiguisé le outeau.
Nourriture et boissons,Dii dɔka ya man wunana.,La bouchée de pâte m'est passée de travers.
Nourriture et boissons,Nim mu kua dɔkɔ dɔkɔ.,L’eau est devenue tiède.
Nourriture et boissons,Dɔkɔn turaru ta ku ra nim kpe.,La margelle du puits ne manque jamaisd’eau autour d’elle.
Nourriture et boissons,Binɛn sɔ̃ na tɔnu u rà dɔkɔnu di.,C'est par gourmandise que l'homme est amené à manger cette plante.
Nourriture et boissons,Badɔm sɔra bɛsɛn gberɔ.,On a cueilli les fruits de néré dans notre champ.
Nourriture et boissons,Dɔma te sa dum dabiru wa.,"Ce jour-là, nous avons vu beaucoup de chevaux."
Nourriture et boissons,Win dokiri kpaarun diya bɔ̃ɔ ga wii dɔmma uka wuma.,Il s'est fait mordre par un chien chez ses beaux-parents et il est revenu.
Nourriture et boissons,"Bake, a do a dɔ̃ɔ go. Gasɔ, tire tè tɔnu u kĩ kpuro, sere ù dɔ̃ɔ go.","Baké, va éteindre le feu2) graisser la pâte, corrompre, donner un pourboire. Autrefois, si quelqu'un voulait un papier, il devait donner un pourboire. dõö go."
Nourriture et boissons,"À ndɔ̃ɔ goobu yina, ba ǹ nun nɔɔrimɔ. dɔ̃ɔ gooba.","Si tu refuses d'éteindre le feu, on ne s'occupera 2) action de donner un pourboire."
Nourriture et boissons,Bii piimunu nu ra dɔɔnu nɔrubu kã.,Les enfants aiment bien boire la pâte du mil pétri. Il a vendu sa bicyclette assez cher.
Nourriture et boissons,"Tɔn ben yaa ye sɔɔ, dɔraraa ya wãa.","Dans la viande de ces gens là, il y a celle qu’on peut vendre."
Nourriture et boissons,U gari kua sere u win dĩanu duarisi.,finir par oublier dans. . Il a tellement parlé qu’il a oublié son repas.
Nourriture et boissons,Duuru bɛɛku ga ra n sãki mɔ.,Le hérissonest couvert de beaucoup de piquants.
Nourriture et boissons,"Yè u gari yi nua, yerau kĩ ù duka se.","Lorsqu’il a appris l’affaire, il voulait prendre la fuite."
Nourriture et boissons,Gunun kɛkɛ kɔrabu bu wii dukiri sɔka gem gem.,L'accident de Gounou lui a fait beaucoup de chagrin.
Nourriture et boissons,Woru kùn kĩ bù win nim duku.,Woru ne veut :
Nourriture et boissons,"Yaarun baaban dum kaa ye, ya ra ka bɛntɛ wɛ̃ re.",Le cheval blanc du père de Yarou est très beau quand il a son harnachement dum kaawa.
Nourriture et boissons,Na di na kpaa sere dumma.,J'ai fini de manger avant que tu n'entres ici.
Nourriture et boissons,"Duurubɛɛku, kasan dĩana.",Le hérisson est la nourriture de l'épervier.
Nourriture et boissons,Yãki u win dwaa tundo nim swɛ̃ɛya u wobura.,Yanki a chauffé de l'eau au père de son mari et il s'est lavé.
Nourriture et boissons,Sa ko yaa dwe yaburɔ.,Nous achèterons de la viande au marché. nég.
Nourriture et boissons,"Yè bii wɛ̃ɛ te ta di ta deba, yera ta doyama.","Lorsque le bébé a fini de boire son lait, il a commencé par dormir."
Nourriture et boissons,Karabosi ya rà yaa dwiiyasie kpee sɔɔ. F - f fa,La papaye ramollit la viande dans la sauceinacc.
Nourriture et boissons,"Sa ra ka wa, baa mùn sãa bom fãani.","Nous arrivons à en trouver, même si c'est du lait caillé."
Nourriture et boissons,À n wunɛn kɔnɔ faara wwaa wunɛn búu nim doke. Bom fàarawa sa rà dwe Mare Worun gaawɔ. Minin gbee sɔma ya faara sãa. Faara dio kù ra kã bù ka wii di.,"gratuit, gratis. Si tu trouves un coiffeur gratis, tu lui demandes de coiffer aussi ton idole. bon marché. Nous achetons du lait à bon marché dans le campement de Maré Worou. 3) facile. Ici il est facile de faire les travaux des champs. fàarawa faara dio [faara dio]parasite, piqueassiettes, qui aime la facilité. Celui qui parasite un autre n'aime :"
Nourriture et boissons,"Bɛsɛn gberɔ, swĩini yu dabi.","Dans notre champ,il ya beaucoup de criquets. firinfiriku / fifiru / firu firun petite chauve souris."
Nourriture et boissons,"95 fita fɔrɔtɔ /fɔɔtɔ Bè ba yãaru koka, ba ben finti mwa, ba da ba wɔ̃ɔwa.","Ceux qui ont dépecé le mouton ont pris leur part, ils sont allés la cuire à la braise."
Nourriture et boissons,"Yaa yè ba sɛ̃ɛwaa mi, yera Sani u fita.",C'est la viande qu'ils ont mise à fumer que Sani a coupée un peu.
Nourriture et boissons,"Yè na sɔmburu wuma na ka kiraru na, yera na bii be fitama.","couper un petit morceau et apporter. Lorsque je suis revenu du service, j'ai apporté du gâteau que j'ai coupé en petits morceau pour les enfants."
Nourriture et boissons,Yaa ye ya fitara.,Le morceau de la viande a pu être coupé.
Nourriture et boissons,U man nɛn yaa ye fitari.,Il a coupé ma viande contre ma volonté.
Nourriture et boissons,Na yaa ye fitasi wekeru sɔɔ.,J'ai coupé la viande dans la marmite.
Nourriture et boissons,Na yaa ye fitasia.,J'ai fait couper la viande.
Nourriture et boissons,Ba yaa ye munda fiti fiti.,Ils ont coupé cette viande en petits morceaux.
Nourriture et boissons,Sɛ̃ɛ foko ga kɔ̃ɔre dii gãarɔ.,Unecoquille vided’oeuf est jetée derrière la chambre.
Nourriture et boissons,Gambarusu su ra fura nɔrubu kã.,Les haussa aiment boire les boules de sorgho diluées.
Nourriture et boissons,Bɔni u furɔ kpɔɔ dwa.,Boni a acheté un chapeau neuf. fùröwa›.
Nourriture et boissons,"Gunɔ gagu ga yɔ̃ɔwa furururu, ga da ga sura sere mìn toma daarun bɔkuɔ.",bruyamment. Un des oiseaux a volé bruyamment et est allé se poser loin près du marigot.
Nourriture et boissons,Bɔni u bom ka gasaru dwa gaawɔ.,Boni a acheté du lait et du fromage au camp peulh.
Nourriture et boissons,"Yè wi ka win bɛɛrɛ ba gari mö, yerau nùn gãare.","Quand son grand-frère parlait avec lui, il lui parlait violemment tout en s'approchant de lui. nég."
Nourriture et boissons,"Bà n sikaba marà, Gadowa ura swĩ.","Après la naissance des jumeaux, c'est le Gado qui suit."
Nourriture et boissons,A ku wunɛn nɔma gaki. A nim gãki.,Ne tends 2) tendre un récipient pour recueillir de l'eau. Nous avons recueilli de l'eau.
Nourriture et boissons,A ku tɛrɛ ni gam. N’essore 2) traire. Mare ura bom gam bùruru.,"Le matin, le peulh trait le lait."
Nourriture et boissons,Bom mɛ mu gamara.,Le lait de cette vache a pu être trait.
Nourriture et boissons,U man bom gamari.,Il a fait traire le laitcontre mon gré.
Nourriture et boissons,Mare u win bii bom gamasia.,Le peulh a fait traire le lait par son fils.
Nourriture et boissons,"Naa ye, ya gambu sɛ̃ .",Il est difficile de traire du lait de cette vache là.
Nourriture et boissons,A dea bom mɛ gamɛ kaa te sɔɔ.,Il faut traire le lait dans cette calebasse.
Nourriture et boissons,A dea man bom gamɛya nɛn kaaru sɔɔ.,Trais le lait pour moi dans ma calebasse.
Nourriture et boissons,A nɛɛ Mare Woru ù bom gamma ù ka na. Gɔɔbi u koo ka yaa gamu ko gisɔ .,Dis à Mare Worou de traire du lait et de l'apporter. gamu ko[gàmú ko‚]Rencontrer au hasard. Gobi va rencontrer par hasard une bête aujourd’hui :
Nourriture et boissons,Kɔ̃ su su ra gan binu kã.,Les chauve souris aiment les fruits du ficus.
Nourriture et boissons,A koto yarama su 101 gandia gannisia nim gãri.,Sors une calebasse pour recueillir de l'eau de pluie.
Nourriture et boissons,"Ade a man nim gãria , gura yàn nɛmɔ.",Recueille pour moi de l'eau de pluie.
Nourriture et boissons,Gunɔsu su bɛsɛn gandu di kpuro.,Ficus vallis-choudae. Les oiseaux ont mangé tous les fruits de notre ficus.
Nourriture et boissons,Ba man nim ganuri.,Ils ont barré le chemin pour que l'eau ne vienne :
Nourriture et boissons,Na nɛn mare wi boo gamwa.,J'ai trait du lait à mon peulh pour mon compte.
Nourriture et boissons,Dĩanu nu ǹ gare gina.,"inv. être sur le point de, prêt à. . . Le repas n'est"
Nourriture et boissons,Ba nɛɛ goo ù ku böka gãre. aku wunɛn bàra te gãre.,On n’a refusé aux gens de recouvrir les amulettes avec de la peau.
Nourriture et boissons,Durɔ wi u rà gari saari. Na ǹ gari yi yɛ̃ . Mɛna búugii win gari yu sãa.,"L’hommelà parle beaucoup. affaire, sujet. Je ne connais 3) histoire. Ainsi est l'histoire du féticheur."
Nourriture et boissons,Win bɔka ye ya gãrura.,Son talisman a pu être cousu.
Nourriture et boissons,Ba man nɛn tireru gãruri.,Ils ont cousu mon livre.
Nourriture et boissons,Na nɛn tireru garusia.,J'ai fait coudre mon livre.
Nourriture et boissons,Gasɔ gura ya ra bure ya n kun na. Gasɔ wi ràa durɔ burɔwa.,Autrefois il était beau.
Nourriture et boissons,Na tasu mɔ gberɔ gem gem. Gura ya gĩa na gem gem.,"J'ai beaucoup d'ignames aux champs. vraiment, sérieusement. Il a plu sérieusement hier."
Nourriture et boissons,A do a duman yakasu gɛ̃ a yi. Ba ku ra nim gɛ̃ ba kun swɛ̃ɛ go.,Va chercher du foin pour le chevalet dépose. vider ou enlever l'eau d'une mare. On ne vide pas l’eau d’une mare sans tuer de poissons
Nourriture et boissons,"Sa bɛsɛn dobi gɛ̃ɛbu torua. Ba gɛ̃ɛbu da daarɔ, ba swɛ̃ɛ go dabi dabiru.","Nous avons commencé à récolter notre mil. pêche. Ils sont allés pêcher au marigot, ils pris beaucoup de poissons."
Nourriture et boissons,A ku wunɛn yaberu gɛ̃ɛku.,Ne déchire :
Nourriture et boissons,Nɛn furɔ ga gɛ̃ɛra. gĩa 'déchirer'.,Mon chapeau est déchiré. .
Nourriture et boissons,Ba man nɛn mɔri gɛ̃ɛri.,Ils ont moissonné mon riz malgré moi.
Nourriture et boissons,À kun kĩ bù nun ggɛma daa kam kam de. Si tu ne veux Na win kɛ̃ɛte gɛma.,"Je n'apprécie pa son cadeau, il n’est"
Nourriture et boissons,Bom mɛ mu gɛriara.,Le lait a été écumé.
Nourriture et boissons,Sibu ba man bom mɛ gɛriari.,Ils ont écumé le lait contre mon gré.
Nourriture et boissons,Kaate ta gɛrura daarɔ.,La calebasse a pu flotter sur l'eau à la rivière.
Nourriture et boissons,Na kaaru gɛrusia nim wɔllɔ.,J'ai fait flotter la calebasse sur l'eau.
Nourriture et boissons,Wunɛ ka win gianaa ya koo bɛɛrɛ ko.,"Si vous pouvez vous connaître, ce sera beau."
Nourriture et boissons,U gãa dabiru giasi tire te sɔɔ.,Il a appris beaucoup de choses dans le livre.
Nourriture et boissons,"Yè durɔ wi u tam nɔra u kpa, yerau gidda.","Quand cet homme a fini de boire, il est en train de tituber."
Nourriture et boissons,Gisɔ ba koo bɛsɛn wuun tuuta gira. Gisɔ ba gbɛnɔ gira bɛsɛn wuuɔ.,"Aujourd'hui, ils vont fixer le drapeau de notre village. chasser, pourchasser, poursuivre. Aujourd'hui ils ont poursuivi un voleur dans notre village."
Nourriture et boissons,"Tɔn be, ba gobi di wɔru ge sɔɔ too.",Ces gens ont dépensé beaucoup d'argent pendant ces festivités.
Nourriture et boissons,A win wiru wa nde goo bɛ̃ sa. goo bɛ̃ saa. Goo bararu ta wuu dua. Ba ku ra goo bekuru yinɛ bu yen buram kasu. goo beku- 113 goo bero gooru ra. Goo bero tɔnawa ura wɔru gen sɔmburu ko.,"Voyez sa tête, on dirait un morceau de vieille pirogue. injure): goo bararu [goò bararu]maladie de poule. La maladie des poulets est arrivée dans le pays. goo bekuru/ gorun bekuru [goo bekuru]linceuil. On ne cherche :"
Nourriture et boissons,Goo nimku ga ra n wãa nim wɔ̃ ku gia.,Le bateau est habituellement dans la mer.
Nourriture et boissons,Goo yaa ya ka sɔkuru do.,La viande de poulet est bonne avec l'igname pilée.
Nourriture et boissons,Na nɛn goo geeru dɔba. goona 114 gòoru gɔba,J'ai ramassé un beau collier.
Nourriture et boissons,Gɔna ya dera ba ǹ yaa baasi waamɔ.,C'est à cause de la peau que l'on ne voit :
Nourriture et boissons,Tenkuba ba ka naa gɔ̃ɔ doona. Boo gɔ̃ɔ giruwa ga dua nɛn sãa gbaarɔ.,Les commercants ont emporté le troupeau de bœufs. C'est tout un troupeau de cabris qui est entré dans mon champ d'arachides.
Nourriture et boissons,"Gɔɔkpeeru sɔɔ, samaa ya ra mɛnnɛ.",Pendant lesdernières cérémonies mortuaires beaucoup de gens se rassemblent.
Nourriture et boissons,"Bà kun gɔɔ teɔ kue, ba ku ra gɔrin yãnu bɔnu ko. Tɔn ben gɔɔ woo te sɔɔ ba nim gɔ̃ɔru kua too. gɔɔ wɔru/ sìku wɔru [gɔɔ wɔru]tombe, fosseavant l'enterrement. Ba sìku wɔru ge sɔɔ dãa tɛria.","Si on ne fait : woòru‚]cérémonie mortuaire, rassemblement de gens à la maison pendant une semaine après l'enterrement. Pendant leur cérémoniemortuaire, ils ont souffert du manque d'eau. Ils ont étalé du bois dans la tombe vide."
Nourriture et boissons,"Ba ku ra gɔri dãa sare, ba ra ye sɛɛnɛwa. gɔri dãa. gɔri gunɔ / bii swia [gɔri gunɔ]moineau. Gberɔwa ba rà gɔri gunɔsu wa.",On ne passe : On trouve les moineaux dans les champs.
Nourriture et boissons,Unɛn nim mɛ gɔrisia mì ba do mö .,Il a fait mettre mon eau auprès du foyer. . .
Nourriture et boissons,Na wunɛn duma ye gɔ̃ ru wãa sere ka tɛ̃ . gɔ̃ ru yɔwanu/ gɔ̃ ru yaayanu [gɔ̃ ru yɔwanu]mémoire. gɔ̃ ru yɔwana.,aimer beaucoup. J'aime beaucoup ton cheval jusqu'à maintenant.
Nourriture et boissons,"Bwĩyɔn gum bweebuu ga ra n wã. gum kɔburu / gum kɔɔsu [gum kɔburu]: Bà n gum mö, ba ra gum kɔburu wĩɛwa bùyari.","Le petit canaris pour beurre de karité de Bougnon est habituellement beau. déchet des noix de karité aprè la fabrication du beurre. Quand on fabrique le beurre de karité, on enlève les déchets à jeter."
Nourriture et boissons,"Su gunaa ko, nim mɛ mu ku doona.",Faisons un barrage pour que l'eau ne passe guni.
Nourriture et boissons,Gunɔ kpandun yaa ya rà n do. gunɔ kpanda gunɔ kpannu.,La viande de l'agoutis est bonne à manger.
Nourriture et boissons,"Gunɔ sɛnku ga wura gù gbi gen buun sɔ̃ . gunɔ sokuru [gùnɔ› sòkuru]nid d'oiseau. Dakidaka buu ge, ga wɔruma saa gen gunɔ sokun di. gunɔ sòkura gunɔ sòkunu.",Le rat gris accepte de mourir pour son petit. L’oisillon du dakidaka (oiseau) est tombé de son nid.
Nourriture et boissons,"Gùnɔku wì u ku ra yellu se, wiya sirenu nu ra kãsi. Le gardien du champ de maïs qui ne se lève Gunɔnu ma:",garder le maïs contre les oiseaux.
Nourriture et boissons,Baru temɔ gberenu tɔnawa ba rà gùnɔnu ma.,Au pays bariba c'est pour le maïs seul qu'on chasse les oiseaux.
Nourriture et boissons,Biɔ ura win tundon gberenu gunɔnu ma.,Bio garde le maïs de son père contre les oiseaux et les singes.
Nourriture et boissons,Gurowa u kpaon sɔro. Mɛɛru gurowa u kpam wurama.,C'est l'ancien qui est le devin du nouveau. Lancien maire est revenu gurowa›.
Nourriture et boissons,"Gurekuwa sa mɔ sa ra ka karasi dɔre. guru tãraru [gurí tãraru‚]goutte de pluie. Gura ya koo nɛ, yen tãraru ta kpɛ̃ a. guru tãrara guru tãranu. guru tãrana","Nous avons un entonnoir en calebasse pour vendre le pétrole. Il va pleuvoir, il tombe beaucoup de gouttes de pluie."
Nourriture et boissons,"Guru maaki ni, nu kpɛ̃ a, gura ya koo nɛ. guru tumkpɛ̃ ru / tumkpɛ̃ɛru [gúrú tumkpɛ̃ɛru]grosse pluie. Gin teerun gura ye, ya tumkpɛ̃ ru kua. guru tumkpɛ̃ ra. guru tumkpɛ̃ nu. guru tumkpɛ̃ɛna. guru tumkpokoru [gúru tumkpokoru‚]grosse pluie. Gin teerun gura ye ya tumkpokoru kua. guru tumkpokora gúru tumkpokonu. gúru tumkpokona","Il y a eu beau- coup d'éclairs, il aura pluie. La pluie d'avant-hier était une grosse pluie. La pluie d'avant hier a été très forte."
Nourriture et boissons,Yìsɔ miya ba ra ka yarari sunɔn dĩanu de.,C'est à la boucherie que l'on apporte la nourriture du chef boucher.
Nourriture et boissons,Swaa kãanun dabiru ta ra de tɔnu ù torawa wuu sɔɔ.,Beaucoup de carrefours font que les gens s’égare dans la ville.
Nourriture et boissons,Mɔri yin kabiribu bu fuuku kua.,Vous avez vite démarié le riz.
Nourriture et boissons,"A dĩa ni muro a kãka, na ǹ kpe.","Diminue la quantité nourriture servie, sinon je ne peux :"
Nourriture et boissons,Na den wasira ka dii kãkuru.,Je suis fatigué de la pâte rassise.
Nourriture et boissons,A man gɔɔrɔ kama ye wɛ̃ɛma mi.,Donne-moi le morceau de cola.
Nourriture et boissons,A yinaa man gɔɔrɔ ye kama.,Tu as refusé de me couper un bout de ta cola. .
Nourriture et boissons,"Gɔɔrɔ kambu gè a man kã mi, gera ga gari yi mɔ.","Le petit morceau de cola que tu m'as donnéc'est lui qui apporte ce problème. kàmbu voyou, vaurien. Tu n’es qu’un vaurien !"
Nourriture et boissons,Ba yaa baasi kanana.,Ils se sont mutuellement demandé de la viande.
Nourriture et boissons,Win wobu kararu ta gɛ̃ɛra.,Sonfoureau de son couteau s’est déchiré.
Nourriture et boissons,"Gɔnan kãseru tàn bɔɔra, ya koo",pan du manteau.
Nourriture et boissons,"Gisɔku gè, kon soo kasiri.","Cette année, je vais labourer un nouveau champ."
Nourriture et boissons,Ba sòo kasiribu da.,Ils sont allés défricher un nouveau champ d’igname.
Nourriture et boissons,Ba man nɛn dĩanu kawari.,Ils ont diminué ma part de nourriture.
Nourriture et boissons,Dĩa ni nu ǹ kpã mɛna uka kawasi.,. . Il a diminuéla quantité de nourriture bien qu’il en avait peu.
Nourriture et boissons,"Gasɔn wɔndia bàn di ba kpa, ba ra raa kawoo yaawa sere wɔ̃ kurun bɔnu.","Autrefois quand les filles ont fini de manger, elles font lekawoo jusqu'à minui kawowa."
Nourriture et boissons,"Sa tasu gba su dabi, ma u sun wigisu kɛ̃ɛsi.","Il a récolté ses ignames, il y en avait beaucoup et il nous les a données."
Nourriture et boissons,"Bii wi, u kparuba kɛ̃ ka taara.",. . L'enfant a piétiné un morceau de verre cassé. kñka. kñkiya.
Nourriture et boissons,A ka kaa kɛ̃ ka na.,Apporte un morceau de calebasse.
Nourriture et boissons,A ku kɛke a ka di.,Ne mange nég.
Nourriture et boissons,kɛkɛ bimiɔ kɛkɛ kpookpooru [kɛkɛ kpookpooru]moto.,nég.
Nourriture et boissons,Worun baaba u man gĩa kɛ̃ ru bɛ̃ ra.,Le père de Worou m'a fait des cadeaux.
Nourriture et boissons,Gbɛ̃ɛ kɛsɛnu sɔɔra u sun dĩanu dokeya.,C'est dans un bol sale qu'il nous a donné à manger.
Nourriture et boissons,Yararibu ba kɛtɛ kinɛru go. kɛtɛ kusu [kɛtɛ kusu]plante.,Les bouchers ont abattu un taureau. Stylochiton lancifolius (Aracées).
Nourriture et boissons,Kɛtɛ nia ya yen buu bom kɛ̃ mɔ. kɛ̀ tɛ̀ nia.,La vache donne du lait à son veau.
Nourriture et boissons,"Kiaru ta wãa, gobi sari.","Il y a beaucoup de marchandises, mais il n'y a :"
Nourriture et boissons,"Yènɛn nuki yu man tɛmamɔ, yera na kibari.","Lorsque j'avais eu mal au ventre, je me suis couché à plat ventre."
Nourriture et boissons,Ba nùn kibarisia.,On l'a obligé à se mettre à plat ventre.
Nourriture et boissons,U nim mɛ kibe boo sɔɔ.,Verse l'eau dans la jarre.
Nourriture et boissons,Nɛn kire bwèebu ga ǹ kire mɔ. kìre bwèebunu kìre bwèebuna,Ma boîte d'antimoine est vide. nég.
Nourriture et boissons,Ba ra ka nɛmun gɔna kirika ko.,On fabrique la corde de l'arc avec de la peau de biche.
Nourriture et boissons,Dim kĩro u ku ra n yɛ̃ u koo debu.,Celui qui aime manger ne sait qu'il va être rassasié.
Nourriture et boissons,Koka ya nim yiba sere mu nɛn taka di. kokiya kokeja tulungu [kokeja tulungu]Steganotaenia araliacea,Le cours d'eau est rempli d'eau au point qu'il a envahi mon champ d'ignames.
Nourriture et boissons,"À n naa koku da, kaa yaa wa.","Si tu vas là où on dépouille le boeuf , tu auras de la viande."
Nourriture et boissons,"Baa dãa komu gàn tɛɛmɔ nim sɔɔ, ga ǹ kpɛ̃ gù karaku gɔsia.","Même si l'écorce de l'arbre séjourne longtemps dans l'eau, elle ne deviendra jamais un crocodile."
Nourriture et boissons,Kona ya ra dòodo di.,La genette mange le fruit du néré.
Nourriture et boissons,Kookira ya ra n nɔni burɛ mɔwa.,Les yeux du boa sont beaux.
Nourriture et boissons,A nim sɔkama ka kotobuu.,Puise de l'eau avec une petite gourde et apporte.
Nourriture et boissons,Tam kowo u u ku ra sɔbu bie.,La fabricante de boisson a toujours des étrangers.
Nourriture et boissons,Bɛsɛn tundo u kaanu sɔmwa ka win kɔ̃ keru.,Notre père a arrangé ses calebasses avec son couteau recourbé.
Nourriture et boissons,Nɛn kɔköru ta kare nim sɔɔ.,Mon crochet est tombé dans l'eau.
Nourriture et boissons,"Yaa ye, ya kökɔru mɔ.",Il y a un ver dans la viande.
Nourriture et boissons,"Kɔ̃ kɔru sɔɔra, dɔma kowo ura nim doke. kɔ̃ kɔra kɔ̃ kɔnu.",Le sacrificateur met de l'eau dans une calebasse.
Nourriture et boissons,"U yina bu win seri nim doke, mɛna ba ka wii kɔnisi.",". . Il a refusé de mettre de l'eau dans ses cheveux, ils l'ont rasé malgré cela."
Nourriture et boissons,Na kɔ̃ɔkeru bia n ka nɛn koto gɔ̃ wa.,Je n'ai :
Nourriture et boissons,Kɔɔra ya nim yiba.,Le fleuve Niger est remli d'eau.
Nourriture et boissons,Ado a nim tora ye kɔria.,Vas déboucher le passage de l'eau.
Nourriture et boissons,Ba kɔrɔ sɔmmɔ su ka koko nɔ. kɔ›rɔwa kɔ›rɔnu.,Ils font frire de l'igname que nous mangerons en buvant de la bouillie.
Nourriture et boissons,"Maasɔ wi u wuu dumma, u ǹ gina win kɔrɔm pote.","Le cavalier qui vient d'arriver au village, n'a :"
Nourriture et boissons,Win bwãa te ta kɔsikira.,Sa gourde s'est brisée en plusieurs morceaux. .
Nourriture et boissons,"Yè yaa ye ya kɔ̃ sima, yerau sere yè sɛ̃ɛwa.","Quand la viande a commencé à pourrir, il l'a mise à fumer."
Nourriture et boissons,Ba dĩa ni kɔ̃ sisia.,Il a fait pourrir la nourriture.
Nourriture et boissons,"Tangana ye yàn wɔruma, ba koo yè taaku bù kɔsuku.",Le bol de faïence est tombé et il risque d’être piétiné et réduit en mille morceaux.
Nourriture et boissons,Durɔ kɔ̃ suru ta nim kɔ̃ suru nɔrumɔ .,Un homme laid boit de l'eau sale.
Nourriture et boissons,"Nɛn gua ye, ya bii buranu kɔwa.","éclore, couver. Ma poule a éclo de beaux poussins."
Nourriture et boissons,Ba man nim kubasia.,Ils m'ont fait renverser de l'eau.
Nourriture et boissons,U nim mɛ kube wekeru sɔɔ.,Il a renversé l'eau dans la mar- mite.
Nourriture et boissons,Ba duki kunda.,se lever ensemble (oiseaux; Ils se sont dispersés.
Nourriture et boissons,Sa ko yaa kunum dwe yararin mi. U gobi mɔ yu kunum mɔ.,On va acheter la chair de la viande chez le boucher2) grande quantité. Il a de l'argent en grande quantité.
Nourriture et boissons,À n kuraa kkpaa ka kaa kɛ̃ ka guro.,Si tu as fini de balayer ramasse avec le morceau de calebasse.
Nourriture et boissons,Kùri kùri ya sobu mɔ too. kùri kùriwa kùri kùriba. Bibu ba ra kuri kuri kã.,"Le cobaye est très turbulent. kuri kuri [kuri kurí]Gâteau, galette d'arachides. Les enfants aiment les galettes d'arachides."
Nourriture et boissons,"Sà n gberu dɔɔ, ka ra n kùsenu nɛnɛwa.","Quand nous allons au champ, nous avons toujours notre provision d'eau."
Nourriture et boissons,ba win kure te kusie nim sɔɔ.,Défais le colis dans l'eau.
Nourriture et boissons,Dɔkɔ kaaru ta wwɔria kuura kasuma.,"Le seau est tombé dans le puits, cherche un crochet."
Nourriture et boissons,U ku ra maa yaa tem.,Il ne mange plus de la viande.
Nourriture et boissons,Ba ra ka maasoku kĩasu bure.,On coupe le tissuà l'aide des ciseaux.
Nourriture et boissons,Dãa ten marum mu bɔɔru.,Les fruits de cet arbre sont gros.
Nourriture et boissons,"Mare wi, u koo ka bom bekum na sia.",Le peulh va amener du lait frais demain.
Nourriture et boissons,Mare sìkura ba ra wasangari bibu kue.,C'est dans le tombeau de forme rectangulaire qu’on inhume les princes wasangaris.
Nourriture et boissons,Dãa marum sɔribu kùn faara.,On ne cueille :
Nourriture et boissons,Bii u masa tema u nuki kua kɛkɛkɛ.,"L'enfant a mangé le gâteau de maïs, son ventre est rempli."
Nourriture et boissons,Sekobu ba ra ka mataraka sisu so.,Les forgerons se servent du marteau pour battre le fer.
Nourriture et boissons,"Nim mɛ, mu kpã. Tam mɛ mu doCet alcool est bon.","ce, cet, cette. Cette eau est abondante."
Nourriture et boissons,Ba Mɛɛru kpao kua bɛsɛn wuuwɔ. mɛɛruwa mɛɛruba mɛɛrubara.,Ils ont élu un nouveau maire dans notre village.
Nourriture et boissons,"Mɛ̀ n nɔ a nim mɛ sɔ̃ kkan de tura. mɛn nɔru [mɛn nɔru]enfin, finalement. Iyɔ̃ ro mɛn nɔru.","Autant tu as pris cette eau, cela suffit. Arrêtez-vous finalement."
Nourriture et boissons,Na nɛɛ a ka nimmɛnɛ na.,"celui-ci, celle-ci. Je t’ai dit d'apporter cette eau."
Nourriture et boissons,"Ba mɔri ka swii mɛnna. Yè sa mɛnna kpuro, ma ba tɔnu yiru gɔsa be ba koo sun bɔsum yɔ̃ siri.","On a mélangé le riz au haricot. se réunir. Quand nous nous sommes tous réunis, ils ont choisi deux personnes qui vont nous accompagner à la chasse."
Nourriture et boissons,U man tam ka nim mɛnnari.,Il a dilué le vin à l'eau contre mon gré.
Nourriture et boissons,Ba yaa ye yikua ya ye mɛrɛ mɛrɛ. kpaaru sĩa ginakun di.,Ils ont mis la viande du cochon au feu et c'est bien cuit. Boni est allé dans son village maternel depuis l'an dernier.
Nourriture et boissons,Bom mɛ mu man mwɛnyari.,Le lait est devenu aigre.
Nourriture et boissons,Kurɔ win mɔɔ nim mɛna sa nɔra. Nous avons bu lemɔɔ nimde cette femme.,C’est une eau agréable à boire.
Nourriture et boissons,Yam susurun sanamma mɔɔbu bu ra n dibu do.,"C’est au temps de la chaleur, qu’il est bon de manger de l'akassa."
Nourriture et boissons,Sa ǹ mɔri duure.,riz cultivé. Nous n'avons
Nourriture et boissons,Nim mɛ mu kpã.,Il y a beaucoup d'eau. compl. 3ème pers.
Nourriture et boissons,"À kun tìm naanɛ sãa, aku mɛ̀ muku.",N’ingurgitepas un produit en poudre dont tu ignores la provenance.
Nourriture et boissons,"Sanam mɛ̀ na swii mɔ, nɛn bibu ba ra mukutunnu kã.","Quand j'avais du haricot, mes enfants aimaient manger le haricot bouilli."
Nourriture et boissons,Sa tasu murana.,Nous avons coupé l'igname en morceaux.
Nourriture et boissons,"Yarari u yaa mura ya bɔɔru. Biɔ, aku nɛn gari yi mura.","Le boucher a découpé la viandequ’il vend à bon prix . donner son opinion sur une question (aider à expliquer. Bio, je te demande de ne nég."
Nourriture et boissons,U man yaa murasia.,Il m'a fait couper de la viande.
Nourriture et boissons,Muratuu gera uka sallu mura.,Il s’est servi du petit couteau rond pour couper la peau.
Nourriture et boissons,Kirarun musa yè ya tie yè ba di ba kpa.,Le morceau de pain qui reste après qu'ils eurent fini de manger.
Nourriture et boissons,Ba ra naa bo gum sawe . naa boo guma.,naa bo gum / naa gum [naà boo gum]beurre issu du lait. On peut passer le beurre issu du lait sur le corps.
Nourriture et boissons,Na buu ga ku ra kparabu de.,Le veau ne va .
Nourriture et boissons,Mare u win naa kinɛru kɔ̃ . naa kɔɔbuu/ naa kɔburu / naa kɔɔru,Le peulh n’a :
Nourriture et boissons,"Su wa mɛ̀ win yɛ̃ ru ta saka nɛ. Nɛ ka wi sa gunum nɛ. Ka nɛ, être moindre. Bɛsɛn sɔmburu te ta ka nɛ.","être égal, être au même niveau, équivaloir. Voyons jusqu'où va sa connaissance. Lui et moi nous avons la même taille. Notre travail est très réduit."
Nourriture et boissons,Win bom mu nɛgim buram kere. Nɛgia kùn wunɛgia.,Son lait est plus beau que le mien. Le mien n'est :
Nourriture et boissons,Nɛm wɔ̃ kunu daa kua bɛsɛn gbeawɔ. nɛm wɔ̃ kuwa. nɛm wɔ̃ kunu. nɛm wɔ̃ kuna.,Une biche noire a fait beaucoup de dégâts dans nos champs.
Nourriture et boissons,"Mì sùunu ga taara, miya nɛmu ga rà nim nɔ. Yè sa dõɔ mɛna da, yera nɛn bɔ̃ɔ ga nɛmu seeya.","Là où l'éléphant a marché, c'est là que la biche boit de l'eau. Quand nous sommes allés à la chasse, mon chien a poursuivi une biche."
Nourriture et boissons,A bii ben dĩanu yiiyo nɛnɛm. nɛnɛm nɛnɛmka / nɛnɛnka / nɛnnɛruka,Laisse de côté la nourriture des enfants.
Nourriture et boissons,Ania ka werem a sere di.,Lave-toi les mains avant de manger.
Nourriture et boissons,A man nim sɔkama ka nikitiru. Nikitiru yɛnu yɛ̃ rowa. 182 niku nim tora :,Prends-moi de l'eau dans lenikitiru. La calebasse qui sert à prendre de l'eau dans la jarre est le chef de maison.
Nourriture et boissons,"Sà n gberu dɔɔ, sa ra n bɛsɛn nim sɔɔwawa. yari gɔbo ura tɔnu gobi bɔkurewa ka nim.","Quand nous allons au champ, nous emportons de l'eau. intérêt. L’usurierprête de l’argent avec intérêt."
Nourriture et boissons,"Nà n wuma gberun di, na ra nim faaru nɔ.",brevage de bouillie ou d'akassa très dilué et agréable à boire. Si je reviens du champ je bois mon breuvage de bouillie.
Nourriture et boissons,Keu bibu ba sun dweebu naawa sàa nim nɔɔ gian di. nim nɔrutiru / nikitiru [nim nɔɔtiru]calebasse pour boire de l'eau. A man nikitiru kɛ̃ɛma.,Des élèves sont venus depuis les rgions au bord de la mer pour nous égayer. Donne-moi une calebasse pour boire de l'eau.
Nourriture et boissons,"eau à boire, eau potable. A man nim nɔruram sɔ̃ kaama. nim kpakpayɛ [nim kpakpayɛ]canard armé. Nim kpakpayɛ ba sumɔ sa nɔɔmɔ.","Les canards armés crient, nous les entendons."
Nourriture et boissons,Ba sun nim sum swɛ̃ɛya sa ka wobura.,Nous nous sommes lavés avec de l’eau chaude.
Nourriture et boissons,Nim tĩa ya bɔɔ bɛsɛn bera gia. nim tĩa. nim tĩi. nim tĩiya.,Le cours d'eau est fort de notre côté.
Nourriture et boissons,nim yĩremma.,eau froide.
Nourriture et boissons,Yabe niɔnɔ nu buram bo.,ces autres làbas. Les autres habits (qui sont là-bas) sont plus beaux.
Nourriture et boissons,N ǹ weenɛ bibu bu tam nɔ. N ǹ weenɛ bibu bu sigaari nɔ.,Il n'est 2) fumer (la cigarette). Il n'est :
Nourriture et boissons,"Ba nùn nɔm bua diisia. nɔm buroku / gɔm bùroku [nɔm buroku]avant-bras. nɔm wĩiru/nɔm gbindu [nɔ¹ 184 nɔm karabuu nɔni du gbiǹdu‚]poignet. Duma ya wi sura, ma u win nɔm gbindu bua.",On lui a fait manger du poison. Le cheval l'a fait tomber et il s'est cassé le poignet de la main.
Nourriture et boissons,"Nɔɔ bɔkurun saa, goo ku ra dĩanu dɔre. nɔɔ bɔkunu nɔɔ bɔkuna.","Pendant le mois du ramadan, personne ne vend à manger."
Nourriture et boissons,nɔɔ gbinigibu les autorités. nɔɔ dera / nɔɔ dɛ̃ɛra[nɔɔ dera‚]1. Seko ura woburu nɔɔ dere ka saasaa.,Le forgeron aiguise le couteau avec une lime. action:
Nourriture et boissons,"Bii wi u nɔɔ do. Wì u gari mö mi u nɔɔ do. Wobu te ta nɔɔ do. Yɛ̃ ku ye ya nɔɔ do. nɔɔ dobu [nɔɔ dobu]: Wobu ten nɔɔ dobu. Mban nɔɔ doba mɛra, bii wunɛ. nɔɔ dobugii [nɔɔ dobugii]bavard. Nɔɔ dobugii ku ra kpanɛ u samaa sɔɔ gari gere.","inv. int. Cet enfant est bavard. Celui qui parle a une voix qui perce. être tranchant (instrument qui coupe). Ce couteau est tranchant3) être piquant (piment). Ce piment est très piquant. tranchant. Ce couteau est tranchant. facilité de parole, fait d'être bavard. Pourquoi es-tu si bavard ? Le bavard n'a :"
Nourriture et boissons,Biɔ u win kɔ̃ɔ nɔɔ dorasiamɔ. U kɔ̃ɔge nɔɔ dorasia.,Bio est en train d'aiguiser son canif. Il a aiguisé le couteau.
Nourriture et boissons,"Nima durɔ wi nɔɔ gɛ̃ɛ, sere uka nɔɔ mari. nɔɔ gɛ̃ɛ.",Il ne faisait que demander de l'eau jusqu'à ce qu'il se taise.
Nourriture et boissons,"Nɔɔ gàn nɛra, sa ko suunu sɔbe. Ces gens tɔn be, ba nɔɔ nɛra tɛ̃ , goo kun maa ka goo sikirinamɔ. Tontonden diya guunu nu rà n nɔɔ nɛ.","Si nous nous entendons, nous pourrons porter ensemble un éléphant entier. Ces gens-là ce sont accordé le pardon ils ne se discutent plus. être égalisé à la même hauteur, au même niveau. C'est de loin que les montagnes ont une vue rectiligne."
Nourriture et boissons,"Seko ura woburu nɔɔ so ka saasaa. Àn nùn nɔɔ so, koo nun sɔ̃ mɛ gari sãa.","Le forgeron aiguise le couteau avec une lime. faire parler, tirer les vers du nez. Si tu le fais parler, il te dira comment est l'affaire."
Nourriture et boissons,Sa nɔra bia su ka tam nɔ.,Nous n'avons :
Nourriture et boissons,"Yén nɔra mì. Mì wɔrun nɔru, miya binɛn nɔru.","C'est tout. Là où le trou s'arrête, c'est là que l'envie de viande s'ar- rête aussi."
Nourriture et boissons,Tam nɔrubu kun bɛɛrɛ mɔ.,Boire de l'alcool n'est :
Nourriture et boissons,A doo yɛnuɔ a nim nɔruma kpaa wurama.,Va boire de l’eau à la maison et reviens. .
Nourriture et boissons,Nim mɛ mu koo nɔrura.,Cette eau sera bue.
Nourriture et boissons,Ba man tam mɛ nɔruri.,Ils ont bu mon chapaloà mon insu.
Nourriture et boissons,Daa te sɔɔra sa nɔrusi wuu giru.,. . C’est dans ce marigot que tous nous buvonsau village.
Nourriture et boissons,A dea bii wi nim nɔrusia. Sɔɔ ben kpaa yɛ̃ ro u bè tam nɔrusia.,Fais boire cet enfant. L'hôte de ces étrangers les a fait boire de l'alcool.
Nourriture et boissons,A man nɔrutiru kãma.,Donne-moi une calebasse pour boire.
Nourriture et boissons,"Yãa ni, nu kĩ nù bɛsɛn gberenu tem.","le, la, lui, les. Ces moutons veulent 191 nua nuku yarabu manger notre maïs."
Nourriture et boissons,"Na nim nɔra too, nɛn nuki yiu siirimɔ.","avoir des nausées. J'ai bu trop d'eau, j'en ai des coliques."
Nourriture et boissons,"Gisɔku ge, nuku tɛmaru ta dam mɔ bɛsɛn wuuwɔ.","Cette année, il y a beaucoup de maux de ventre dans notre village."
Nourriture et boissons,"Gĩan yaa ye, ya kɔ̃ sa, sere ya den numia.",dégager une odeur. La viande d'hier est gâtée jusqu'au point qu'elle sent.
Nourriture et boissons,"Wunɛn yaa ye yàn numiama, aku maa yè di.","Si ta viande commence à sentir, ne la mange plus."
Nourriture et boissons,Yaa ye ya numiara.,La viande a été sentie.
Nourriture et boissons,Ba man nɛn yaa numiari.,Ils ont humé ma viande.
Nourriture et boissons,Na gɔni yi mwɛɛra kaokoro. okorowa P - p,J'ai attrapé ces pintades avec un piège à oiseau.
Nourriture et boissons,U win turo pitasia.,Il a fait dénoncer son copain.
Nourriture et boissons,Gɔna ye ya pitiara.,Cette peau a puêtre tournée.
Nourriture et boissons,U win bararu gɔna potema.,Ila couvert de peau son tambouret est revenu .
Nourriture et boissons,"A dãa pɔtira burama, su ka sasara ko.",Coupe un morceau de bois pour qu'on érige des hangars. pötiria.
Nourriture et boissons,Kɔrɔkuɔ tɔmbu ba ra kpaakuma kã.,"A Parakou, on aime manger la peau du boeufs."
Nourriture et boissons,Kpãanɔ 198 kpaakpa agbɔ̃ kpakiasi kpɛɛnu nu dabi wuu sɔɔ. Kpãanɔ kpɛɛra. Kpãanɔ kpɛɛnu. Kpãanɔ kpɛɛna,Il y a beaucoup de toit de tôle en ville.
Nourriture et boissons,Win kɛkɛ ya nɛgia kpaaru kere.,Sa voiture est plus neuve que la mienne.
Nourriture et boissons,Marebu ba tii kpasa so bù ka tɔ̃ɔ bakaru da.,Les peuls appliquent de la poudre rouge sur la peau pour aller à la fête.
Nourriture et boissons,Nɛn kpaasi u win dokiri kpaaru da.,Mon ami s’est rendu dans le vilaage de ses beaux parents.
Nourriture et boissons,Nɛn wasi yu man kpaki ma na wobura.,démanger. Mon corps m’a démangé et je me suis lavé.
Nourriture et boissons,Nim mɛna uka win beka kpakia.,rincer. Ils’est servi de cetteeau pour rincer ses pagnes.
Nourriture et boissons,Yera a taasi kpakie nim buram mɛ sɔɔ ?,Et tu as rincé ces ignames dans l’eau propre ?
Nourriture et boissons,A kpam do a nùn wa ù n yanda.,Va de nouveau voir s'il s'est réveillé.
Nourriture et boissons,Bire yaba yàn nun mmaraa ku nɛɛ kpansokowa ya nun mara.,"Si un vieux panier t'a engendré, ne dis :"
Nourriture et boissons,Na kpana n kpakpa ye kɔra.,Je n'est pa pu casser le fruit de palmier.
Nourriture et boissons,Kpakpa ya wɔruma yen dãru wɔllun di.,Elaeis. Un fruit du palmier est tombé du haut de l'arbre.
Nourriture et boissons,Kpakpa agbɔ̃ yen nim kun do. kpkpa agbɔ̃ wa  kpkpa agbɔ̃ ba . kpkpa agbɔ̃ bara .,L'eau du coco n'est :
Nourriture et boissons,Kpakpayɛ ya ǹ nim gara. Le canard n'a Kpakpayɛ ba ra nim kɔsum ka.,Les canards aiment de l'eau sale.
Nourriture et boissons,kparubawa sa mɔ sa ra ka nim nɔ.,Nous avons une bouteille pour boire de l'eau.
Nourriture et boissons,Gbere gunɔku ba kparàbu dɔɔ. Wunɛn beku ten kparabu bu bɔbia.,cris pour chasser les oiseaux. Les gardiens du maïs vont chasser les animaux. action de secouer. Tu as trop secoué le pagne.
Nourriture et boissons,Kpasa ya gɔna mɔ yè sekobu ba ra kãbù ka bɔɔnu ko.,L'antilope a une belle peau que les forgeron aiment pour faire des soufflets .
Nourriture et boissons,"U kpee fundu tarimɔ, ù ka sirinu gira. kpèe goobu [kpèè goòbu]poule sauvage. Kpee goobu ga ku ra sĩ ge teu. La 203 kpee kɔbusa kpenu kasuku poule sauvage ne marche : kpèe goobuwa kpèe goobunu.",Il tresse une fronde pour chasser les oiseaux.
Nourriture et boissons,À kun bɔru gabo mmɔa ku kpee sãara wɔri kana. kpèe sãaraa  kpèe sãari. kpèe sãariya.,"Si tu n'as personne pour te protéger le nuque, ne provoque :"
Nourriture et boissons,"Döma tè sa ǹ yaa mɔ, kpee sösɔra sa ra ka di.",Quand on n'a :
Nourriture et boissons,"Yaa kun maa tie, kpee tɔm mu wãa.","Il n'y a plus de viande, c'est le jus de sauce de viande qui reste."
Nourriture et boissons,"À n nɔɔmɔ kpee yu do, kpee yãna nu yibaa. kpee yãna.","Si tu apprends que la sauce est bonne, c'est qu'il y a tous les condiments."
Nourriture et boissons,Ba man nɛn dibu kpeeri.,Ils ont fini de manger toute ma pâte.
Nourriture et boissons,U yaa ye murawa kpente kpente.,Il a coupé la viande en de petits morceaux.
Nourriture et boissons,Bɛsɛn tem tuuta ya nim kpesa mɔ. kpese wekeru/ kpeseburu [kpesè wékéru]marmite pour la sauce. Yaburɔwa ba rà kpese wekeru dɔre.,Le drapeau de notre pays contient la couleur jaune. C'est au marché qu'on vend la marmite pour la sauce.
Nourriture et boissons,A swãa ye nim kpɛ̃ɛma ana.,commencer à mettre dans. . et venir. Mets le poisson dans l'eau et viens.
Nourriture et boissons,"Yaanwii kpɛndu, be ba ǹ donnu mɔ, ben yaa mi.",La cervelle est conseillée surtout à ceux qui n'ont Lihatlah:
Nourriture et boissons,U wɛnya kpɛtɛ.,Il a beaucoup transpiré.
Nourriture et boissons,Kon nim kpia soo sɔɔ.,Je vais prendre de l'eau dans le seauinacc.
Nourriture et boissons,U dãa te bɔɔra kpiri kpirika.,Il a coupé le bois en menus morceaux.
Nourriture et boissons,U gunɔmunu gira ka kpurantɛɛru.,Il a chassé les petits oiseaux avec une fronde.
Nourriture et boissons,Saataburu bii mɛron sesera. saatabura  saatabunu saatabuna,Il est interdit à la jeune mère de manger de la viande de lièvre.
Nourriture et boissons,Mɔri saaki itawa sa dɔra.,Nous avons vendu trois sacs de riz.
Nourriture et boissons,A nɛɛ ù yaa ye saama ù ka na.,Dis-lui de préparer la viande et de l'apporter.
Nourriture et boissons,Yarufa u yellu seewa u saarɛ di ma u wure u kpuna.,"Alufa s'est levé tôt, il a pris le repas matinal et il s'est recouché."
Nourriture et boissons,"U man saarima, yerau yĩiyɔ ba koo maa wi suawa.","Quand il a commencé à m'imiter, il croyait qu'on allait le prendre aussi."
Nourriture et boissons,Seko ura woburun nɔɔ dere ka sàasaa.,Le forgeron rend le couteau tranchant avec une lime.
Nourriture et boissons,Na ku ra sãasãanu kã. Wɔmu ga rà sãasãanu di. sãasãana,"petites choses futiles, futilités. Je n’aime 2) nourriture nonhabituelle. Le singe mange de la nourriture inhabituelle."
Nourriture et boissons,Yellun tɔmbu ba rà ràa dɛmbɛru ko ka sallu.,Les anciens se faisaient des cache-sexe avec une peau.
Nourriture et boissons,Yarufa ba ku ra sàkɔ yaa tem.,La viande de sanglier est interdite aux musulmans.
Nourriture et boissons,Bɛsɛn sãku suabu bu kĩ bù saka sara. sãku suaba.,Notre façon de tuer les animaux sur les tombes dépasse la limite raisonnable.
Nourriture et boissons,Sãkuru ta ka pɛrɛku kobu do.,"igname femelle, igname ailée, igname blanche. La purée de l'igname blanche est bonne à manger."
Nourriture et boissons,"Sãkusã koo ka sun we, sãkusã, à n gɔbu, a turo sĩ. sãkusɛ̃ ya.","Le héron va nous ramener à la maison, héron, si tu es avare, tu seras tout seul."
Nourriture et boissons,"Saruru, tera ba ka wunɛn baranu kua.",Tes chaussures sont faites avec de la peau tannée.
Nourriture et boissons,Baaniwa ba ra ka saruru go. sasa kɔkɔru [sàsà kɔkɔru]bas d'une claie. Gabu ba ra doo ko sasa kɔkɔru sɔɔ.,Il y a un instrument pour tanner la peau. Certains font la cuisine au bas d'une claie.
Nourriture et boissons,Tɔn kurɔ u gbɛ̃ abwɛ̃ɛmɔ sasaru wɔllɔ.,La femme met des choses au dessus du grenier.
Nourriture et boissons,A dea dĩa ni se.,Evitede manger cette nourriture. sera.
Nourriture et boissons,U sãawa sɔkuru se.,Il lui est interdit de manger de l'igname pilée. ne : sera.
Nourriture et boissons,Bii u gobi kureru dɔba ma u da u semi gam.,Un enfant a ramassé un rouleau de billets de banque et est allé le cacher quelque part.
Nourriture et boissons,"À n sen burabu ddaa taa kɛbio, bù ku raa wunɛn taaru woburu mura.","Si tu vas à la circoncision, écarte tes jambes pour que le couteau ne coupe :"
Nourriture et boissons,Seko Saka u sɛɛku buranu kua.,Le forgeron Saka a fabriqué de beaux petits bracelets.
Nourriture et boissons,Goo yaa ye ya sɛ̃ɛra.,La viande de coq a été boucanée.
Nourriture et boissons,A nɛn yaa ye sɛ̃ɛsi wɔru ge sɔɔ.,Fais boucaner ma viande dans le trou.
Nourriture et boissons,Na boo ya ye sɛ̃ɛsia yù ku numia.,J’ai fait boucaner la viande du cabri pour qu'elle ne pourrisse :
Nourriture et boissons,Kurɔ win sɛkɛ ya do.,Cette femme prépare de la bonne viande à vendre.
Nourriture et boissons,Siikuro ga sòkuru kua dii gãarɔ.,L’oiseau jaune a fait son nid derrière la chambre.
Nourriture et boissons,Gabu ba ku ra yaa sɛ̃ wɛ bù sere saa.,Certains ne font :
Nourriture et boissons,Su boo dwe su ka sɛnsɛnga ko.,Achetons un cabri pour faire de la brochette de viande assaisonnée.
Nourriture et boissons,Na ǹ kpɛ̃ n sɛnsɛnga ko.,Je ne peux :
Nourriture et boissons,"Yè dãru ta nùn sɛ̃ rema , yerau yɔ̃ɔwa u suraa.","Lorsque le mur voulait tomber sur lui, il a sauté de coté."
Nourriture et boissons,Sɔkura sɛ̃ ri ka dim do.,"Oseille de Guinée, Roselle karkadé. Il est bon de manger l'igname pilée avec l'Oseille de Guinée."
Nourriture et boissons,Na tan wɔ̃ɔra si sɛsia na kokosu wĩa.,J'ai gratté de l'igname grillée en enlevant sa peau.
Nourriture et boissons,Sɛ̃ u ga dimɔ turuku mini.,Un renard est entrain de manger tout à côté.
Nourriture et boissons,"Dĩa ni, nu ǹ ka man naawɛ, na sia.",vomir. Ce repas ne convient :
Nourriture et boissons,Na wunɛn kɛ̃ɛte siara.,Je suis content de ton cadeau.
Nourriture et boissons,Sii kuro ga ra wɔki.,Le moineau crie beaucoup.
Nourriture et boissons,Sika kurɔ wi u mara.,La dame a fait des jumeaux.
Nourriture et boissons,"Siku gɔrɔrɔru, tera ba ra wasangari bii kue.",On fait une tombe allongéeau wasangari.
Nourriture et boissons,Yaaya yibaawa siki siki.,"Si c’est la viande, il y en a beaucoup."
Nourriture et boissons,Babɔ̃ɔ goru sikia ba 231 sikiabu simba tema.,Ils ont déterré le corps d’un chien pour manger.
Nourriture et boissons,Siku kãaru ta suremɔ. siku kãara. siku kãanu. siku kãana.,L’ancien tombeau est en train de s'enfoncer.
Nourriture et boissons,"Ye ba timgii wi sika ba kpa, yerau sikura.","ressusciter, sortir dutombeau. Quand ils ont enterré le guériseur, ilest ressucité."
Nourriture et boissons,sa bɛsɛn wuun sìkaa bana.,Nous avons bâti les tombeaux de notre village. sìkura. sìkunu. sìkuna›.
Nourriture et boissons,Biɔn yɛnuɔ tɔmbu ba yibaawa sim sim. sim sim [sim sim]Bridelia ferruginea (Euphorbiacées).,Il y a du monde dans la maison de Bio.
Nourriture et boissons,Bagirin baaba tɔnweron sina kɔna sɔɔ win sesu gobi di n banda.,"Quand on rasait la tête de l'oncle de Baguiri, sa soeur a beaucoup dépensé. dépensé."
Nourriture et boissons,Ba ka sira dɔ̃ɔ gura.,On s’est servi du morceau de poterie pour prendre du feu.
Nourriture et boissons,"Yè yaruwaasi u kĩ ù kurɔ sua, u sireena gea.","ne savoir que faire, aller de ci, de là. Quand le jeune voulait se marier, il s'est beaucoup promené."
Nourriture et boissons,À n daaru wwumaa siru ge nim yibio.,"Si tu reviens du marigot, tu mettras de l'eau dans la jarre."
Nourriture et boissons,"A nim mɛ kubo, sisi kinɛru ta wɔri sɔɔ.","Verse cette eau, un cancrelat est tombé làdans."
Famille et relations,"Domma ana? A nɛɛ a Biɔ wa u gberu dɔɔ. Ba man sɔ̃ɔwa mà wunaa nɛn bii so. Na kĩa man somi. Wunɛn baa nɛɛ ana, u nun maraa yɛnuɔ.","i. Quand es-tu venu? Tu as dit avoir vu Bio aller au champ. On m'a dit que c'est toi qui as frappé mon enfant. tu sujet du verbe au subjonctif : Je veux que tu m'aides. Ton père te demande de venir, il t'attend à la maison. sujet du verbe à l'impératif. Va!"
Famille et relations,bii abiikun kɔ̃ subu bu sɛ̃ .,"enfant survivant d’une mère, après une série d'enfants décédés. Tu vois ! Il est difficile d'élever un enfant qui naît après plusieurs enfants décédés."
Famille et relations,Ben wuun yabura adaamisi. Adaamisi sɔna bɛsɛn wuun yaburu.,Le jour du marché de leur village est jeudi. Le jeudi est le jour du marché de notre village.
Famille et relations,"Bii mɛron ade gbɛ̃ɛrɔ yarem ku ra kpe. Dans le canari d'une mère d'enfant, l'huile ne finit   ade gbɛ̃ɛnu.",n: t .
Famille et relations,A arem dokeo bii win swaɔ.,Mets de l'huile de palmiste dans l'oreille de l'enfant.
Famille et relations,Agirigirina bii wi u barɔ.,Cet enfant souffre des oreillons.
Famille et relations,Gin teerun alaamisiwa u na.,C’est le jeudi dernier qu’il est venu. .
Famille et relations,"Amɛn biru, win tundo u koo bandu di.","D'ici peu de temps, son père règnera sur le trône."
Famille et relations,Durɔ win amina yen tusanu wukura.,L'ornement du cheval de ce monsieur n'a plus ses pompons.
Famille et relations,"Gunuban baan ananawa ba kua gin teeru. Woru Yorun anana sɔɔ, win bibu ba beka kɛ̃ ru kua mi gem gem.","grande cérémonie d’enlèvement de deuil. C’est la cérémonie funéraire du père de Gunu et ses frères qui s’est déroulée avant-hier. distribution de dons aux griots au cours des funérailles. Pendant la cérémonie funéraire de Worou Yorou, ses enfants ont distribué beaucoup de pagnes."
Famille et relations,Anna wunɛn bii ? Alafia Comment va ton fils? anna yɛnu 'comment va la maison ? anna wunɛn kurɔ 'comment va ta femme ? anna wunɛn durɔ 'comment va ton mari ? anna a kpuna 'comment as-tu dormi ? anna a sɔ̃ɔsɔɔ kua 'comment passes-tu la journée'; Anna a yabe buraru wa ! anna n kuawa ?,comment va. . . ? '; anna bii 'comment va l'enfant ? '; anna bibu 'comment vont les enfants ? '; anna wasi 'comment va la santé ? '; '; '; '; anna a yoka kua 'comment passes-tu la soirée ? '. comment! quel . . . ! Quelle belle chemise ! Que se passe-t-il ?
Famille et relations,Annasara ben wuu ga toma.,Le pays des femmes ou hommes blancs est loin. . .
Famille et relations,Anuɔwa Bɔnin kurɔ ura ka kpee sa.,Ce sont les feuilles que la femme de Boni utilise comme aromatisant.
Famille et relations,Bii mɛron are gbɛ̃ɛrɔ arem kù rà kpe. are gbɛ̃ɛra. are gbɛ̃ɛnu. are gbɛ̃ɛna.,"t . petit canari pour pommade des enfants. dans le canari d'une mère d'enfant, l'huile de palmiste ne finit jamais."
Famille et relations,A arem dokeo bii win swaɔ.,Mets de l'huile de palmiste dans les oreilles de l'enfant.
Famille et relations,"Baa ǹ n tɛɛmɔ, aruwaasi yɛnu yɛ̃ rowa.","Tôt ou tard, le jeune finit par devenir chef de famille."
Famille et relations,I bii wi derio ka win atafiiru.,"Laissez cet enfant, il se moque des gens. ."
Famille et relations,Na nɛn bibun ayo mö.,J'ai de la sympathie pour mes enfants.
Famille et relations,"Ayɔru tàn tɔnu mö, u kù rà n tii mɔ. ayɔra na ka wii ayo kua.","Celui qui a la sorcellerie ne se possède Ne m'embête : Quand le père de Bio est mort, j'ai compati avec lui."
Famille et relations,"père, géniteur, papa. Bɔnin baawa u bii gɔrima. les oncles paternels, Na nɛn baaba tɔbiribu da. Kpuna n do baa.",C'est le papa de Boni qui a envoyé un enfant. Je suis allé saluer mes oncles paternels. Bonjour papa.
Famille et relations,Tɔn kurɔbu ba rà bɛ̃ɛ dewa.,Les femmes portent des perles aux hanches.
Famille et relations,U wãa win baa bɔru kpararun mi sere uka bukura. baa bɔru kparara. baa bɔru kparobu. baa bɔru kparoba.,Il est resté chez son beau-père jusqu'à un âge avancé.
Famille et relations,Nɛn wɔnɔ Saka u baa tim mɔ.,Mon jeune frère Sacca a l'art de bien parler.
Famille et relations,Sanin baayãkabuu ga wii sii duma dwia. baa yãkabuu. baa yãkabnu. baa yãkabuna.,L'oncle de Sani lui a acheté un vélo.
Famille et relations,"Baaba, ade sa n yɛ̃ mɛ̀ wunaa Gusunɔ.","Père, faisnous savoir que tu es Dieu."
Famille et relations,"Bɛsɛn baabaa u baabaa yɛ̃ kuba duura win gberɔ. Wunɛ a sanɔ, aǹ yɛ̃ yèn Mare Yɔ̃ɔ mö uka baaba yɛ̃ɛku sebua. baaba yɛ̃ɛkuwa. baaba yɛ̃ɛkuba. baaba yɛ̃ɛkubara.","liane réglisse. Notre père a semé des lianes réglisses dans son champ. Toi, tu es bien, tu ne sais :"
Famille et relations,"Yè ba gberu da, bibu ba bɔ̃ɔ binun nɔni baakia. baaya 'entrouvrir, écarter'; baakira 'être écarté plusieurs fois'.","Lorsqu'ils sont allés aux champs, les enfants ont entrouvert les paupières des jeunes chiots."
Famille et relations,Baaniwa ba rà ka saruru go. Ba biin boo sɔɔ baani doke.,arbre dont on emploie l'écorce pour tanner les peaux. C'est avec le baani que l'on tanne la peau. fruits utilisés pour le soin des plaies. On a mis le baani dans la plaie de l'enfant.
Famille et relations,"Yè bɛsɛn daarun nim mu den bãarama, yera ba nɛɛ ba koo bana se.",Ils ont attendu que l'eau de notre marigot commence à tarir pour dire qu'ils vont faire une construction.
Famille et relations,Seko bii wi u baaribu gia ka baku.,L'enfant du forgeron a appris àbien serrer à l’aide des pinces.
Famille et relations,Kurɔ kpao ka win durɔ ba baarina. Gbee kokonu nu baarina yè nu sannamɔ.,"La nouvelle mariée et son époux se sont serrés l'un contre l'autre. Les crabes se sont pincés, quand ils se querellaient."
Famille et relations,Ba bii wi gɔ̃ buru go sɛkum sere u baaru soora.,Ils ont sevré précocement l’enfant au point il souffre de troubles de croissance.
Famille et relations,"Bii wi u maro da, mi giau man baaru soorari.",Cet enfant est allé en ville et là-bas il a dépéri étrangement.
Famille et relations,Bii be ba babana.,se toucher l'un l'autre. Les enfants se sont touchés les uns les autresinacc.
Famille et relations,U man bii wi babari.,"A ma surprise, il a touché l’enfant, :"
Famille et relations,Yè win durɔ u gu yera ba wii sikuru babasia.,"Quand son mari est décédé, ils lui ont fait toucher la tombe."
Famille et relations,Bii win babiribu bu ra win mɛro dore.,"Lorsqu’on palpe son enfant, la mère est contente."
Famille et relations,"Kɛkɛ baka, kɛkɛ bɛkɛ (kɛkɛ bakanu).","Un grand camion, de grands camions."
Famille et relations,Bakewa u sãa bɛsɛn yɛnun tɔn kurɔ.,Baké est la seule femme de notre maison.
Famille et relations,Ba bii wi gana bakusiabù ka nunso.,Ils ont fait adosser l’enfant contre le mur pour le frapper.
Famille et relations,"Win debun bàn diru sɔɔra, bature ba tem dua.","C'est pendant que son grand-père briguait le trône, que les colons sont arrivés."
Famille et relations,Nɛna na nɛn mɛron bii Bɔna.,Je suis la deuxième fille de ma mère et de mon père.
Famille et relations,Nɛn debu u man barari.,Mon grand-père est tombé malade de façon inattendue.
Famille et relations,Seron kurɔ u batakunu dɔramɔ yaburɔ.,La femme de Séro vend des bottes au marché.
Famille et relations,"U be kpuro sokusia. U bè sokusia. Kurɔ bè ba wee, ba sãa nɛn wuugibu. Na sɔɔ bè wa gĩa.","Pers. . 3ème pers. Il leur a tous fait appel. qui, que. Les femmes qui viennent sont des femmes de mon village. — dém. Ces (démonstratif proche). J'ai vu ces étrangers hier."
Famille et relations,Su berana sian sɔ̃.,Rendons-nous visite pour maintenir les relations.
Famille et relations,Beranaa ya ra mɛro bisiru dam sosiwa.,Les visites réciproques renforcent les liens de familiarité.
Famille et relations,"A ka bii sinɔ, na beribu dɔɔ. 18 berima bɛɛgia beriba.","Reste avec l'enfant, j'irai vendre."
Famille et relations,Nɛn dwaani u man beriri.,Mon oncle est en train de s'aventurer contre mon gré. .
Famille et relations,U win bibu yaa berisia.,Il a envoyé ses enfants vendre de la viande à la criée dans le village.
Famille et relations,Woruwa u sãa nɛn bɛɛrɛ. bɛɛrɛwa bɛɛrɛba bɛɛrɛbara.,"w1) manière d'appeler son grand frère ou sa grande soeur, du même sexe. C'est Woru qui est mon grand frère."
Famille et relations,"Bii wi, u sun bɛ̀ɛrɛ doke. bɛ̀ɛrɛ doke.",Cet enfant nous respecte.
Famille et relations,Bii mɛro u win bii bɛwa.,Une mère tient son enfant de côté.
Famille et relations,Na dobo wi bii wi bɛkiari.,J’ai guéri l’enfant contre le gré du sorcier.
Famille et relations,"Gunun bɔrɔu nùn bɛkiasia. Yè u kĩ ù win bii yikuru bɛkiasia, u nùn karewa gberɔ u yake.","L’ami de Gounou l’a fait guérir. Pour guérir son fils de la paresse, il lui a attribué une grande surface de travail au champ."
Famille et relations,Kurɔ ka durɔ ba bɛkinɛ ba ka sĩimɔ.,La femme et son amoureux marchent corps contre corpsinacc.
Famille et relations,Bii wi u man bɛndari.,Cet enfant est tombé contre mon gré.
Famille et relations,Bii wi u swĩ uka bɛndasi.,L'enfant a pleuré et a fini par tomber. .
Famille et relations,"Bana u dãa bɛ̃ ramɔ. Nɔɔ gè Gusunɔ u bɛ̃ ra, ga ǹ dim biamɔ. Worun baaba u man gĩa kɛ̃ ru bɛ̃ ra. kurɔ mɔro u kpee yi bɔru bɛ̃ ra.","Bana fend du bois. La bouche que Dieu a fendu trouvera toujours à manger. Hier, le père de Woru m'a fait un cadeau qui dépasse les limites raisonnables. mettre des condiments de façon exagérée dans la sauce, dépasser la dose. La ménagère a mis trop de sel dans la sauce."
Famille et relations,Gunun kurɔ u sun dãa bɛ̃ rasi yɛnu yaaraɔ.,. . La femme de Gounou a fendu son bois sans se soucier de notre présence dans la cour de la maison.
Famille et relations,Bii mɛro u soru bɛre. U tìm bɛre daaru sɔɔ.,La nourrice a préparé de la bouillie. jeter du poison dans l'eau pour tuer les poissons. Il a mis du poison dans le marigot.
Famille et relations,Mare kurɔbu ba soru bɛrebu yɛ̃ .,Les femmes peulh savent préparer la bouillie.
Famille et relations,Bɛ̀ rɔ ga saãawa dãa tèn yaraa tɔn kurɔbu ba ra kã.,arbre dont les femmes utilisent les racines pour se curer les dents. Le cure- dents du terminalia est bien pour les femmes.
Famille et relations,Bɛsɛn bɔrɔu turuma.,notre. Notre ami est arrivé.
Famille et relations,Kurɔ wi u yina ù dãa ye bɛ̃ suku.,Cette femme a refusé de fendre ces bois.
Famille et relations,Nɛ ka kurɔ wi sa bɛsuna.,La femme et moi nous nous sommes querellés.
Famille et relations,Tɔn be ba man nɛn mɔɔ bɛsuri.,Ces gens ont réussi à énerver mon frère.
Famille et relations,u daa te bɛwa.,Il a longé le marigot.
Famille et relations,A mango bia ye suo a duure. Bii be ba nɛn sese bia kɔra. A man taba kpee bia kɛ̃ .,Prends le noyau de la mangue pour la mettre en terre. couvercle. Les enfants ont cassé le couvercle de ma marmite d’argile. petite pierre pour moudre. Donne-moi la petite pierre à moudre le tabac : .
Famille et relations,Biɔnbii bɔru kpararu u gberu da. bii bɔru kparara. bii bɔru kparana,"Dans la maison de Bio, il y a beaucoup d'enfants de sa conjointe."
Famille et relations,Bɔna kùn ki bù win bii mɛna.,Bona ne veut :
Famille et relations,"Kon bii tɔn durɔ mɛnabu da, un ka man wãa.",J’adopterai un petit garçon pour qu'il vive avec moi.
Famille et relations,Bii mɛro u win bii bɔm kɛ̃ mɔ.,La mère allaite son enfant.
Famille et relations,Bii sanu sanuru ta wɔruma. bii sanu sanuru bii sanu sanura. bii sanu sanunu. bii sanu sanuna .,Le petit enfant qui apprend à marcher est tombé.
Famille et relations,"Wunɛn baaban kurɔ wia kere, wiya ra nun soku biigi.",La femme de ton père qui est plus jeune que toi t'appelle biigi.
Famille et relations,"Gros, immense, énorme. Biɔ uka win dokiri dãa bĩiru daawa. Wom kowo wi u dɔkɔ bĩiru mɔ.",Ce chanteur a une voix rauque.
Famille et relations,"Yè durɔ win biiu barɔ, yerau bikiaru da.","Quand l'enfant de cethomme est malade, il est allé consulter le devin. bikiaru de ."
Famille et relations,biiu nùn dɔkɔ binderi.,L’enfant est tombé dans le puits par inattention.
Famille et relations,Bii wi u binɛ mɔ.,Cet enfant est glouton
Famille et relations,Biɔ uka win tundo gberu da.,Bio a accompagné son père au champ. .
Famille et relations,"Na bii gɔra Worun mi ù man tebo bɔkurama, ma u man gè birama.",J'ai envoyé un enfant emprunter une houe à Woru et il me l'a refusée.
Famille et relations,"Bii mɛro biru ga kù ra bii sure. biru yɔ̃ra: Su win biru yɔ̃ra. réfléchir avant d’agir, être prudentA dea biru mɛɛri. Suru yirun biru. U mɔraru dawa win tundon gɔɔn biru. Na wii biru kua. bìru ( nɔni) En présence de. biru banga/biru tũuru/ biru tìntìndu [biru banga]haut du dos. U biru banga kureru sɔndi.",Le dos d’une mère ne laisse jamais tomber l’enfant. Soutenons-le. Réfléchis avant d’agir. après. Deux mois après. Elle s’est mariée après la mort de son père. biru kuaaider quelqu'un à laver son dos pendant qu’il prend sa douche. Je lui ai lavé le dos. . bìra. Il a mis son sac au dos
Famille et relations,Nɛn mɛro bisi.,"de la même famille, compagnon. Ma famille élargie, famille parente et alliée."
Famille et relations,Boo sɛ̃ kuro ga kĩ gu bibu kpe wuuwɔ. bòo sɛ̃ kurowa. boo sɛ̃ kurosu. bòo sɛ̃ kurosa .,La jaunisse est en train d'exterminer les enfants dans le village.
Famille et relations,Kurɔ wi u boori mɔ.,Cette femme un esprit du genre boori. .
Famille et relations,Tɔn kurɔba booro yaamɔ.,Les femmes sont en train de danser avec des claquements de mains.
Famille et relations,"Ye ba garaasa da, win biiwa u boria.","Quand ils sont allés à l’examen, c’est son enfant qui a été premier."
Famille et relations,Biiwi u bɔ.,"dur, brutal. Cet enfant est brutal."
Famille et relations,Bii u wɔruma u win bɔɔru kɔra.,"L'enfant est tombé, il a cassé sa nuque. ."
Famille et relations,Kurɔ wi u kùrayasa piibu bɔke.,"nouer, attacher, mettre (foulard, turban, collier, etc. Cette femme ne porte :"
Famille et relations,Na ǹ kpɛ̃ n goon bii bɔki bɛɛ sɔɔ. bɔki bɔkinaa [bɔki bɔkinaa]: Bake ka win kpaasi ba bɔki bɔkinaa mɔ̀ . bɔki bɔkinaa sɔɔwa sa ko sɔmbu te kurasia.,Je ne peux porter au dos l’enfant d’aucun parmi vous. jeu d’enfant) le fait de se porter au dos mutuellement. Bake et sa camarade se portent au dos mutuellement. C’est dans l’entraide que nous arriverons à bout de ce travail.
Famille et relations,Bake ka win sesu ba koo kpĩ bù bɔki bɔkinaa ko. bɔki bɔkinaa mɔ̀ . bɔki bɔkinaa kue.,Baké et sa soeur peuvent se porter mutuellement au dosinacc.
Famille et relations,Amɔna kurɔwini uka bii bɔkibu yɛ̃ ru bo ?,Comment se fait-il que cette femme sait mieux mettre l’enfant au dos ?
Famille et relations,"Yasi bɔko, baa kurɔ mɔro sunɔ !","Porteuse de foulard, telle la responsable des femmes !"
Famille et relations,Bii u wɔruma ka bɔllu.,L'enfant est tombé et a heurté sa nuque contre le sol. .
Famille et relations,Wì u koo maa kpuro sere ùwɛma.,"Pour accoucher, toute femme doit pousser :"
Famille et relations,Biɔ ka win kurɔ ba bɔnnɛ mö.,Bio et sa femme font les jeux d'amour.
Famille et relations,"Daaru ta nim yiba, tɔmbu ba yɔ̃ bɔ̃ɔ ka bɔ̃ɔ.","Le marigot est rempli, les gens debout sur les berges."
Famille et relations,Gunun kurɔ ura bɔɔ kpenu dɔre yaburɔ. bɔɔ sɔ̃ ra / sɔ̃ ra [bɔɔ sɔ̃ ra]longue poche. Yerukobu ba ra ben gobi dokewa bɔɔ sɔ̃ ra sɔɔ. bɔɔ sɔ̃ ri. bɔɔ sɔ̃ riya.,La femme de Gounou vend du gros sel au marché. Les anciens cachaient souvent leur argent dans de longues poches.
Famille et relations,Kurɔ win biiu bɔɔbu too.,"être difficile, dur, brutal. L’enfant de cette femme est très brutal."
Famille et relations,tɔn ben bii wi u bɔɔru.,"être gros, corpulent. Leur enfant est grosbase:"
Famille et relations,Bɔɔsiabu sɔɔra yɛnu yɛ̃ ro u rawa goo ù n barɔ.,"C’est en saluant sa maisonnée le matin, que le chef de famille se rend compte s'il y a un malade dans la maison."
Famille et relations,"Tɔ̃ ru baatere, n weenɛ kurɔ ka durɔ bù bɔɔsiana.","Chaque matin, il est souhaitable que l'homme et sa femme se saluent."
Famille et relations,I wa mɛ̀ ben bii wi u bɔria.,Regardez comment leur enfant a grossi.
Famille et relations,"Woru u bɔrɔ mɔ, dom baasi gãanu kù ra bè karanɛ. börɔba börɔba börɔbara.","Woru a un ami, mis à part le sommeil, rien ne les sépare."
Famille et relations,"À n ka yarari do, aku ra bɔrɔkɔ gum bie.","Si tu es ami au boucher, tu ne manqueras"
Famille et relations,Woru ka Sabiwa ba bɔrɔnu sãa.,Worou et Chabi sont en amitié.
Famille et relations,Win bɔ̃ ruba bu bii be yarinasia.,C'est sa malédiction qui a dispersé ces enfants.
Famille et relations,Win bɔ̃ siabu bu bii wi alafia kua.,Le fait qu'il ait retiré sa malédiction a permis à l'enfant de recouvrer la santé.
Famille et relations,Woru u bɔ̃ su siru bura. bɔ̃ su sira. bɔ̃ su sinu. bɔ̃ su sina. bɔsu yãnu [bɔsu yãnu]équipement de chasse. Woru u win bɔsu yãnu gura u bii sɔbi. bɔsu yãna.,Worou a coupé la queue du margouillard. Woru a confié ses équipements de chasse à son enfant.
Famille et relations,U bibu tasu bɔtanasia.,Il a fait couper l'igname par les enfants.
Famille et relations,Ben bii wi u bɔriama.,commencer à prendre du poids. Leur enfant a commencé à prendre du poids.
Famille et relations,Bii wi u man nɛn deka buari.,Cet enfant m'a cassé mon bâton.
Famille et relations,"mettre tout autour, bourrer. Gbee wuko u dãa koru yakasu bukusi. Ba bii wii kĩasu bubusi.",Ils ont mis des chiffons autour de l'enfant.
Famille et relations,buka kaabu [buka kaabu]: Boorigibu ba buka kaabu yaamɔ. Buka kaabuwa kurɔ wi u wɔra.,capokier de forêt dense. danse religieuse du culte des boori. Les adeptes du culte boori exécutent la danse de leur culte. esprit du boori. Cette femme est possédée par un esprit du culte boori.
Famille et relations,Bukaabo ga buriri ba sere weremgiin mɛro mara. bukàabowa bukàaboba bukàabobara,Le pique boeuf était déjà blanc avant la naissance de la mère du vendeur de savon.
Famille et relations,"Yè kurɔ wi u dweebu dua, win yɛnugibu ba nùn buki kua n banda. distribution d'argent. Kurɔ kpaa yaa bi sɔɔ Sabi u buki kua n banda.","Quand cette femme est entrée dans la danse, les gens de sa maison lui ont fait beaucoup de cadeaux. . . Au cours des festivités du mariage, Sabi a distribué beaucoup d'argent."
Famille et relations,"Yè u bukurama, yerau bii dweebu deri.","Quand il a commencé à devenir adulte, il a cessé les jeux d'enfants."
Famille et relations,Bii wi u man bukurari.,Cet enfant a grandi prématurémentm'a paru grand.
Famille et relations,bulla gura ye ya na ginteeru.,Il a plu dans la marinée l'autre jour bulla.
Famille et relations,U win bibu dãru burasia.,Il a fait couper un arbre à ses enfants.
Famille et relations,Durɔ tɔkɔ te ta kpĩi burebu yɛ̃. bureku/ bweereku[bùrèkú/ bweereku]n: Dii bureku/bweereku genin mi bɛsɛn debuwa u wãa mi.,"Ce vieux sait sauter de lignes pour autrui. Dans cette case ronde, c'est notre grand-père qui y vit."
Famille et relations,"Yè u win dwaani tɔbiribu da, miya ba man sii bureri ni.","Quand il est allé saluer son oncle, on l'a laissé là bas contre son gré."
Famille et relations,Bii win bùree te ta kpɛ̃ aai nùn somiɔ.,"L'espace laissé à l'enfant est trop grand, aidez-le."
Famille et relations,Bii u win tundo dibu buriri diitiru sɔɔ.,L’enfant a délayé la pate 45 buriri bururasia contre le gré de son père dans le récipient de repas. .
Famille et relations,Bibu ba bùro toomɔ.,Les enfants jouent.
Famille et relations,Bii wi u busi kua tɛ̃ . Wunɛn bwisi kùn nun yaramɔ.,"conseil, intelligence, génie, malice. Cet enfant est devenu intelligent maintenant. Ton génie ne va 2) avis, ruse. ."
Famille et relations,A ǹ wa yè biiu man kua ro.,Quoi! Regarde ce que l'enfant m'a fait.
Famille et relations,U buturu so win wuswaawɔ.,Elle a passé de la poudre blanche sur son visage.
Famille et relations,"Mì na búu sua, n dan búu yi mi. Kurɔ wi u búu wɔra.","w 1) fétiche, esprit protecteur. Là où j'ai pris le fétiche,que j’aille le déposer là-bas : búnu. . Cette femme a été prise par un esprit protecteur. sa représentation."
Famille et relations,"A yè bɛrio wunɛn búu bɔkuɔ. búu baku/búu bɔku [búu baku/búu bɔku]aisselle. Daa ten mi, sa nim dua sere búu bɔkuɔ. búu wɔri / bũnu wɔri. búu wɔri]être saisi par un esprit. Tɔn diro ku ra bũnu wɔri kam kam.","Cache-le sous ton aisselle. U yè búu baariIl l'a pincé dans son aisselle búuwa. Dans ce marigot, nous avons eu de l'eau jusqu'au niveau des aisselles. Un homme ordinaire ne tombe ."
Famille et relations,Sa bwia gba daa tora sɔɔ.,Nous avons creusé un trou d’eau dans le courant du marigot. .
Famille et relations,"Buyɔ̃ u sumɔ, Bakewa u wii so. Bwĩɔwa  Bwĩɔba Bwĩɔbara","Bougnon pleure, c'est Baké qui l'a frappée."
Famille et relations,Yarari sunɔn dii yararɔ ba ka bwãa na mi. bwñɛ bwɛ̃ɛya.,"A l'intronisation du chef boucher, les femmes ont exécuté une danse, c'en était vraiment une."
Famille et relations,"A bii wi bwãa wɛ̃ɛyɔ, boma u kĩ. Na ǹ gberu de gisɔ, bwãa kùn do.",y1) sein. Donne les seins à l'enfant il veut téter . santé. Je n'ai
Famille et relations,"Bii wi u ràa busuka barɔ, u bwãa dora tɛ̃ . bwãa dore. bwãa gabatia [bwãa gabatia]soutiengorge. Bɔna u ku ra bwãa gabatia doke. bwãa gabatia. bwãa gabatii. bwãa gabatiiya.","Cet enfant avait la rougeole, il est guéri maintenant. Bona ne porte :"
Famille et relations,"Bii mɛro win bwãa nɔɔ ga barɔ. bwãa nɔɔwa. bwãa nɔsu. bwãa nɔsa. bwãa nɔɔ bia [bwãa nɔɔ bia]mamelon, taiton. bwãa nɔɔ bia. bwãa nɔɔ bii. bwãa nɔɔ biiya.",Le mamelon de cette mère est malade.
Famille et relations,Bwãabwãabunu 48 bwɛɛ̃ ganutia bwãara/ bɔ̃ru nu bii wi kuni. bwãabwãabuwa. bwãabwãabunu. bwãabwãbuna.,Les moucherons fourmillent autour de l'enfant.
Famille et relations,Bwãaran yakasu su yɛmbu bo. bwãaroku / bwãareku [bwãaroku/ bwãareku]1) poupée. bibu ba bwãaroku nɛni. Dakumɛba ba bwãaroku bakanu mɔ ba rà sãa. Les Fons ont de grandes statues qu'ils adorent.,. Les herbes du marécage sont plus humides. Les enfants tiennent une poupée. statuette de forme humaine.
Famille et relations,"A man bwãaru kɛ̃ n ka daaru da. bwãara bwãanu. Baaba nɛmu toba, ma ga dɛ̃ɛn bwãaru kpana ga gu. Papa a flêché une biche, celle-ci n'a  Bwãgobusa / bwãa goosa",Prête-moi une gourde pour aller au marigot.
Famille et relations,"Bii wi u win mɛron bwãru sɔ̃ su. bwãnu, bwãa. bwãna, bwãa.",Cet enfant a sucé le sein de sa mère.
Famille et relations,u win bii sòru bɛreya ka bweebuu .,Elle elle a préparé de la bouillie pour son enfant avec un pot en terre bweebuwa.
Famille et relations,Bii u nim bweru wɔri.,L’enfant est tombé dans une eau profonde. .
Famille et relations,Tɔn kurɔ ku ra marùbu sɔ̃ nu bwɛ̃ ru bere. bwɛ̃ nu bwɛ̃ a.,La femme ne cache :
Famille et relations,"Daaru mi, swɛ̃ɛ yi bwiamɔ gem gem. Tɔbio u nim bwiamɔ. Wara u maa kpam gari yi bwiama ?","remuer du fond, s’agiter ou se secouer du fond. Dans le marigot, les poissons se secouent beaucoup du fond de la mare. susciter une palabre, une contestation. Qui a encore rappelé cette affaire ?"
Famille et relations,"Ba bii win bwĩa bura,ya yina yu boo kpe.","Ils ont coupé le cordon ombilical de cet enfant, la plaie tarde à finir."
Famille et relations,Bii wi koo bwisi ko.,"Cet enfant sera intelligent, deviendra malin."
Famille et relations,A do a bii wi gbaresia.,faire raser le bord des cheveux. Va faire raser l'enfantinacc.
Famille et relations,Bɛsɛn baaban gberɔ gbeeku bɔ̃ nudabi. gbeeku bɔ̃ɔwa gbeeku bɔ̃ nu foc: gbeeku bɔ̃ na,"Dans le champ de notre père, il y a beaucoup de chacals."
Famille et relations,"Gbere yikuru, terakurɔ wi u dɔramɔ.",C'est du maïs bouilli en épi que vend cette femme. foc:
Famille et relations,"Nɛn maabu ba rà gberu dewa. Búu kurɔ ba gberu wɔri. Les féticheuses sont entrées dans la forêt Gbera. Gbera man di. interjection de détresse) gbenu, gbea .",Mes grands frères vont au champs2) lieu sauvage. Je suis mort!
Famille et relations,Bibu ba gbɛ̃ɛ kokosoomɔ. gbɛ̃ɛ kokowa. gbɛ̃ɛ kokosu. gbɛ̃ɛ kokosa.,Les enfants tapent sur une vieille assiette.
Famille et relations,"Timgiin kurɔ gbɛɛra. Bà n nɛɛ : ba kù rà gbɛɛru yeewe, à n yeewa, gãanu kù rà ko, wunɛn gɔminiwa sii goo rà sue.",La femme du sorcier est un tabou. endroit où il est interdit de cultiver. Si l'on dit qu' il y a des lieux sacrés et tabous où l'on ne cultive :
Famille et relations,Bii be ba man nɛn tireru gbɛniri.,Ces enfants m'ont volé le livre.
Famille et relations,U win wɔnɔ naa gbiiba kã .,Il a donné une jeune vache à son frère.
Famille et relations,Dokotoro dirɔwa kurɔ wi u sun gbiiri.,C'est à l'hôpital que cette femme nous a surpris par sa mort.
Famille et relations,Biɔ u win bɔrɔba gbiiya dokotoro dirɔ.,Bio a devancé ses amis à l'hôpital.
Famille et relations,Ba bii boo gbinusia .,On a fait attacher le cabri à l’enfant.
Famille et relations,Ba ra ka dãa gusuru bukaata ko . dãa gusura.,On utilise le gui pour des recette.
Famille et relations,"Dãa baka ya yɔ̃ bɛsɛn yɛnu kɔnnɔwɔ. dãa bakaa. dãa bɛ̃ sa / dãa bɛsa [dãà bɛsa/ dãa bɛ̃ sa ]bois fendu, planche. U win bii dãa bɛ̃ sa so. dãa bɛ̃ sa. dãa bɛ̃ si. dãa bɛ̃ siya.","iroko, teck africain, mûrier africain. Un grand iroko se dresse devant notre maison. Il a frappé son enfant avec du bois fendu ."
Famille et relations,U sõ daa bɔ̃ɔwɔ u win kɔ̃ɔ tarimɔ.,Il est assis sur le rivage et il tresse sa natte.
Famille et relations,"U sɔ̃ dãa sabanɛn baa sɔɔ . dãa gɔɔra  dãa gɔɔnu. dãa gɔɔna. dãa swĩiswĩinu [dãa swĩiswĩinu]sève, poix. Ba ra ka dãaswĩiswĩinu bukaata ko. dãa swĩiswĩina. À n ka bè wãa ba koo nun daa tia.","Il est assis entre lesfourches d’un bois : On se sert de la sève pour fabriquer une recette. contaminerle comportement, influencer, entraîner. Si tu es avec eux, ils vont t’influencer, t’entraîner."
Famille et relations,Durɔ ben gbea ya ka daaru turuku.,Les champs de ces gens là sont proches du marigot.
Famille et relations,"Yè sa gberu we, sa ka dɛba yinna.","En revenant du champ, nous avons croisé un lézard."
Famille et relations,Bibu ba dabia yɛnu ge sɔɔ.,devenir nombreux. Les enfants sont devenus nombreux dans cette maison.
Famille et relations,I ku gbɛ̃ɛte dabiri.,Les enfants ont lapé le bol.
Famille et relations,"Kpee yì yu wãa biin bɔ̃ buraawɔ, u koo yì dabura. dadde/ dande/ lalle","La sauce qui est à porté de main d'un enfant, il l'a lapera."
Famille et relations,laisser prendre tout. U dii bi so u dara. Wɔmu ga swaa sara darabi darabi.,darabi darabi [dàràbi dàràbi]marche cadensé des mamifères. Le singe a traversé la voie aux Foc :
Famille et relations,Nɛn debuwa u tɔkɔru kere bɛsɛn yɛnuɔ.,C'est mon grandpère qui est le plus âgé dans notre maison.
Famille et relations,Nɛn yaayi ura demunu dɔre yaburɔ. demunuwa demunu kuure / demunu kubure [dèmúnù kubùré/ kuure]oranger doux. A man demunu kubure wɛ̃ɛma. demunu kuburebara demunu yãka [dèmúnù yãka]citron. Sa demunu yãka dɔrabu da. demunu yãka. demunu yãki. demunu yãkiiya.,"Citrus spp. Ma mère vend des oranges au marché. orange, citron. Citrus aurantium (Rutacées). Donne-moi une orange demunu kuburewa demunu kubureba. Nous sommes partis vendre du citron."
Famille et relations,Sa win beku deo deema yɛnuɔ.,Nous avons retrouvé sa femme à la maison.
Famille et relations,U win bii deri yakasɔ.,Elle a abandonné son enfant dans la brousse.
Famille et relations,U man win bii deria.,Il m’a confié son enfant.
Famille et relations,Biɔ ka win bɔrɔn derinaa ya tɛ.,Bio et son ami se sont laissés il y a longtemps.
Famille et relations,Biɔ uka win debu faayi mö.,Bio parle avec son grand-père.
Famille et relations,A yãa ni teo nù dɛɛra. Wunɛn kpaasi kun dɛɛre gari yi sɔɔ.,Rends propres ces habits. Ton ami n'est
Famille et relations,"Bii win dɛɛrabu, sɔm girira.","Pour que cet enfant devienne propre, c'est du travail."
Famille et relations,Kɛkɛ bɛkɛ yu dɛɛru diira bwãaraawɔ. dɛɛru d¿‚ire. dɛ̃ɛrira / dɛɛrira[dɛ̃ɛrura/ dɛ̃ɛrira ]1. Wobu te ta nɔɔ dɛ̃ɛrira.,De gros camions se sont enfoncés dans un marécage. pouvoir être limé. Ce couteau a pu être limé.
Famille et relations,Kurɔ wi u gbɛnum dekara.,Cette femme a pu être touchée intimement et en cachette.
Famille et relations,Wuu ge sɔɔ dɛkia ya wãa gisɔku gè.,Il y a la famine dans ce village cette année.
Famille et relations,Biibe kpuro ba kpee yi dɛnkira gbɛnum.,Tous ces enfant ontgoûté chacun la sauce en cahette.
Famille et relations,Naa yen dɛsirabu daarun di bu yè wiru dwa.,Le fait que le boeuf s'est éloigné du marigot l'a sauvé.
Famille et relations,"Biɔ ka Saniwa ba ràa bɔrɔnu, nwee ba tɛ̃ dɛsirana.","Bio et Sani étaient amis, mais ils sont éloigné l'un de l'autre."
Famille et relations,U win tundon tubi di.,Il a hérité de son père.
Famille et relations,dii yàara / dii batuma [dìì bàtùmà/dii yàara]salon. Nɛn mɛro u win wekeru yi dii yaaraɔ.,Ma mère a déposé sa marmite au salon. dii yàaraa . dii yàari. dii yàariya .
Famille et relations,"Sia kon nɛn dii biru wuku. dii bwereku [dii bureku]maison, case ronde. Dii bwereku tɔkɔ tenin mi bɛsɛn debuwa u wãa mi.",Demain je vais sarcler derrière la case. Dans cette vieille maison ronde habite notre grand-père.
Famille et relations,Bii u man diiriri kam.,L'enfant a tremblé pour rien.
Famille et relations,Nɛn debuwa u wãa diru mi.,C'est mon grand-père qui est dans cette chambre.
Famille et relations,Bii mɛro ka win bii ba dò.,inv. être endormi. Une mère dort avec son enfant .
Famille et relations,Sora sa ko ka dobi ko.,Sorghum spp. Graminées). Nous allons préparer la bouillie avec du mil.
Famille et relations,"À n ka dobo bɔrɔnu sãa, tirasi wunɛn tii a dobe.","Si tu es ami d'un empoisonneur, tu risques d'empoisonner aussi."
Famille et relations,Ben nikurɔn dobonu nu bii nuki sanka.,Les empoisonnements de cette grand'mère ontattristé l'enfant.
Famille et relations,"Sabin dokiri, bɛsɛn sunɔwa. dokiri yãnu/ kana yãnu [dokiri yãnu]présents pour la belle famille, dot. Ba ka gisɔ nɛn sesun dokiri yãnu na bɛsɛn yɛnuɔ. dokiri yãna.",C'est notre chef qui est le beau-père de Sabi dokiriwa. Ils ont apporté aujourd'hui dans notre maison la dot de ma soeur.
Famille et relations,"Yɛnusu gasun mi, kpee tɔnawa ba ra bibu saawe bu doku. doku kɔrubu [dòku kɔrùbu‚]dot coutumière. Nɛn kurɔn doku kɔrubu bu tura. Il est temps d’apporter les effets de la dot coutumière de ma femme doku kɔruba.","Dans certaines maisons, on ne préparent aux enfants que de la sauce à laper."
Famille et relations,Ba daarɔ sɛ̃ɛnu dokusi.,Ils ont empoisonné les flèches dans le marigot.
Famille et relations,Na bii be kpee dokusia.,J'ai fait manger la sauce aux enfants.
Famille et relations,"Na ǹ dom donku barɔ, wasirara. dom domkuwa dom möndu [dòm möndu]sommeil profond. Bii u dom mɔndu kua, sere u wɔruma kpinun di.","Je ne souffre : L’enfant a eu un profond sommeil, il est tombé du lit dom mönda."
Famille et relations,A ku Biɔ dom yamia.,Ne réveille 79 dom yanda doogari :
Famille et relations,"Bɛsɛ baatɔmbun mi, tɔn kurɔba ba ra doo ko.","Chez nous les baribas, ce sont exclusivement les femmes qui font la cuisine."
Famille et relations,Kurɔ tɔkɔ u doo nuuru kuramɔ. Doo kuuru ta ǹ tɔn durɔbun sin yeru.,La vieille femme est en train de balayer le foyer. doo kuuru [doo kuuru]alentours du foyer. Les abords du foyer ne sont :
Famille et relations,Bibu ba doodo dɔbirimɔ dɔ̃ɔ nuurɔ.,Les enfants ramassent les fleurs au pied de l’arbre de néré.
Famille et relations,Bii wi u doogo kua.,Cet enfant est devenu géant.
Famille et relations,Bii be ba man bɔsum doonari.,Ces enfants sont partis se promener à mon insu.
Famille et relations,"Win mɛro kpaarɔwa u da, min diya u dosima.","Il est allé dans la maison de sa mère, c'est là qu'il a eu un songe."
Famille et relations,Bɛsɛn kurɔbu ba ku ra sɔnke dɔbiri.,Nos femmes ne ramassent :
Famille et relations,Biɔwa u da u sabi dɔmɛya yè ben wɔnɔ Sani u kua.,Bio est allé rapporter à Sabi ce que leur jeune frère Sani a fait.
Famille et relations,Bɔ̃ɔ ga man bii dɔndi.,Le chien a mordu un enfant par surprise.
Famille et relations,U baaban dɔ̃ɔ bɛri sanam mɛ u woo gberɔ. dɔ̃ɔ beri ¿‚.,Il a chargé le fusil du père quand celui-ciétait aux champs. nég.
Famille et relations,Biɔ ura dɔ̃ɔ so nde win tundo. dɔ̃ɔ so. 85 dɔ̃ɔ soo yaberu dɔsa/,Bio sait tirer le fusilcomme son père.
Famille et relations,Bii piimunu nu ra dɔɔnu nɔrubu kã.,Les enfants aiment bien boire la pâte du mil pétri. Il a vendu sa bicyclette assez cher.
Famille et relations,Kurɔ win wasi yu du.ɛ bwĩsiru ta ra man du.,"être mou. Cette femme a le corps mou. qui fait mal, qui fait souffrir, douleur. Mon abcès me fait mal."
Famille et relations,Kurɔ wi u taa si yikua su kua dubɛ dubɛ.,Cette femme a bouilli les ignames au point qu'elles sont devenues molles.
Famille et relations,Ba kurɔ tanɔbu duwi gɔɔyerɔ.,On a violé les femme libres au lieu des cérémonies.
Famille et relations,Ba dùwo mwa dii sɔɔwɔ.,On a attrapé un violeur dans une chambre à coucher.
Famille et relations,"Wunɛ, wuun bii, a duwiiru daakari ko.","Toi, enfant du village, évite les problèmes de viol. dùwiira. dùwiinu."
Famille et relations,"Yaarun baaban dum kaa ye, ya ra ka bɛntɛ wɛ̃ re.",Le cheval blanc du père de Yarou est très beau quand il a son harnachement dum kaawa.
Famille et relations,"Sunɔ wì u sɔ̃ tɛ̃ , win dunnubɔre, wiya u sina kpaa te bana .","grand-père de l'arrière grand-père. Le chef qui règne en ce moment, c'est son ancêtre qui a construit le palais."
Famille et relations,"Bɔnan durɔ u sãa yarari. Tɔn durɔ u rà gberu dewa. Durɔ wunɛ, ana mini. durɔ dama kowo [durɔ dàmà kowo]allumeuse, femme adultère, femme qui cherche des hommes. Durɔ dama kowo u ku ra n sekuru mɔ. durɔ dama kowowa. durɔ dama kowobu. durɔ dama kowoba.","Le mari de Bona est un boucher. mâle, personne du sexe masculin. L’hommes est destiné aux travaux des champs. Toi, homme, viens ici. La femme qui courtise les hommes est sans honte."
Famille et relations,Win durɔ tanɔ wiya uka tɛ̃ mɔre.,Elle est maintenant mariée à son concubin.
Famille et relations,Yĩiren durɔ yãkabuu ga ra bɔru dɔre yaburɔ. durɔ yãkabuuwa. durɔ yãkabunu. durɔ yãkabuna.,Le jeune frère du mari de Yinre vend du sel au marché.
Famille et relations,Ben dusi u wãa daa bakarun bɔkuɔ.,Leur parent est à côté du grand marigot.
Famille et relations,Man diya nɛ ka wunɛ sa sãa dusinu ?,Depuis quand sommes-nous parents ?
Famille et relations,U win kurɔyɛnu duusia .,introduire ; admettre. Il a fait emménager sa femme dans la maison.
Famille et relations,Dwaa mɛro daarɔ biigii kurɔ nisi.,"Quand la belle-mère est difficile, sa bellefille devient sa coépouse."
Famille et relations,"Win dwaa sesu u nùn kɔ̃ su, yèu barɔ. dwaa sesuwa dwaa sesubu.","Elle était malade, c'est sa belle-soeur qui s'occupait d'elle."
Famille et relations,Yãki u win dwaa tundo nim swɛ̃ɛya u wobura.,Yanki a chauffé de l'eau au père de son mari et il s'est lavé.
Famille et relations,Woru Mɛɛren dãani u soosaru wuma.,L'oncle de Worou Mèré est revenu du service militaire. .
Famille et relations,Nɛn dwaanibuu ga man berabu na gisɔ.,Mon neveu est venu me saluer aujourd'hui.
Famille et relations,Bibu ba dwee keu dirɔ.,"s'amuser, jouer. Les enfants ont joué dans la cour de l'école."
Famille et relations,U ka man bii wi dweeri.,Il s’est amusé avec cet enfant contre mon gré .
Famille et relations,Na bii be dweesia.,J'ai fait amuser les enfants.
Famille et relations,Mɛ bii be ba dweesina mi ya ǹ man kĩɛ.,"De la manière dont les enfants se sont amusés, cela ne m’a pasplu."
Famille et relations,"Bii ù n barɔ, mɛro kùn kpɛ̃ ù doya wɔ̃ kuru.","s'endormir. Quand l'enfant tombe malade, la mère ne peut :"
Famille et relations,Yè ba bii wi so u wuri kua uka doyasi.,". . Quand ils ont fappé l'enfant et qu’il a fini de pleurer, il s’est endormi."
Famille et relations,"Mɛ bii wi uka doyasina mi, à n da u ǹ bwãa dowa.","La manière dont l'enfant s'est endormi, peut être qu’il est malade."
Famille et relations,bɔ̃ɔ buu ga bii dwɛ̃ɛ.,Le chiot a mordillé l'enfant.
Famille et relations,Kurɔ wi u dwɛ̃ɛra yèn sɔ̃ bɔ̃ɔ ge ga gɔbu.,La femme a été mordillé parce que le chien est méchant.
Famille et relations,Bɔ̃ nu nu man nɛn bibu dwɛ̃ɛri.,Les chiens ont mordu mes enfants.
Famille et relations,Na bii wi gbɛ̃ɛte dwĩisia.,J'ai fait lécher la sauce par l'enfant.
Famille et relations,"Yè win kurɔ u wi yina, yerau fanfankuru mwara.","Quand sa femme l'a quitté, il a été pris de dépression mentale."
Famille et relations,Na bii wi fɛ̃ kunu fɛ̃ rasia.,J'ai fais moucher l'enfant.
Famille et relations,"Yè na sɔmburu wuma na ka kiraru na, yera na bii be fitama.","couper un petit morceau et apporter. Lorsque je suis revenu du service, j'ai apporté du gâteau que j'ai coupé en petits morceau pour les enfants."
Famille et relations,Bii wi ka win bɔrɔ ba fitana.,L'enfant et son ami se pince mutuellement.
Famille et relations,Bii wi u funda u wɔruma.,se renverser. L'enfant est tombé à la renverse.
Famille et relations,"Gunɔ gagu ga yɔ̃ɔwa furururu, ga da ga sura sere mìn toma daarun bɔkuɔ.",bruyamment. Un des oiseaux a volé bruyamment et est allé se poser loin près du marigot.
Famille et relations,Sooge ba gaa siisiru yaamɔ.,gaa siisiru [gàà sisiru]marche militaire. Les soldats excutent une marche militaire.
Famille et relations,"Yè wi ka win bɛɛrɛ ba gari mö, yerau nùn gãare.","Quand son grand-frère parlait avec lui, il lui parlait violemment tout en s'approchant de lui. nég."
Famille et relations,"Bibu ba kusu gawanamɔ. gaawanɔ avec force, tu auras mal au thorax :",Les enfants tiraillent une perdrix. nég.
Famille et relations,"Yé ba nùn banɔ kɔ̃ɔwa, yerau yɔ̃ɔwa u yè gaba. A mango gabo nɔö. U kurɔ wi gaba gbee swaaɔ.","saisir en l'air, bloquer, saisir en luttant. Quand on lui a envoyé le ballon, il a sauté pour 99 gaba gama l'attraper2) attraper ce qui tombe. violer une femme sur la route. Il a violé cette femme sur la route du champ."
Famille et relations,"Tɔn kurɔ ù n ka gabo yinna gbee swaawɔ, n weenɛ u dukuru yãra.",La femme qui rencontre un violeur sur la route du champ doit s'enfuir.
Famille et relations,U man bom gamari.,Il a fait traire le laitcontre mon gré.
Famille et relations,Domma wunɛn sesu u na? gangan siku dwaabuwa. gangan siku geena.,Quand ton frère est-il venu ? Hier ? gangan siku dwaabu [gangan siku dwaabu]herbe cochon (le mâle). Synedrella nodiflora (Composées). gangan siku geenu [gangan siku geenu]herbe cochon (la femelle). Boerhavia diffusa (nyctaginacées).
Famille et relations,gandi- 102 ganu gari sie. A Bii wi gannisio. U gambo gannisia.,Fais protéger cet enfant. faire caler. Fais caler cette porte.
Famille et relations,"Yè ba wii mara, u sãawa gara gara.","Quand l'enfant est né, il était propre."
Famille et relations,Gasɔ ka gasɔ nɛn baa ura man gobi kɛ̃ n ka gãanu dwe keu dirɔ. gasɔ ka gasɔwa.,De temps en temps mon père me donne de l'argent pour acheter quelques choses à l'école.
Famille et relations,"Gem mùn turuma, weesu su koo doona. Yè ba gari yi mɛɛra, ba wa wì u gem mɔ. Nyewa yen gem?","Si la vérité arrive, le mensonge va partir. Quand ils ont examiné le problème, ils ont vu celui qui a raison. le vrai prix d'une marchandise. Quel est son prix réel ?"
Famille et relations,"Bii wi u gem mɔ, kam sɔɔra ba wii so. employé 106 gem wɛ̃ gɛbiri pour s'excuser. A gem mɔ, na ǹ maa sia wuremɔ.","L'enfant a raison, on l'a frappé pour rien. Pardon, je ne vais plus recommencer."
Famille et relations,"Miya uka win gari gerusi. Saa min di na bii wi gerusi, u ku ra maa daa kɔ̃ sa ko.","Ainsi il a ajouté ses propos. Depuis que j'ai grondé l'enfant, il ne fait plus des bêtises."
Famille et relations,Na nɛn bibu gerisia.,J'ai fais des reproches à mes enfants.
Famille et relations,"gerisibu bù n banda, bu ku ra bii swa sɔ̃ɔsi.",Trop de reproches rendentl’enfant étourdi.
Famille et relations,"Sa bɛsɛn dobi gɛ̃ɛbu torua. Ba gɛ̃ɛbu da daarɔ, ba swɛ̃ɛ go dabi dabiru.","Nous avons commencé à récolter notre mil. pêche. Ils sont allés pêcher au marigot, ils pris beaucoup de poissons."
Famille et relations,U man nɛn tundo gɛmdi.,Malgré moi il a méprisé mon père.
Famille et relations,Ba gɛra doke biin tisu sɔɔ.,Ils ont mis des épices dans la tisane de l'enfant.
Famille et relations,"Bii wi, u win baaba gia. U sɔmbu te mɛɛra u gia. U gia yè ba ra nɛɛ nɔni swãaru.","giana 'se connaître l'un l'autre'; giari 'connaître contre le gré de quelqu'un'; Int: giasi 'profiter pour apprendre'; connaître, savoir (après avoir appris ou expérimenté). L'enfant a enfin connu son papa. Il a appris le métier et il sait le faire. Il a su ce qu'on appelle souffrance. découvrir."
Famille et relations,"Yé bii wi uka win tireru dweebu mɔ, yerau tè gĩama u sere tunuma mini. gĩa 'déchirer'.","Quand l'enfant s'amusait avec son livre, il l'a déchiré avant d'arriver ici."
Famille et relations,"Kurɔ wi , u win durɔn kurɔ tanɔ nùn giari.",connaître contre le gré de. . La femme a connu la concubine de son mari contre le gré du mari.
Famille et relations,Bii wi u man nɛn beku gee te gĩari.,Cet enfant a déchiré mon pagne de valeur à mon insu.
Famille et relations,"Koton kurɔ kpaaru sɔɔ, ba gidaa yawa mi, gidan tiiwa.","Au mariage de Koto, elles ont dansé la danse des jeunes filles."
Famille et relations,Ginaku geɔnɔ u kurɔ sua.,Il s'est marié il y a deux ans.
Famille et relations,"Yè bɛsɛn baaba u taasoru da, yerau ginu bukaru go.","Quand notre père est allé à la chasse, il a tué une biche."
Famille et relations,A do giɔ awunɛn baa sokuma.,Va là-bas pour appeler ton père.
Famille et relations,Bɛsɛn wɔɔ beran kurɔ wi u ginima mɔ too.,La femme de notre quartier a de 112 girisa gorun bekuru l'honneur.
Famille et relations,Ugoo mɛro kasuu u dwe.,Il cherche une poule à acheter.
Famille et relations,"Sibun goo sɛ̃ɛru, tera bii wi u sua. goo sɛ̃ɛ̀ra. goò sɛ̃ a. goo goo bero [goo sɛ̃ɛna",Cet enfant a pris leur œuf.
Famille et relations,Goo tɔbiɔ u nɛn yãnu sɔɔwa. goo tɔbiowa goo tɔbiobu.,Le piroguier a chargé mes effets.
Famille et relations,Gorawa bɛsɛn debu ura kã u sɔni.,Notre grand-père aime monter sur un cheval marron.
Famille et relations,Kurɔ kpao u gora sua uka nɛɛru gora.,La nouvelle mariée a pris une pierre pour rendre rugueuse la pierre à moudre.
Famille et relations,Wunɛn bii wi u kĩ ù gɔbia.,Ton enfant va devenir capricieux.
Famille et relations,Bɔ̃ɔge ga gɔbu. Bii wi u gɔbu.,"inv. être difficile, dur, brutal. Ce chien est méchant. être sauvage, être avare. Cet enfant est sauvage."
Famille et relations,Ba bii wi gɔmburu go.,Ils ont sevré l'enfant. nég.
Famille et relations,Bii wi ura gɔma kɔ̃ .,Cet enfant balance les bras.
Famille et relations,Ba wɔndia wi gɔmia.,Ils ont marié la fille trop tôt.
Famille et relations,Bii wi ura gɔnni too. gɔnɔ kpesa [gɔnɔ kpesa]Ochna schweinfurthii (Ochnacées).,Cet enfant se gratte trop.
Famille et relations,Gãaku u bii kɔbe ka gɔ̃ɔ bia. gɔ̃ɔ bia. gɔ̃ɔ bii. gɔ̃ɔ biiya.,Un griot a tapé un enfant avec la baguette du tambour.
Famille et relations,Kurɔ tɔkɔna nu ra n sɔ̃ gɔɔ manuɔ.,Ce sont de vieilles femmes qui restent loge du corps.
Famille et relations,Kurɔ tɔkɔnu nu gɔɔ swĩ. gɔɔ swĩi [gɔɔ swĩi]: gɔɔ swĩiya. Ba kù rà gɔɔ swĩi sɔɔ dɔkɔdobu kasu.,"Les vieilles femmes ont pleuré le mort . lamentations, pleurs pour un mort. Quand on pleure un mort, on ne cherche"
Famille et relations,Bɛsɛn debun gɔɔ yeru sɔɔra sa giana bɛsɛ kpuro.,C'est pendant les funérailles de notre grand-père que nous nous sommes tous connus.
Famille et relations,Win debun gɔɔbiru tera Sabi u di.,Sabi a pris comme titre nobiliairele nom de son grand-père.
Famille et relations,"A bii wi gɔ̃ɔbuu ge mwaario, u koo raa tii mɛɛra kowa mi. gɔ̃ɔbuuwa gɔ̃ɔbunu gɔ̃ɔbuna","Arrache la hache à l'enfant, sinon il va se blesser."
Famille et relations,Gusunɔ u gɔrado gɔra Maarin mi.,Dieu a envoyé un messager à Marie.
Famille et relations,Sunɔ u man gin teeru bii gɔriya.,Le chef m'a envoyé un enfant avant-hier.
Famille et relations,A bii gɔrima.,Envoie un enfant.
Famille et relations,Yera bii wi u man gɔsirari.,L'enfant est reparti malgré moi.
Famille et relations,U sibun bii gubuma.,Il a blessé l'enfant d'autrui.
Famille et relations,U man nɛn bii guburi.,Il afait une foulure à mon enfant.
Famille et relations,Bii win taa ya dɛ̃ u nde dawa. 123 gunɔ mɔra gunusia gùnɔ dawawa gùnɔ dawaba gùnɔ dawabara,Cet enfant a les jambes longues comme celles d'une cigogne.
Famille et relations,Biɔ ura win tundon gberenu gunɔnu ma.,Bio garde le maïs de son père contre les oiseaux et les singes.
Famille et relations,Durɔ win gunum mu banda. gunumma gunum bo / gunum kere [gunum bo]int. Nɛn diru ta wunɛgiru gunum kere. Nɛn dira ta gunum bo. Bii wi u koo gunum boria.,La taille de cet homme est vraiment grande. être plus grand. Macaseest plus grande que la tienne. Ma case est plus grande gunum booya/ boria [gunum booya]1. devenir plus grand. Cet enfant sera plus grand.
Famille et relations,"Yaruwaasi wiya, u nɛn sesu gura sɔbi. guraa sua [gurà su‚a‚]1. Domma wunɛn biiu gura sua u sere ka mara?",C'est ce jeune homme qui a enceinté ma soeur. Tomber enceinte. Depuis quand ton enfant estelle tombée enceinte au point d’accoucher ?
Famille et relations,Guraagii ku ra dãa yɔ.,La femme enceinte ne grimpe :
Famille et relations,Ba bibu yakasu gurasia.,On a fait ramasser les herbes aux enfants.
Famille et relations,Bibu ba gùre toomɔ.,Les enfants jouent 125 gure guru wureru /guru wuroru avec une graine de gùre.
Famille et relations,Kurɔ win bii itasewa mi.,ord. troisième ; 3ème. C'est le troisième enfant de cette dame.
Famille et relations,Sɛsɛn wuun iyayigbɛ u rà sɔbun yaarɛ kpĩ.,La présidente des femmes de notre village reçoit bien ses hôtes.
Famille et relations,"Berun durɔ wi, u sãawsa durɔ tɔkɔ kãa kãaru. kãa kãara. kãa kãanu . kãa kãana.",Le mari de Bellu est très âgé.
Famille et relations,Bibu ba wãa ba kãakãare mö.,Les enfants jouent à qui sera le premier.
Famille et relations,Bibu ba ka karukaro dweemɔ.,Les enfants jouent avec des papillons. fockarukarowa.
Famille et relations,Bibu ba da ba man yaburu kaari gbɛnum.,Les enfants sont allés faire le marché à mon insu.
Famille et relations,Nɛn baa u kaaru kɛramɔ.,calebasse. Mon père gratte une calebasse.
Famille et relations,I de i bɛɛn wɛ̃ su kabiri.,Il faut démarier vos pieds de coton. .
Famille et relations,Mɔri yin kabiribu bu fuuku kua.,Vous avez vite démarié le riz.
Famille et relations,"Yè biiu kabirima, yera yɛmɔru ta wii wɔri.","Quand l'enfant a commencé à aller à quatre à pattes, il a été frappé d'infirmité."
Famille et relations,Bii wi sii u man kabiriri fuuku. Dúu bòo wi sɔɔra u kabìrisi.,A mon sens l'enfant a vite marché à quatre pattes. sur. . . Il a marché à quatre pattesmalgré sa plaie au genou.
Famille et relations,U win bii wi kabirisia fuuku.,Il a fait marcher son enfant à quatre pattes.
Famille et relations,Ba man wuru ge kamari.,Ils ont détaché la feuille à mon insu.
Famille et relations,Nɛn baa u man wuru kamasia.,Mon père m'a fait détacher une feuille.
Famille et relations,Baa à n man kpãaru kkerea ǹ kpɛ̃ a man kamia.,Même si tu me surpasses tu ne peux :
Famille et relations,"Ka ben kamiabu kpuro, sa be gem kere.","Bien qu'ils nous aient vaincus, nous avons raison."
Famille et relations,Gbee swaan diya u sii kamiama.,C'est du chemin du champ qu'il l'a vaincu.
Famille et relations,Ba kamiana ben sannɔ ge sɔɔ.,Ils se sont vaincus dans leur bagarre.
Famille et relations,U den kamiara.,Il a été vaincu finalement.
Famille et relations,U man nɛn bii kamiari keu dirɔ.,Il a surclassé mon enfant à l'école.
Famille et relations,Miya uka kamiasi mi.,C'est là qu'il l'a vaincu.
Famille et relations,U nɛn bibu kamiasia ka win bibu.,Il a fait vaincre ses enfants et les miens.
Famille et relations,"Yruwaasi win kurɔ u ye, sere ba kanabu da.",La femme du jeune homme a grandi et ils sont allés demander sa main kanaba.
Famille et relations,A doo a kpee kanama wunɛn yaayin mi .,Va demander de la sauce auprès de ta mère.
Famille et relations,Bii u dãru yɔɔwa u man kandari.,Cet enfant est monté dans l'arbre d'où il est tombé.
Famille et relations,Kurɔ ka durɔ ba kanna.,L'homme et la femme sont côte à côte.
Famille et relations,Bibu ba ra kpee karàbu kã. Durɔ win karàbu kun sɛ̃ sie.,Les enfants aiment lancer le cailloux. acquittement. L'acquittement de cet homme n'a : . .
Famille et relations,Karaku ga ku ra kpe daaru mi.,crocodile. Il ne manque jamais de caïmans dans ce marigot.
Famille et relations,"Bii wi u karambaani mɔ, u kù rà goo wa.","Cet enfant est prétentieux, il ne considère personne."
Famille et relations,U dãa ten kãasi karasi daru tora sɔɔ.,Il a coupé les branches de l'arbre dans le nid du marigot.
Famille et relations,"Yè sa sɔmburu mö ka bɛsɛn tundo, yerau sun kare.","Quand nous travaillions avec notre père, il nous a laissé notre part de travail. je- 135 karenu / kaseru ter cherche à éviter le danger et les femmes enceintes montent dans les arbres."
Famille et relations,U man nɛn bibu kareri.,Il a laissé mes enfants derrière lui.
Famille et relations,"Yè u daaru da, yerau kãsìma uka wuma.",Cet homme est allé au marigot et c’est de là qu’il a été possédé.
Famille et relations,Bii u man kãsiri gbee swaawɔ.,L'enfant a eu des visions sur la voie qui mène au champ à notre insu. .
Famille et relations,Woru kakurɔ wi ba kasuna.,Woru et la femme se sont recherchés l'un l'autre. se provoquer sournoisement.
Famille et relations,U gbia u man kurɔ wi kasuri.,Il m’a devancé pour courtiser cette femme.
Famille et relations,"Baa yè kurɔkùn ka nùn kĩ, mɛna uka kasusi.",. . Il a courtisé la femme bien qu’elle n’a :
Famille et relations,I man bii be kasusia kam sɔɔ.,Vous m’avez fait chercher ces enfants pour rien. .
Famille et relations,Bii u win mɛro kee.,Cet enfant a sali sa mère.
Famille et relations,"Saa win mɔɔn gɔɔn di, win keewa ya kpã.","Depuis la mort de son grand-frère, sa nostalgie est très grande keewa."
Famille et relations,A bii be yãa ni keeyasia kö ?,As –tu faitenlever par les enfants le linge mis au soleil ? .
Famille et relations,"Bii wì ba kere, wiya u sumɔ.",L'enfant qu'on m'a confié c’est lui qui pleure.
Famille et relations,Ba man bii kerea.,Ils m'ont confié un enfant.
Famille et relations,"Yè u sisi mini, u bii wi kerema.","Quand il venait ici, il a laissé l'enfant."
Famille et relations,"Bii wì u sumɔ mɛ̀ , u ǹ kpɛ̃ ù kerera.","L'enfant qui pleure ainsi, on ne pourra :"
Famille et relations,Na bii wi keresia ben wuu mi.,J'ai fait confier cet enfant dans leur village.
Famille et relations,"U koo keu ko baa sɔ̃ɔ teeru. keu koosia [keu koosia]Enseigner, instruire. Wara u koo tɛ̃ bɛsɛn bibu keu koosia, mà ben mɛtiri u sĩa nɔ! keu koosio [kéù koosìò]Enseignant. Keu koosio u bɛɛ kãsa keu dirɔ.",Il ira au cours même si c’est une seule fois. Qui va instruire nos enfants maintenant que leur maître est parti. Lemaître vous a dévancé à l'école.
Famille et relations,"Wara u koo tɛ̃ bɛsɛn bibu keu sɔ̃ɔsi, mà ben mɛtiri u sĩa. keu sɔ̃ɔsi .",Qui va enseigner nos enfants maintenant que leur maître est rentré. nég.
Famille et relations,"A man wunɛn bii kɛ̃ , ù ka man gberu da.",Confie-moi ton enfant pour qu'il m'accompagne au champ.
Famille et relations,U man bii wi tìm kɔ̃ sum kɛ̃ɛri.,Il a donné un mauvais produit à l'enfant.
Famille et relations,Nɛn bibu ba man daa te sɔɔ kɛ̃ɛriri.,"Mes enfants m'ont eu, ils sont allés nager dans mon marigot."
Famille et relations,"Daaru ta yìrenu mɔ, ba ǹ maa ye mɛɛra. Mɛna ba ka kɛ̃ɛrisi mi.",. . Le marigot a de la boue. Ils n'ont Ils ont nagé malgré cela.
Famille et relations,Na bii ben 141 kɛɛ̃ risia kɛniama turo tasu kɛɛrisio.,J’ai fais éplucher les ignames à un de ces enfants.
Famille et relations,U kɛ̃ɛrisima daa ten guru giɔn di uka turuma mini.,Nage depuis l'autre rive du marigot pour arriver jusqu'ici.
Famille et relations,"Kurɔ be, ba wɛ̃ɛ tarimɔ ka kɛ̃ ka.",Les femmes tressent leur fil avec la quenouille. kñki. kñkiya
Famille et relations,"Bii wi, u kparuba kɛ̃ ka taara.",. . L'enfant a piétiné un morceau de verre cassé. kñka. kñkiya.
Famille et relations,"Kɛkɛ baranu ganu nu wãa, nu ra n bunuwa.",Il y a certaines sandalettesfaites à partir devieux pneus qui sont lourdes.
Famille et relations,U man kɛkusi nde win kurɔ.,Il m’a assiégé comme si j’étais sa femme.
Famille et relations,Daa te kɛra ya kura sere bɛsɛn gbee swaawɔ.,"affluent d’un fleuve, d’une rivière. L'affuent de ce marigot est arrivé jusque sur la route de notre champ."
Famille et relations,Worun baaba u man gĩa kɛ̃ ru bɛ̃ ra.,Le père de Worou m'a fait des cadeaux.
Famille et relations,Kpee ni nu kɛllasi daarɔ.,Les pierres sont tombées dans le marigot.
Famille et relations,A do a kurɔ wi kĩama.,aimer et revenir. Va demander la main de cette femme et reviens.
Famille et relations,s'aimer mutuellement; I de i kĩana.,Aimez-vous les uns les autres.
Famille et relations,"Na nɛɛ ben kĩanaa ye, na ǹ yè wure.",Je dis que je n'accepte :
Famille et relations,Bii u di u deba sere u kiiya.,"L'enfant qui a mangé à satiété, il ne lui reste qu’à roter."
Famille et relations,Bibu ba kìrikiriru go. kìri kirira kìri kirinu.,Les enfant ont tuéune souris.
Famille et relations,Bii wi u ben diru kiria.,L'enfant a incendié leur chambre.
Famille et relations,"A dea fitila dɔ̃ɔ kiria. blesser, se blesser. Bii wi u wɔruma dãrun di u tii kiria.","Baisse la flamme de la lampe. Cet enfant est tombé de l'arbre, il s'est blessé."
Famille et relations,Biɔ ka win kurɔ ba gĩa kirikina. Börɔ ka börɔ ba kirikina swaa sɔɔ.,Se mettre en désaccord. Bio et sa femme ont eu un malentendu. Se dépasser sans se voir.
Famille et relations,Kiruku ba búu dweebu mö.,Les femme féticheuses dansent leur rituel.
Famille et relations,Bii wi ura weesu ko.,Cet enfant ment habituellement.
Famille et relations,Sɔmburu ta ku ra kurɔ wi yikuru ko.,Cette femme ne paresse
Famille et relations,Wɔndiaba ba kòbi yaamɔ. kòbiwa kòbiba kòbina,Les jeunes filles dansent lekòbi.
Famille et relations,Bibu ba komkom soomɔ. komkomwa kombuu/ kommu /,Les enfants tapent sur des boîtes métalliques.
Famille et relations,Ba komkoma soomɔ kurɔ kpaa yerɔ.,Ils jouent de la musique au mariage.
Famille et relations,Kaa da daarɔ a wɔba kora.,Tu iras au marigot enlever un peu d'écorce d'arbre.
Famille et relations,Kosì ya durɔ win daakari seesia. kosìwa kosìba kosìbara.,perle portée autour de la ceinture par les femmes ; Les perlesont séduit cet homme.
Famille et relations,Bibu ba kòto toomɔ dum gɔ̃ rɔ.,"Les enfants jouent au jeu d'escargot dans l’écurie kòtowa kòtonu. koto to, jouer à l'escargot."
Famille et relations,U nɛn gobi kɔ̃ . Bii u win tundo kɔ̃ u yoru tem da. Ba duki yarina ba wuu kɔ̃ . laisser loin derrière soi. U duka sua u man kɔ̃ . Bibu ba sam kɔ̃ .,"Il a jeté mon argent. abandonner, délaisser. L'enfant a abandonné son père, il est allé au Nigéria. Ils se sont dispersés, ils ont abandonné le village. Il est parti il m'a laissé derrière lui. jouer. Les enfants ont joué au balançoire."
Famille et relations,Bii be ba kɔbena yè ba dweebu mö.,Ces enfants se sont donné des taloches quand ils jouaient.
Famille et relations,Ba wii wi kɔbeeru so sere ta nùn mɛni.,L'enfant est affecté par la talocheet il a mal.
Famille et relations,Bɛsɛn tundo u kaanu sɔmwa ka win kɔ̃ keru.,Notre père a arrangé ses calebasses avec son couteau recourbé.
Famille et relations,"À n sɔndu suna a kpa, kpaa tè sara ka kɔkɔsɔ.","Si tu finis de piler l'argile, tu la tamises."
Famille et relations,Ba man bii wi kɔmiari.,Ils m'ont raté cet enfant.
Famille et relations,U man nɛn bii kɔniya.,Il a rasé la tête de mon enfant.
Famille et relations,Bibu ba kɔmkɔm soomɔ.,Les enfants tapent des récipients en fer.
Famille et relations,Na bɛsɛn dwãani kɔnkɔrɔ dwia .,J’ai acheté un cheval noir à notre oncle :
Famille et relations,Wuna a were an ka sere man kɔ̃ɔ mɛnna? kɔ̃ɔ mɛnnɛ.,Qui es-tu pour chercher à avoir des relations sexuelles avec moi? nég.
Famille et relations,Kɔɔkɔwa ba ra ka bii nare uka mari.,C'est avec ce qui est dangereux qu'on effraie les enfants.
Famille et relations,Bibu ba kenu kɔ̃ɔna.,Les enfantsd se sont jetés des jouets.
Famille et relations,Bibu ba kparuba kɔra dirɔ. Na nɛn gberu kɔra na kpa.,Les enfants ont cassé une bouteille dans la case. J'ai fini de labourer mon champ.
Famille et relations,"Yè u daaru da, min diya u win bwãaru kɔrama.","Quand elle est allée au marigot, elle a cassé sa gourde."
Famille et relations,"Kɔrɛ kɔrɛ ya tura , i ka bɛɛn bibu yarima.","Il est temps de faire vacciner vos enfants,sortez-les."
Famille et relations,Sa n da kɔrɛ kɔrɛ ko. kɔrɛ kɔrɛ kue.,Faite vacciner vos enfants.
Famille et relations,"Kɔ̃ ro, gera ba ra ka bibu nare suka sɔɔ.",C'est avec cet animal mythique que l'on effraie les enfants dans les contes.
Famille et relations,Na kɔ̃ saa burabu dɔɔ daarɔ.,Je vais chercher un bambou au marigot.
Famille et relations,U bii wi gobi kɔsiasia.,Il a fait payer l'argent à cet enfant.
Famille et relations,Daaru miya gbaka ye ya kɔsire.,C'est dans le marigot que la calebasse s'est cassée.
Famille et relations,Ba dera biiu man kɔ̃ siri.,Ils ont fait que l'enfant a été gâté contre mon gré.
Famille et relations,Win dirɔ u tasu berua sere su ka kɔ̃ sisi.,. . Son mari a caché les ignames jusqu'au jour où elles ont pourri.
Famille et relations,Sabin baa u win kɔtɛnu dwa un dà doke wuburu sɔnu.,Le père de Sabi a acheté des chaussures pour la saison des pluies.
Famille et relations,I ku bii wi kukusia.,Ne cachez ass cet enfant.
Famille et relations,Kumba u win samaa dweebu kana.,"chef des femmes du culte ""bukakaari. La responsable des femmes du culte bukakaari a convoqué son monde."
Famille et relations,Wuu guruku tɔn kurɔbu ba ra ràa kùndi doke.,Les femmes de l’antiquité portaient des pierres rouges aux oreilles.
Famille et relations,Bibun wuunu yiru ye ya kunisina.,Les deux groupes d'enfants se sont jetés les uns sur les autres.
Famille et relations,A wa mɛ̀ bii wi u kunkundu mumia.,Vois comme cet enfant sent mauvais.
Famille et relations,Musuku ga bii kuntaru sɔka ga gĩa.,Un chat a griffé un enfant et l'a déchiré.
Famille et relations,Bii win banɔ ya man kurari.,Le ballon de l'enfant a éclaté malgré moi.
Famille et relations,"Sa ǹ dàa gam daabu kĩ, bibun wurena nu sun kurasia yɛnun di.","Nous ne voulions aller nulle part, ce sont les bruits des enfants qui nous ont fait sortir de la maison."
Famille et relations,Kùri kùri ya sobu mɔ too. kùri kùriwa kùri kùriba. Bibu ba ra kuri kuri kã.,"Le cobaye est très turbulent. kuri kuri [kuri kurí]Gâteau, galette d'arachides. Les enfants aiment les galettes d'arachides."
Famille et relations,"Yaruwaasi wi, u ǹ gãanu yɛ̃ kurɔ damaru baasi. kurɔ damanu kurɔ damana",Ce jeune homme ne sait que courtiser les femmes.
Famille et relations,Durɔ wi ura kurɔ damaru ko. kurɔ damaru kue.,Cet homme courtise les femmes.
Famille et relations,"Kurɔ kun tɔnu, yera nɛn kurɔ sawagisɔ. kurɔ kùn tɔnuwa.",Ce sont les feuilles vert foncées que ma femme a préparées aujourd'hui.
Famille et relations,Kurɔ mɔro u daaru da.,La femme mariée est allée au marigot.
Famille et relations,"Bii wɔndia wì u sarɔ mi, u sãawa Dãayiren kurɔ kpaa sãako. kurɔ kpaa sãkowa. kurɔ kpaa sãkobu. kurɔ kpaa sãkoba. kurɔ kpaaru [kùrɔ kpaàru‚]mariage. Nɛn kpaasi goo u kĩ u kurɔ kpaaru ko.",La jeune qui passe est la fille d'honneur de Dangniré. Un de mes amis veut se marier.
Famille et relations,Kurɔ kpao u win buraru sãa.,La nouvelle mariée est joliment habillée.
Famille et relations,"maîtresse, femme prostituée. Kurɔ tanɔ u sibun durɔbun nɔni do.",La prostituée guette les maris d’autrui.
Famille et relations,Tantanɔ ura n kurɔ tim yɛ̃ . kurɔ tɔkɔ koo dabiri/ kàkòm kàkom. kurɔ tɔkɔ koo dabi]scorpion noir. kàkòm kàkom ga ku ra sibu to kam kam. kàkòm kàkomsa [kurɔ toko sere kpeki]. kurɔ tɔkɔ siki kpika [kurɔ tɔkɔ siki kpika]Mollugo nudicaulis (Molluginacées). kurɔ tɔkɔ siki kpika. kurɔ tɔkɔru [kurɔ tɔkɔru]la vieille femme. kurɔ túuru [kurɔ túuru]tuberculose. Kurɔ túuru ta ra tianɛ.,Le célibataire conait le charme pour trouver une femme. Le scorpion noir ne pique : kàkòm kàkomwa. kàkòm kàkomsu. La tuberculose est une maladie contagieuse. .
Famille et relations,U bibu gobi nɔma kurusia.,Ila mis de l'argent dans les mains des enfants.
Famille et relations,"Yè na daaru da, yera na nua mare u kuuru mö u sisi.","Quand je suis allé au marigot, j'ai entendu un peulh qui lançait des hurlements tout en venant. ."
Famille et relations,U man nɛn biin nɔni makiari.,Il a entrouvert les yeux de l'enfant contre mon gré.
Famille et relations,Gusunɔ u Maari win malaika gɔria.,Dieu a envoyé son ange à Marie.
Famille et relations,Nɛn nɔniɔ baayere kpuro ya man sãawa mamaaki.,A mes yeux tout me paraît miraculeux.
Famille et relations,U man bii wi manima.,Il m’a confié l'enfant de force.
Famille et relations,"se taire, taire. Bà n nun wɔmwa aku mari.","Sion t’insulte, ne te tais :"
Famille et relations,Durɔ wi kun gɛɛ yɛ̃ sere maribu.,Le monsieur ne sait que se murer dans le si- 166 marima masini lence.
Famille et relations,Gari yi yu kpĩa yu marira.,Cette affaire a pu être tue.
Famille et relations,U win tii gari yi marisi.,Il a gardé silence sur lui. nég.
Famille et relations,"Yè biiu sumɔ, win mɛɛrowa u da u wii marisia.","Quand l'enfant pleurait, c'est sa mère qui est allée le faire taire."
Famille et relations,Kurɔ win marùbu kun tɛ.,b1) accouchement. L'accouchement de cette femme n'a :
Famille et relations,Ba ka sun dokotoro marùsio naawa.,Une sage- femme est affectée dans notre village.
Famille et relations,Bii u masa tema u nuki kua kɛkɛkɛ.,"L'enfant a mangé le gâteau de maïs, son ventre est rempli."
Famille et relations,U koo ràa bii swa taabugii wi màsiri.,Il a coincé et corriger l’enfant têtu.
Famille et relations,"N weenɛ a bii be kai ko, kpa ban da mɛm nɔɔ.",Il est normal que lorsqu’on donne des ordres à l'enfant qu'il obéisse.
Famille et relations,Mɛm nɔɔbu bu ka tɔnu do. mɛm nɔɔbu sariru [mɛ¹ nɔöbú sarìru]désobéissance. Mɛm nɔɔbu sariru ta dera biiu tii mɛɛra kua. mɛm nɔɔbu sarira,Il est bon pour un homme d'obéir. A cause de la désobéissance l'enfant s'est blessé.
Famille et relations,Bɔni kɔda u win mɛro yam mi.,Il a mis le feu à cet endroit.
Famille et relations,"Nɛn mɛro bisi u na sanam mɛ̀ nɛn baa u barɔ. mɛro bisiru [mɛro bisiru]Familiarité, parenté. Bɛsɛn mɛro bisiru ta dam mɔ.",Mon parent est venu quand mon père était malade. Notre lien de parenté est très solide.
Famille et relations,Yɔ̃ɔ wuren mɛro tɔnwero u nùn durɔ kã.,La grande tante de Yon Wuré lui a donné un mari.
Famille et relations,Bɔna sikaban mɛro yãkabuu ga mɔre sina kpaarɔ. mɛro yãkabuuwa mɛro yãkabunu. mɛro yãkabuna.,Bona la petite tante des jumaux est mariée dans la maison royale.
Famille et relations,Kurɔ wi ura wekenu mɔm. Na ku ra mɔm yam sãreru baatere.,Cette femme fabrique des canaris. Je ne fais : .
Famille et relations,Kurɔ wi u ràa mɔra wuu mi.,Cette femme était mariée dans ce village.
Famille et relations,Kurɔ wi u sĩa win mɔra kpàarɔ.,"Cette femme est rentrée dans son ménage, chez son mari."
Famille et relations,Nɛn bibu kpuro ba mɔraru da.,Toutes mes filles sont parties chez leurs maris.
Famille et relations,"Bà n bii so, ura mɔre.","Si on tape l'enfant, il boude."
Famille et relations,Sa ǹ mɔri duure.,riz cultivé. Nous n'avons
Famille et relations,U sun bii mɔri sɔ̃ɔsimɔ.,Il nous montre que ces enfants n’appartiennent qu’à lui.
Famille et relations,"Durɔ wi, u mɔru bara u win kurɔbu gira. mɔru bɛ̃ sira/ mɔrɔku bɛsira [mɔru bɛ‚s¿‚ra‚]1. Yè na nɛɛ u doo u tebo mwama, yerau mɔru bɛ̃ sira. mɔru bɛ̃ sire.","Ce monsieur s'est fâché, il a renvoyé ses femmes. être furieux. Quand je lui ai demandé d’aller me retirer la houe, il est devenu furieux."
Famille et relations,Kurɔ wi u win taani mukiri.,"serrer les jambes, serrer les sphincters. Cette femme a serré ses jambes."
Famille et relations,"Sanam mɛ̀ na swii mɔ, nɛn bibu ba ra mukutunnu kã.","Quand j'avais du haricot, mes enfants aimaient manger le haricot bouilli."
Famille et relations,Bii be ba dweebu mö mùnɔrun korɔ.,Les enfants jouent au pied du kapokier sauvage.
Famille et relations,Bii u ku ra n yɛ̃ win kpaaku sɔ̃ɔ ga muusuku mɔ.,chat. L'enfant ne sait jamais que la forêt qui est à côté de son village peut abriter une panthère.
Famille et relations,"attraper, Nɛn wɔmɔn sisu su gĩa kpasa mwa. Yè na nùn gobi kã, yerau yì mwa ka nuku dobu. Gusunɔ u bɛsɛn kanaru mwa. Que Dieu exauce nos prières.","Le piège de mon frère a attrapé une antilope hier. prendre à la main, prendre dans les mains d'un autre. Quand je lui ai donné l'argent, il l'a pris avec joie."
Famille et relations,Na bii be gua ye mwasia.,J’ai fait attraper ce poulet par les enfants.
Famille et relations,Kurɔ wi u win bii naa da win sesun mi.,aller à la recherche de. . Cette femme est allée chercher son enfant chez son frère. na›a› de.
Famille et relations,Wunɛn kurɔ ù kùn nun kkĩa ku wii naa gira. Yãa ten naa karuka sɔɔra sãkuru ta sɔka. naa karuka naa karuki .,"Si ta femme ne t’aime naa karuka / naa kabura [naà kabúra‚]espace entre les sabots des petits ruminants,espace entre les orteils. L'épine est entrée entre les orteils."
Famille et relations,Ba man bii wi naa mwɛri. naa mwɛsia [naa mwɛsia]1. Sunɔ u durɔ wi naa mwɛsia.,Ils ont rattrapé l'enfant sans mon consentement. Le chef afait rattraper cet homme.
Famille et relations,A ka man bii wi naawa.,Amène-moi cet enfant.
Famille et relations,Kurɔ mɔrowa ura win som nam.,C’estla femme de ménage qui doit moudre sa farine.
Famille et relations,Wunɛn baaban kurɔ u sãa wunɛn nana. 178 nanda nde nanabara,La femme detonton père est ta mère.
Famille et relations,"effrayer, faire peur. À n da bii wɛ̃ɛru nare, u ku ra nun kã.","Si tu effraies un petit enfant, il ne t'aime :"
Famille et relations,Na wii kurɔ wi narusia.,Je lui ai demandé de faire peur à cette femme.
Famille et relations,"Kurɔ wi den nasara sua, u kpĩa u sĩimɔ.","La femme a eu la délivrance, elle a pu marcher."
Famille et relations,Nasiaru ta dera bii wi u sĩira.,La peur a transformé l'enfant.
Famille et relations,"N wee, a nɛnɛ. Nɛna na ko bii wi nɛnɛ.","Tiens et garde-moi ça. élever (un enfant), éduquer. C'est moi qui vais élever cet enfant. nég."
Famille et relations,A bii ben dĩanu yiiyo nɛnɛm. nɛnɛm nɛnɛmka / nɛnɛnka / nɛnnɛruka,Laisse de côté la nourriture des enfants.
Famille et relations,Sabi ka win bɔrɔ ba nɔma nɛnunɛ.,Chabi et son ami se tiennent par la main. Lihatlah:
Famille et relations,Naa tebon nɛnubu bu sãawa dɔɔnɛn gari. Wunɛ ka nɛnubu.,"Tenir la houe est une question d'habitude. Merci pour le fait que tu l'as gardé. éducation, fait d’élever un enfant."
Famille et relations,A bii wi nɛnuma a ka na mini.,Prends la ain de l'enfant et amène-le moi.
Famille et relations,A daa te sɔɔ niɛma ana.,laver les mains dans. . et revenir. Lave-toi les mains dans le marigot et reviens.
Famille et relations,"Dii tenin bɔkuɔ, bɛsɛn nikurɔwa u wãa mi.","A côté de cette case, c'est notre grand-mère qui est là."
Famille et relations,Kurɔ win sɔbunu nu nim diira Takun swaawɔ. nim duroru / nim doru[nim doru]nénuphare. Nim duroru ta ku ra kpi tem kpaasa sɔɔ.,Les bagages de la femme ont été noyés sur la voie de Takou. Le nénuphare ne pousse :
Famille et relations,Tɔnu ka win nisi ba ku ra n do.,Une femme ne s'entend jamais avec sa coépouse.
Famille et relations,Ba bii nɔm kureru so sere sa nanda. nöm kurena nɔm sooru / nɔm soberu [nɔm sooru]empan. Nɔm sooru ta ra bekuru yĩirewa miL'empan sert à mesurer un pagne.,On a donné un coup à un enfant au point que nous avons eu peur. nöm kurera.
Famille et relations,Na bara kowo gobi nɔmu sɔndiya. U bii wi tebo nɔmu bɛria.,J’ai posé l’argent sur la main du mendiant. Il a mis la houe dans les mains de l’enfant. .
Famille et relations,Durɔ wi u kurɔ wi nɔni mani.,Cet homme a fixé des yeux cette femme.
Famille et relations,"Bii win nɔni kpɛtɛnu kùn waabu wã, baa fiiko.",La saleté des yeux de cet enfant est désagréable.
Famille et relations,Bè ba ra tɔmbu bɛ̃ re ba nɔni tau.,inv. Ceux qui opèrent les gens sont courageux.
Famille et relations,"Bii wi u nɔni yɔ̃ . nɔni yɔndu [nɔni yɔndu]Impolitesse, irrespect. A ka man wunɛn nɔni yɔndu se. Epargne-moi ton impolitesse.","être impoli, manquer de respect. Cetl'enfant est impoli."
Famille et relations,"Bii wi, u kĩ uka win mɔɔ nɔni yɔ̃ ra. nɔni yɔ̃ re.",L'enfant veut devenir impoli envers son grandfrère.
Famille et relations,Bii wi u nɔnu mɔ.,Cet enfant est gourmand.
Famille et relations,A de bii wi ù nun nɔni nasia.,Fais-toi respecter par cet enfant.
Famille et relations,Bii wi u nɔɔ do.,orifice ; extrémité. Cet enfant est bavard.
Famille et relations,"Bii wi u nɔɔ sãu, a mɛɛrio mɛ̀ u gari mö.","parler avec un débit rapide. Cet enfant parle vite, regarde comme il parle."
Famille et relations,Bii wi nɔɔ mmɔa ǹ kpɛ̃ a nùn gari kamia.,"parler trop. Cetenfant parle trop, tu ne peux l’égaler."
Famille et relations,"Bii wi u nɔɔ do. Wì u gari mö mi u nɔɔ do. Wobu te ta nɔɔ do. Yɛ̃ ku ye ya nɔɔ do. nɔɔ dobu [nɔɔ dobu]: Wobu ten nɔɔ dobu. Mban nɔɔ doba mɛra, bii wunɛ. nɔɔ dobugii [nɔɔ dobugii]bavard. Nɔɔ dobugii ku ra kpanɛ u samaa sɔɔ gari gere.","inv. int. Cet enfant est bavard. Celui qui parle a une voix qui perce. être tranchant (instrument qui coupe). Ce couteau est tranchant3) être piquant (piment). Ce piment est très piquant. tranchant. Ce couteau est tranchant. facilité de parole, fait d'être bavard. Pourquoi es-tu si bavard ? Le bavard n'a :"
Famille et relations,"Bii wi u nɔɔ dora too, wiya ura win baaba tɔmɛ.","Cet enfant volubile, c'est lui qui sait chanter les louanges de son père."
Famille et relations,Bii wi u nɔɔ gɔbu.,"être querelleur, agressif. Cet enfant est agressif."
Famille et relations,"nɔɔ kpakunu[nɔɔ kpakunu]provocation, plaintes, défi, irritation. Bii wi u nɔɔ kpakunu mɔ. 189 nɔɔ sansu nɔɔri",Cet enfant irrite.
Famille et relations,"Bii win nöɔnɛru, gari giriya.",Cet enfant a un mauvais caractère.
Famille et relations,A man nɔɔrio n doona. Nɛn mɛro u rà bii nɔɔri gem gem.,Donne-moi satisfaction pour que je parte. Ma mère s'occupe bien des enfants.
Famille et relations,I de i nɔɔrina bweseru sɔɔ.,Entraidez-vous les uns les autres dans la famille.
Famille et relations,Daa te sɔɔra sa nɔrusi wuu giru.,. . C’est dans ce marigot que tous nous buvonsau village.
Famille et relations,A dea bii wi nim nɔrusia. Sɔɔ ben kpaa yɛ̃ ro u bè tam nɔrusia.,Fais boire cet enfant. L'hôte de ces étrangers les a fait boire de l'alcool.
Famille et relations,"Bii wi u win nuku dobu tusia. Tɔ̃ ru baatere tè sɔɔ a bwãa do, ade a nuku dobu tusia. nuku dobu tusie.","L'enfant a manifesté sa joie. Chaque fois que tu te sens en bonne santé, manifeste ta joie."
Famille et relations,Nuku sundu ta dera u bii wi so u mɛɛra kua.,Il a frappé l'enfant avec méchanceté si bien qu'il l'a blessé.
Famille et relations,Nuku yarabu bu ka kurɔ wi gɔɔ naawa. 192 nuku yaribu nun,C’est l'avortement qui a conduit cette femme à la mort.
Famille et relations,"Kurɔ wi, u win seri nukusu doke, yi tĩri niki niki.","Cette femme a mis un produit qui fait noicir ses cheveux, ses cheveux sont très noirs."
Famille et relations,"Bii win bɔ̃ sa ye, yakoo num.",L'allergie de cet enfant va disparaîtreinacc.
Commerce et argent,Ba abonu dɔramɔ aburɔ. Abonu ka sɔkura nu ra n do.,. On vend des gombos au marché. La sauce du gombo accompagne bien l'igname pilée.
Commerce et argent,Gisɔra bɛsɛn wuun aburu.,C'est aujourd'hui le marché de notre village.
Commerce et argent,Ben wuun yabura adaamisi. Adaamisi sɔna bɛsɛn wuun yaburu.,Le jour du marché de leur village est jeudi. Le jeudi est le jour du marché de notre village.
Commerce et argent,Alaaruba sɔ̃ na bɛsɛn wuun yaburu.,y . mercredi. C'est mercredi le jour du marché de notre village.
Commerce et argent,Arari u nɛɛ ita go gisɔ. Aburu sɔnu araribu ba ra nɛɛ go bɛsɛn wuuwɔ ka tɔ̃ɔ bakaru sɔnu.,"Le boucher a abattu trois boeufs aujourd'hui. Le jour du marché et les jours de fête, les bouchers abattent des bœufs dans notre village. ."
Commerce et argent,Gbɛnan gobi kùn arubaruka mɔ.,L'argent volé n'est :
Commerce et argent,Ba ra arumasanu yewe Taasiɔ. Na yaburu dɔɔ n arumasanu dwe.,On cultive les oignons à Malanville. Je vais au marché acheter des oignons.
Commerce et argent,Sa ko yam mi da arusuma baka yè ya we.,Nous irons à cet endroit le vendredi prochain. .
Commerce et argent,Ataraatawa wuu mi ba rà yaburu ka.,C'est le mardi le jour du marché de ce village.
Commerce et argent,"Nà n sia yaburu da, kon ayo dweema.","alium sativum. Si je vais au marché demain, j'achèterai de l'ail."
Commerce et argent,"U tan kpaasu ka gurusu di ma win baaru ta mɔsa. Ba ku ra baaru yɛ̃ɛsu sɔ̃ . Swaa baarɔwa u win gobi kɔ̃ yèu yara. U ku ra tɔnu baa geeru sɔ̃ , man kùn mɔ baa goru.","Il a mangé de nouvelles ignames en même temps que des anciennes et sa joue s'est enflée. On n’apprend 2) bord de la route. C'est au bord de la route qu'il a perdu son argent lorsqu'il est sorti. Il ne tient jamais de bons propos, mais toujours de mauvais."
Commerce et argent,Ba nɛn gobi bɔɔru man nɔɔbaayari.,Ils ont frauduleusement ouvert mon porte-monnaie. .
Commerce et argent,"Yarusuma sɔnu, bè ba bara mö ba ra n sɔ̃ wa gingiren kɔnnɔɔwɔ .",Les vendredis ceux qui vivent de mendicité sont assis devant la mosquée.
Commerce et argent,"Nà n sin teeru yaburu da, kon nun bara koto kotoku dwia. bara koto kotokuwa. bara koto kotokunu. bara koto kotokuna.","Si je vais au marché après demain, je t'achèterai des chaussures en bois."
Commerce et argent,Bara sunɔ ka wigibu ba yarusuma da sunɔn kɔnnɔwɔ.,Le chef griot et les siens sont allés louanger le roi le vendredi.
Commerce et argent,"Win sɔmbura kia dɔrabu baru kpaa kpaka. bàru kpaa kpaakawa  bàru kpaa kpaakpaba baàru kpaa kpaakana bàru kpaaru [bàrù kpààru‚]village. Baru kpaarun diya ba ra ka tasu nɛ. bàru tem [bàru tem]pays baatɔnu, le Borgou. Baru tem mu tura sere ka NiseriawɔLeBaru tem s’étend jusqu’au Nigeria.",Son travail est de faire le petit commerce de village en village. C'est du village qu'on apporte des ignames.
Commerce et argent,Yayi u batakunu dɔramɔ yaburɔ.,La vieille vend de petites boîtes au marché.
Commerce et argent,Seron kurɔ u batakunu dɔramɔ yaburɔ.,La femme de Séro vend des bottes au marché.
Commerce et argent,Yarusuma baayere sere nnɛn gberu bera.,Chaque vendredi je dois visiter mon champ. .
Commerce et argent,"U wãa u berii, u ǹ yɛ̃ mì u dɔɔ. U beri bururun di sere sɔ̃ɔ uka kpa. Wuun beru beruka kpuro ba swɛɛ wĩamɔwa.","Il erre, il ne sait où il va. se promener, aller vendre. Il s’est promené depuis le matin jusqu'au crépuscule. On trace des routes partout aux alentours du village."
Commerce et argent,"A ka bii sinɔ, na beribu dɔɔ. 18 berima bɛɛgia beriba.","Reste avec l'enfant, j'irai vendre."
Commerce et argent,U win bibu yaa berisia.,Il a envoyé ses enfants vendre de la viande à la criée dans le village.
Commerce et argent,Gobi bɛkɛ yi yu koo berubu sɛ̃ sia. Gisɔ bɛsɛn wuun taasobu ba berubu dɔɔ.,Cette grosse sommed’argent sera difficile à cacher. la chasse aux gros gibiers. Aujourd'hui les chasseurs de notre village vont à la grande chasse.
Commerce et argent,U nɛn bɔɔ te man beruri.,Il a caché mon porte-monnaie malgré moi.
Commerce et argent,"Na nɛn gobi berusia bankiɔ. Na Woru gari berusia. bɛsɛ bɛsɛ ko [bese bese ko/bɛsɛ bɛsɛ ko]bouger, rapidement, se dégourdir, faire tout pour que . U wuu da, su ka ko bɛsɛ bɛsɛ u wurama. bɛsɛ bɛsɛ kue.",J'ai fait garder mon argent à la banque. J'ai confié un secret à Worou. . . Il a voyagé et il est revenu aussitôt.
Commerce et argent,"Na bɛɛ wa yaburɔ. Bɛɛ, i ku da.","Je vous ai vus au marché. Vous, n'y allez C'est à vous que je parle."
Commerce et argent,"U kpee yãnu dwebu da yaburɔ, ma u biama.",Elle est allée acheter des condiments au marché et est revenue bredouille. .
Commerce et argent,Gobi yi yu biara.,Cet argent n’a .
Commerce et argent,Sa ka nɛn gobi yi biasi.,Nous avons manqué mon argent malgré tout.
Commerce et argent,Ba man nɛn gobi yi biasia.,Ils m'ont privé demon argent.
Commerce et argent,"Yè u win gobi ka tam nɔra, yerau sina ka biti. bitiwa [bití b¿‚a/biti kua‚]1. Na ka win bara te biti bia.","Quand il eut dépensé tout son argent pour s'enivrer, il est resté soucieux, dans l’embarras. être confus, troublé, déconcerté, désorienté. Je suis troublé face à son état de santé."
Commerce et argent,Sɔkura yikogii ura boo yaa sa ù ka win sɔkuru dɔra.,La vendeuse d'igname pilée prépare la viande de cabri pour vendre son igname pilée.
Commerce et argent,Gobi kpakororugibu ba ra bɔkuranu bwese bweseka ko.,Les agents des banques font différents prêts.
Commerce et argent,Gobi yì yu koo bɔkurara i yì gobi bero wɛ̃ɛyɔ.,Remettez l’argent qui peut être emprunté au caissier.
Commerce et argent,Na nɛn bɔɔ bataku kɔ̃ yaburɔ.,J'ai perdu mon portemonnaie au marché.
Commerce et argent,Gunun kurɔ ura bɔɔ kpenu dɔre yaburɔ. bɔɔ sɔ̃ ra / sɔ̃ ra [bɔɔ sɔ̃ ra]longue poche. Yerukobu ba ra ben gobi dokewa bɔɔ sɔ̃ ra sɔɔ. bɔɔ sɔ̃ ri. bɔɔ sɔ̃ riya.,La femme de Gounou vend du gros sel au marché. Les anciens cachaient souvent leur argent dans de longues poches.
Commerce et argent,"Mɔɔ bi, bu bɔɔru.",L'akassa est bon marché.
Commerce et argent,y1) besoinNɛna na gobin bukaata mɔ.,C’est moi qui ai besoin d’argent. .
Commerce et argent,"Yè kurɔ wi u dweebu dua, win yɛnugibu ba nùn buki kua n banda. distribution d'argent. Kurɔ kpaa yaa bi sɔɔ Sabi u buki kua n banda.","Quand cette femme est entrée dans la danse, les gens de sa maison lui ont fait beaucoup de cadeaux. . . Au cours des festivités du mariage, Sabi a distribué beaucoup d'argent."
Commerce et argent,Sina bibu ba koo kĩasu ka gobi buki ko.,Les princesvont donner du tissu et de l'argent aux danseurs et aux griots.
Commerce et argent,Na nɔɔmɔ tɔn be ba buri ba ben gobi bikiamɔ.,J'entends les gens –là bourdonner pour réclamer leur argent. .
Commerce et argent,A do a gobi yi bũuri wunɛn yãnu sɔɔ.,Va fouiller cet argent dans tes effets. .
Commerce et argent,"A ka naa ye dokotoro do, yù ku raa gbi. Emmène la vache au ser- 58 gbi gbindu vice vétérinaire sinon elle va mourir . s'éteindre (feu, lumière). À kùn fitila ge gum doke, ga koo gbi. A ku de kɛkɛ ye yù dɔ̃ɔ gbi. A kia te dweeyo suru ù ka gbi, kaa gobi wa.","mourir. Si tu n’ajoutes 3) s'arrêter (moteur). Ne laisse 4) finir (mois). Achète la marchandise, d’ici la fin du mois, tu aura de l’argent. ."
Commerce et argent,Ba nùn gbãa búru dãkusia ka gobi .,Ils l’ont fait travailler la manche de la hache avec de l’argent.
Commerce et argent,Gobi yu wãa nɛn dansiki bɔɔrɔ.,Il y a de l'argent dans la poche de son « dansiki. »:
Commerce et argent,Nɛn yaayi ura demunu dɔre yaburɔ. demunuwa demunu kuure / demunu kubure [dèmúnù kubùré/ kuure]oranger doux. A man demunu kubure wɛ̃ɛma. demunu kuburebara demunu yãka [dèmúnù yãka]citron. Sa demunu yãka dɔrabu da. demunu yãka. demunu yãki. demunu yãkiiya.,"Citrus spp. Ma mère vend des oranges au marché. orange, citron. Citrus aurantium (Rutacées). Donne-moi une orange demunu kuburewa demunu kubureba. Nous sommes partis vendre du citron."
Commerce et argent,win kpaarun deribu bu nùn nɔni sɔ̃ɔwa.,Son départ des lieux lui a coûté cher.
Commerce et argent,Yɛ̀ kɛnu nu dìbu kere.,Vendre à vil pris vaut mieux que vendre à crédit.
Commerce et argent,À n dìbu dia kɔsia.,Si tu as contracté des dettes tu dois payer. dìbu di.
Commerce et argent,Ba dobi dɔramɔ yaburɔ.,On vend du mil au marché.
Commerce et argent,U koo ka win gobi yin gari dosi.,Il va rêver en pensant à son argentinacc.
Commerce et argent,Wì u nɛn gobi dɔba ù man dɔbasio.,"Celui qui a retrouvé mon argent, je le prie de me le remettre."
Commerce et argent,"Win gobi yì yu ràa kɔ̃ɔra, yu dɔbara.","Son argent qu'il avait perdu, il l'a retrouvé."
Commerce et argent,Ba man nɛn gobi dɔbari.,Ils ont ramassé mon argent et ils l'ont gardé pour eux.
Commerce et argent,"Woru u win gobi bɔɔru kɔ̃ , u kparasia ma ba nùn dɔbasia.","Woru a perdu son porte-monnaie, il l’a fait publier et on le lui arestitué."
Commerce et argent,"U win sii duma ye dɔra ka corps porté pour la chasse, gilet . À n wa u win dɔ̃ɔ soo yaberu sebua, ba beribu dɔɔwa. dõö soo yabera dɔ̃ɔ soo yàbenu. dɔ̃ɔ soo yabena.","Si tu le vois porter son habit de chasse, c’est qu’il est prêt à aller à la chasse."
Commerce et argent,Kia dwebu ka kia dɔrabu bu sɛ̃ kɛkɛ sɔɔ.,Il est difficile de vendre et d'acheter des marchandises dans un véhicule .
Commerce et argent,"Yè u win kpookpooru dɔrama, yerau sere na uka man ten gari mö.","Quand il a fini de vendre son vélomoteur, il vient maintenant m'en parler."
Commerce et argent,"Tɔn ben yaa ye sɔɔ, dɔraraa ya wãa.","Dans la viande de ces gens là, il y a celle qu’on peut vendre."
Commerce et argent,U man nɛen gue yi dɔrari.,Il a vendu mes poulets contre mon gréinacc.
Commerce et argent,"Boo ni nu barɔ, mɛna uka nì dɔrasi mi.",". . Les cabris sont malades, il les a vendus quand même."
Commerce et argent,Sabi u win tasu dɔrasia maroɔ.,Sabi a fait vendre ses ignames en ville.
Commerce et argent,A dea man wunɛn taa si dɔre.,Vends-moi tes ignames.
Commerce et argent,Gɔɔ siko u ku ra wure ù duku gobi yi deri sikurɔ.,Le fossoyeur n'accepte :
Commerce et argent,À n yaburu ddaa man duku binu dwiama n ka kpee sa.,"muscadier africain, faux muscadier. Si tu vas au marché, achète-moi les graines du muscadier pour préparer la sauce."
Commerce et argent,Yĩiren durɔ yãkabuu ga ra bɔru dɔre yaburɔ. durɔ yãkabuuwa. durɔ yãkabunu. durɔ yãkabuna.,Le jeune frère du mari de Yinre vend du sel au marché.
Commerce et argent,"Yoka, sɔ̃ɔ ù n dwiya, yera ba ra yabu te ka.","Le soir, quand le soleil s'apaise, ce marché s'anime. ."
Commerce et argent,Sa ko yaa dwe yaburɔ.,Nous achèterons de la viande au marché. nég.
Commerce et argent,U man nɛn gbɛ̃ a dweeri.,Il a acheté mes bols.
Commerce et argent,Mɛna na ka sì dwesi mi .,. . C’est ainsi que je l’aiacheté.
Commerce et argent,Na wii nɛn sii duma dwesia.,Je lui ai fait acheter mon vélo.
Commerce et argent,Worun baa u nùn tire kpaaru dwia.,Le papa de Worou lui a acheté un livre neuf.
Commerce et argent,À n wunɛn kɔnɔ faara wwaa wunɛn búu nim doke. Bom fàarawa sa rà dwe Mare Worun gaawɔ. Minin gbee sɔma ya faara sãa. Faara dio kù ra kã bù ka wii di.,"gratuit, gratis. Si tu trouves un coiffeur gratis, tu lui demandes de coiffer aussi ton idole. bon marché. Nous achetons du lait à bon marché dans le campement de Maré Worou. 3) facile. Ici il est facile de faire les travaux des champs. fàarawa faara dio [faara dio]parasite, piqueassiettes, qui aime la facilité. Celui qui parasite un autre n'aime :"
Commerce et argent,"À n da faara gere, aku ra gãanu waa dwe. Faara geron daa kùn do.","Si tu parles avec mépris, tu ne trouves rien à acheter. fààrà gerua. faara gero [faara gero]l’insolent, l’impertinent, qui méprise les autres. Celui qui méprise les autres n'a :"
Commerce et argent,Bɛsɛn wuuwɔ fɛɛri ya sari.,Il n’y a :
Commerce et argent,Bake u gbɛ̃ɛ 97 furɔ gaafara furo fondi dwa yaburɔ. furo fondiwa furo fondiba furo fondibara,Baké a acheté un bol en aluminium au marché.
Commerce et argent,"Yè na yaburu da, yera na yãa gabu dwa. gabu wãa.","Quand je suis allé au marché, j'ai acheté la colonne vertébrale du mouton."
Commerce et argent,A dea 103 gari bakaru gãruma gobi yi gari. Gari bakaru ta ǹ tim mɔ.,"lire, compter. Compte cet argent. La niaiserie n’a :"
Commerce et argent,U win soogeba gobi garisia.,faire lire. Il a fait compter l'argent à ses soldats.
Commerce et argent,Gasɔ ka gasɔ nɛn baa ura man gobi kɛ̃ n ka gãanu dwe keu dirɔ. gasɔ ka gasɔwa.,De temps en temps mon père me donne de l'argent pour acheter quelques choses à l'école.
Commerce et argent,"Yè Sabi u yaburu da, u kiaru geeru kua. Quand Sabi est allé au marché, ila débattu du prix des marchandises. tɔmba mɛnna siki siki tɔnu kùn kpɛ̃ ù ben geeru gere.","nombre, effectif. Les gens se sont rassemblés en aussi grand nombre qu'on ne peut les dénombrer."
Commerce et argent,"Gem mùn turuma, weesu su koo doona. Yè ba gari yi mɛɛra, ba wa wì u gem mɔ. Nyewa yen gem?","Si la vérité arrive, le mensonge va partir. Quand ils ont examiné le problème, ils ont vu celui qui a raison. le vrai prix d'une marchandise. Quel est son prix réel ?"
Commerce et argent,Naa gimare yera ba gisɔ go yaburɔ. Naa ye ya gimaare kua.,C'est une vache stérile qu'ils ont tuée aujourd'hui au marché. La vache est devenue stérile.
Commerce et argent,"À n gobi mɔ, faagi kun sɛ̃ .","Si tu as de l'argent, il est facile de converser."
Commerce et argent,Win yɛ̃ ku ye ya koo gobi ko.,"Son piment va lui rapporter de l'argent2) gagner de l'argent, s'enricher."
Commerce et argent,"Tɔn be, ba gobi di wɔru ge sɔɔ too.",Ces gens ont dépensé beaucoup d'argent pendant ces festivités.
Commerce et argent,U bè gobi taasi bu ka wii tɛtɛ toowa.,Il a corrompu les gens afin qu'ils puissent voter pour lui.
Commerce et argent,Na nawa a man gobi yãki kɔsi. gobi yãkiya.,Je suis venu pour que tu me fasse de la petite.
Commerce et argent,Ugoo mɛro kasuu u dwe.,Il cherche une poule à acheter.
Commerce et argent,Ba gɔ̃ɔge soomɔ yaburɔ. gɔ̃ɔgewa gɔ̃ɔgeba.,On joue du violon au marché.
Commerce et argent,A gunɔn guurun tenkuru mö. gunɔn guura gunɔn guùnu.,Tu fais le commerce du rat de Gambie.
Commerce et argent,"Gurekuwa sa mɔ sa ra ka karasi dɔre. guru tãraru [gurí tãraru‚]goutte de pluie. Gura ya koo nɛ, yen tãraru ta kpɛ̃ a. guru tãrara guru tãranu. guru tãrana","Nous avons un entonnoir en calebasse pour vendre le pétrole. Il va pleuvoir, il tombe beaucoup de gouttes de pluie."
Commerce et argent,U guronu dwem da.,gombo séché. Il est allé acheter du gombo séché.
Commerce et argent,Wunɛn tasu nyewa ? nyewa K - k ka kaa,A combien vends-tu tes ignames ? Combien coûte l'unité ?
Commerce et argent,Ba koo sia yaburu kaa bɛsɛn wuuwɔ.,On fera le marché demain dans notre village. nég.
Commerce et argent,Sa yaburu kaabu dɔɔ buru te.,Nous allons participer au marché ce matin.
Commerce et argent,"Yè sa yaburu kaama sa wee, yera kpookpooru ta wii sura swaawɔ.","C’est lorsqu’on revenait du marché, qu’une moto l'a renversé sur la route."
Commerce et argent,Yaburu ta koo kaara. kaa yoro [kaa :,Le marché sera bien animé.
Commerce et argent,Bibu ba da ba man yaburu kaari gbɛnum.,Les enfants sont allés faire le marché à mon insu.
Commerce et argent,Ba man yaburu kaasia. 129 kaato kãkari,Ils m'ont fait faire le marché.
Commerce et argent,Bii wi sii u man kabiriri fuuku. Dúu bòo wi sɔɔra u kabìrisi.,A mon sens l'enfant a vite marché à quatre pattes. sur. . . Il a marché à quatre pattesmalgré sa plaie au genou.
Commerce et argent,Kama bwe bwewe yera sibu ba dɔramɔ gisɔ yaburɔ.,Ils ne vendent que de la potasse molle au marché aujourd'hui.
Commerce et argent,Kama gea nɛn baa u nɛɛ n wii dwiama.,Mon papa m'a demandé de lui acheter de la potasse solide.
Commerce et argent,Sibu ba da ba sun sunɔ suuru kanari ni. U da u sun sɔnkɔrɔ gobi kanari gbɛnum.,Ils sont allés damander pardon au chef sans nous. demander contre le gré de quelqu'un. Il est allé demander de l'argent au député discrètement. . .
Commerce et argent,"Gusunɔ u nɛn kanaru mwa, na gobi yi wa.","Dieu a exaucé ma prière, j'ai obtenu l'argent dont j'ai besoin."
Commerce et argent,"Saa bururun di, yabu kao kùn sĩa.","Depuis le matin, le marchand n’est :"
Commerce et argent,U man gobi karaa.,Il m'a diminué le prix.
Commerce et argent,"Karabosi, yera sibu ba dɔramɔ.",papayer. C'est de la papaye qu'ils sont en 134 karàbu kare train de vendre.
Commerce et argent,A yinaa beku ten gobi kawa. Ba wii kawa.,"Tu as refuséde revoir le prix de ce pagne à la baisse. abaisser, sousestimer, dénigrer, dévaloriser. On l'a abaissé."
Commerce et argent,Gobi kawabu bu ra kiaru goowa.,L’abaissement des prix tue le marché. . .
Commerce et argent,"Yè duma ya durɔ wi sura, yera win naasu su baari kembu sɔɔ. kembu kpika [kembú kpìka‚]étrier en cuivre jaune pour dignitaires. Kembu kpikaa sina bokobu ba ra ka duma sɔni. kembu kpiki kembu kpikiya.","Quand le cheval a fait tomber le monsieur, son pied était coincé dans l'étrier. C'est avec des étriers en argent que les rois montent a cheval."
Commerce et argent,U kɛkɛ tenku dua uka yaburu da.,Il a pris un taxi pour aller au marché.
Commerce et argent,Na kĩ n kĩasu dwe n ka bekuru ko.,Je veux acheter une étoffe pour faire un pagne.
Commerce et argent,Na ka nɛn kinasi yinna yaburɔ.,J'ai rencontré mon bien-aimé au marché.
Commerce et argent,Na tii gobi yi koosi. U koosi yɛnu gia.,J'ai gardé l'argent pour moi. aller vers. Il est allé vers la maison.
Commerce et argent,U nɛn gobi kɔ̃ . Bii u win tundo kɔ̃ u yoru tem da. Ba duki yarina ba wuu kɔ̃ . laisser loin derrière soi. U duka sua u man kɔ̃ . Bibu ba sam kɔ̃ .,"Il a jeté mon argent. abandonner, délaisser. L'enfant a abandonné son père, il est allé au Nigéria. Ils se sont dispersés, ils ont abandonné le village. Il est parti il m'a laissé derrière lui. jouer. Les enfants ont joué au balançoire."
Commerce et argent,U man nɛn gobi kɔ̃ɔri.,Il a perdu mon argent.
Commerce et argent,Sari wìnwãaru ta ku ra kɔsi .,Il n’y a :
Commerce et argent,Na kösi kasuu.,Je cherche de la monnaie.
Commerce et argent,A man kɔsi ko.,Fais-moi de la monnaie.
Commerce et argent,"U gĩa man nɛn dibu kɔsia. Yè u man so, na nùn kɔsia.","Il m'a payé ma dette hier. Quand il m'a frappé, je le lui ai rendu. nég."
Commerce et argent,Yaarɛn kɔsiabu bu sɛ̃ .,", payer. Il est difficile de rembourser les bienfaits."
Commerce et argent,A do a Woru deemaa nɛɛ ù man nɛn dibu kɔsiama.,"Va voir Woru, dis-lui de me payer ma dette que tu m'apporteras."
Commerce et argent,U man tɔnu kam wi nùn win dibu kɔsiari.,Il lui a payé la dette à ce mauvais type contre mon gré.
Commerce et argent,Mɛna uka kɔsiasi mi baa yèu ka barɔ.,. . Il a payé ainsi sa dette malgré sa maladie.
Commerce et argent,U bii wi gobi kɔsiasia.,Il a fait payer l'argent à cet enfant.
Commerce et argent,A do a man gobi kɔsima.,Va échanger mon argent.
Commerce et argent,Su bɛsɛn yabenu kɔsina. I bɛɛn dia ye kɔsinɔ.,Echangeons nos chemises. Echangez vos cases.
Commerce et argent,Bɛɛn gobi yi yu kɔsira.,Votre argenta pu être échangé.
Commerce et argent,U sun gobi kɔsisia. U sun tɔ̃ ru kɔsisia.,Il nous a fait échanger de l'argent. Il nous a fait changer de date.
Commerce et argent,Sa ko yaa kunum dwe yararin mi. U gobi mɔ yu kunum mɔ.,On va acheter la chair de la viande chez le boucher2) grande quantité. Il a de l'argent en grande quantité.
Commerce et argent,Win kɛkɛn naasu su kura. Yaburu ta kura.,Les pneus de sa voiture ont éclaté2) se disperser. Ils se sont dispersés. Le marché s'est dispersé.
Commerce et argent,U gobi yi nɔma kurusi tɔmbu bu ku ka yi wa.,. . Il tient l'argent à pleines mains pour que personne ne le surprenne.
Commerce et argent,U bibu gobi nɔma kurusia.,Ila mis de l'argent dans les mains des enfants.
Commerce et argent,Nɛn sɛ̃ u ga kutaru kua. A n dum kutaru ddwaa wunɛn gobi kɔ̃ wa.,"Ma flèche a été maladroite. kùtaru. — 2) lent, nonchalent. Si tu achètes un cheval nonchalent, tu perds ton argent."
Commerce et argent,"Wɔndiaba mɔgooro suba nɔni gãa goorɔ, ba ka yaburu na.",Les jeunes filles ont mis de l'antimoine sur le bord des yeux pour venir au marché. . .
Commerce et argent,"Yarari u yaa mura ya bɔɔru. Biɔ, aku nɛn gari yi mura.","Le boucher a découpé la viandequ’il vend à bon prix . donner son opinion sur une question (aider à expliquer. Bio, je te demande de ne nég."
Commerce et argent,À n yaburu ddaa man musimusi dwiama.,"Si tu vas au marché, achète-moi des graines."
Commerce et argent,"attraper, Nɛn wɔmɔn sisu su gĩa kpasa mwa. Yè na nùn gobi kã, yerau yì mwa ka nuku dobu. Gusunɔ u bɛsɛn kanaru mwa. Que Dieu exauce nos prières.","Le piège de mon frère a attrapé une antilope hier. prendre à la main, prendre dans les mains d'un autre. Quand je lui ai donné l'argent, il l'a pris avec joie."
Commerce et argent,"Mì sùunu ga taara, miya nɛmu ga rà nim nɔ. Yè sa dõɔ mɛna da, yera nɛn bɔ̃ɔ ga nɛmu seeya.","Là où l'éléphant a marché, c'est là que la biche boit de l'eau. Quand nous sommes allés à la chasse, mon chien a poursuivi une biche."
Commerce et argent,Bɛsɛn kianu nu gobi nɛra.,Nos marchandises ont le même prix.
Commerce et argent,"Sà n gberu dɔɔ, sa ra n bɛsɛn nim sɔɔwawa. yari gɔbo ura tɔnu gobi bɔkurewa ka nim.","Quand nous allons au champ, nous emportons de l'eau. intérêt. L’usurierprête de l’argent avec intérêt."
Commerce et argent,Na bara kowo gobi nɔmu sɔndiya. U bii wi tebo nɔmu bɛria.,J’ai posé l’argent sur la main du mendiant. Il a mis la houe dans les mains de l’enfant. .
Commerce et argent,Bawin mi gobi nɔna da.,Ils sont allés quémander de l’argent chez lui.
Commerce et argent,"Kurɔ wìn gobi yu kɔ̃ɔra, win nɔni yu bwɛ̃ɛ.","être troublé. Cette dame a perdu son argent, elle est troublée."
Commerce et argent,"I ku de bii wi ù man nɔbi du. nɔni du inv. Ben 185 nɔni gãa gooru nɔni tera beku te ta nɔni du, ten gobi yu ka nɛ. Leur pagne est bon marché, il n'est  nɔni gãa gooru [nɔnì gãa gòòru‚]les tempes. Wɔndia ba kìre suba nɔni gãa goorɔ ba ka yaburu na. nɔni gãa goora. nɔni gãa gòònu. nɔni gãa goona.","Ne laissez : être moins cher, à bon marché. Les filles ont mis de l'antimoine sur les tempes pour venir au marché."
Commerce et argent,"I de su nɔɔ tia ko, kpa su ye dwe. nɔɔ toosi ko [nɔɔ toosí ko]1. Tɔn be ba koo nɔɔ toosi ko bù wuu ge da. nɔɔ toosí kue.",Entendons-nous pour pouvoir l'acheter. Ces gens vont se concerter avant de voyager.
Commerce et argent,"kpaa man kpee kɛ̃ , yaayi. Woru u koo gberu da, ù n wuma, kpa ù yaburu da. A yaburu doo gina, kpaa yoka dãa da. A doo a durɔ wi tɔbiri kpaa waa bɛɛrɛ ko. U maro dawa kpa ù ka yande kɔ win kɛkɛ sɔmma.","coord. Maman, donnez-moi de la sauce. Worou ira au champ, à son retour il ira au marché. Va d'abord au marché, le soir tu iras au bois. afin, pour que. Va saluer cet homme et tu seras bien vu. Il est allé en ville afin de pouvoir réparer son auto."
Commerce et argent,Ba beku kpamkpam dwebu da.,Ils sont allés acheter un drap blanc.
Commerce et argent,Bɛsɛn tem tuuta ya nim kpesa mɔ. kpese wekeru/ kpeseburu [kpesè wékéru]marmite pour la sauce. Yaburɔwa ba rà kpese wekeru dɔre.,Le drapeau de notre pays contient la couleur jaune. C'est au marché qu'on vend la marmite pour la sauce.
Commerce et argent,Ma ba win gobi sua ba nùn yi kpɛ̃ɛri búugibun kaarɔ.,Et ils ont pris son argent et ils l'ont mis dans la calebasse des fétichistes.
Commerce et argent,"se réfugier, s'enfuir. Durɔ wi, u wuun gobi di u kpa, ma u kpikuru sua.",Cet homme a détourné l'argent du pays et a fui.
Commerce et argent,Kpura kpura kɔ̃ɔɔgera u dwebu da wa u dwem da.,Il est allé acheter une natte.
Commerce et argent,Wuna a nɛn gobi gbɛna.,"doute, surprise. C'est toi qui as volé mon argent!"
Commerce et argent,Yaa ye ya saada mɔ too.,C'est très cher.
Commerce et argent,"Nà n kĩ n yaberu dwe, sere n gina nɛn mɛro saawa ko. A na su saawara ko.","Si je veux acheter une chemise, je demande d’abord l'avis de ma mère. se concerter. Viens, nous allons nous concerter."
Commerce et argent,sankiriwa na kasu n dwe.,Je cherche de l'alun à acheter.
Commerce et argent,"Yè na yaburu da, na sansu dwema.","Lorsque je suis allé au marché, j'ai acheté des aubergines."
Commerce et argent,"Nà n kĩ n yaberu dwe, na rà nɛn mɛro sawara ko.","Si je veux acheter une chemise, je consulte ma mère pour avoir son avis. nacc. sawara mö."
Commerce et argent,A dea wunɛn yaberu sebe a sere yaburu da.,Enfile ta chemise avant d'aller au marché.
Commerce et argent,Sekobu bera ba ra sèkubu ko. A naa gbãa yen sèkuru mɛɛri a sere yè dwe.,Seuls les forgerons forgent les outils. constitution de quelque chose. Viens regarder la constitution de la hache avant de l'acheter.
Commerce et argent,Bii u gobi kureru dɔba ma u da u semi gam.,Un enfant a ramassé un rouleau de billets de banque et est allé le cacher quelque part.
Commerce et argent,"Ye sa tem yɛ̃ ro senna, yera ba sun gobi kã.","accueillir, aller à la rencontre de. . Quand nous sommes allés à la rencontre du chef de l'Etat, ils nous ont donné de l'argent."
Commerce et argent,"Gua ya yen sɛ̃ɛru taara. A fitira sɛ̃ɛru te teo. sɛ̃ɛra sɛ̃ a,.",Une poule a marché sur son œuf 2) verre de lampe. Lave le verre de la lampe.
Commerce et argent,Kurɔ win sɛkɛ ya do.,Cette femme prépare de la bonne viande à vendre.
Commerce et argent,"Yè nɛn bɔrɔu man gobi kã, yera na wii siarasia.",Lorsque mon ami m'a donné de l'argent je l'ai fais remercier.
Commerce et argent,Sii geesun taabuwa u doke. siri kotoru/ siri kana [sii kotoru]front. Tɔnun siri kana ya ballimɔ. sii kɔkɔru / sii kɔ̃ kɔru [sii kɔkɔru]1) récipient en fer. sii kɔ̃ kɔra. sii kɔ̃ kɔnu. sii kɔ̃ kɔna.,Il a porté une bague en argent. Homme au front luisant. casque bombé : .
Commerce et argent,Amɔna tɔn be ba basĩisina mi ?,Comment ces gens ont-ils marché?
Commerce et argent,Maron tɔmbu ba ra soke kã. Bii wini u sòkeru mɔ too.,Les gens de la ville aime le commerce. Cet enfant est trop curieux.
Commerce et argent,A de bù nun sɔbu ni sɔbima a ka na.,Permets qu'ils te chargent les bagages pour me les apporter.
Commerce et argent,Su sɔ̃ ke sɔ̃ ke ko su ka yãaru dwe su ka wöru ko.,Cotisons de l'argent pour acheter un mouton pour faire la fête. nég.
Commerce et argent,Ba bè gobi sɔ̃ kuna.,donner de l'argent à partager. Ils leur ont remis de l’argent à se partager.
Commerce et argent,Ba gobi yi sɔmina ba ka dɔ̃ɔna.,"S’emparer, s’accaparer. Ils se sont emparés de tout l’argent et ils sont partis."
Commerce et argent,Biɔ u yina ù win bɔrɔgobi sɔnɛ. être sous l’emprise de… Taba ya ra gabu sɔnɛ.,"Bio a refusé de réclamer son argent chez son ami. Celui qui chique le tabac, est sous l'emprise du tabac. nég."
Commerce et argent,"À n wii gobi yi sɔnuma, ana su waana.","Quand tu lui auras réclamé l'argent, viens me voir."
Commerce et argent,Gobi yi yu sɔnura adama yu ǹ waare.,L'argent a pu être réclamé mais n'a base:
Commerce et argent,Ba man sii gobi yi sɔniri.,Ils lui ont réclamé l'argent à mon insu.
Commerce et argent,A dea wii gobi yi sɔnusia fuuku ù sere doona.,Fais-lui réclamer vite cet argent avant qu'il ne parte.
Commerce et argent,Ba sun wa yaburɔ. Ba sun sokuu.,1ère pers. Ils nous ont vus au marché. Ils nous appellent.
Commerce et argent,Nɛ ka durɔ wi sa taarana.,Cet homme et moi nous avons marché l'un sur l'autre.
Commerce et argent,U man nɛn bii taarari.,Il a marché sur mon fils.
Commerce et argent,Ba wii gobi taasima win mɛro kpaarun di.,On lui a donné beaucoup d'argent chez sa mère.
Commerce et argent,Suru tarumma sa ka sĩa gĩa.,Nous avons marché à la lumière de la lune.
Commerce et argent,"Buru te, na ràa yaburu dɔɔwa.","ce, cet, cette. Ce matin-là, j'allais au marché. ni."
Commerce et argent,"Ba tenkuru dɔɔ, ba ben kaanu sɔɔwaa.","Les commerçants vont au commerce, ils portent leur calebasse."
Commerce et argent,Tɔn be ba sokunamɔ bù tɛtɛ to. Sere bù be gina ban ten tɛtɛ to.,Ces gens s'interpellent pour aller jouer au jeu de hasard. voter. Il faut qu'on fasse d'abord des élections pour cette chefferie.
Commerce et argent,Ba tireru dɔramɔ fɛɛriɔ. Na nɛn bɔrɔn tireru wa gisɔ.,"papier, lettre. On vend des livres à la boutique. J'ai vu la lettre de mon ami aujourd'hui3) livre saint: bible, coran."
Commerce et argent,Na 277 tɔn durɔru tɔ̃ru tɔn durɔ bii be yaba gobi mwaari. tɔn durɔ biiwa. tɔn durɔ bibu. tɔn durɔ biba.,J'ai pris de l'argent aux enfants de mes oncles.
Commerce et argent,Bɛsɛn yɛnun kurɔ mɔrowa na bɔru tubi.,C'est à la ménagère de notre maison que j'ai commandé du sel.
Commerce et argent,Sa kianu tubina yabu tɔ̃ ru.,On s’est commandé des marchandises le jour du marché.
Commerce et argent,Bɛsɛn kurɔ tɔkɔ ura win sɔmbe dokewa tusuru sɔɔ.,t1) gros panier de forme oblonde pour noix de karité. Notre mère met sesnoix de karité dans un gros panier de forme oblonde 2) monnaie 1. 000 : un milliard.
Commerce et argent,À n gobi mmɔa woo kana.,"se vanter. Si tu as de l'argent, vantetoi."
Commerce et argent,Na naa wɔburu dwa yaburɔ. wɔmburu [wɔ̃ buru/ wɔmburu]insulte. Wɔmburu ta ku ra goo go.,J’ai acheté une patte de boeuf au marché. L'insulte ne tue personne.
Commerce et argent,Ba fɛɛri ye wukia gisɔ.,Ils ont ouvert la boutique aujourd'hui.
Commerce et argent,"Na yaa dwe. Aawo, yaa baasi.","Ka kúkunu? Je veux acheter la viande avec des os. Non, sans os yaa baasiwa."
Commerce et argent,"Yaa kuru ta gisɔ kɛnyɛ, na tamaa sa ko yaa wa su dwe.","La boucherie est ouverte aujourd'hui, je crois que nous pourrons trouver de la viande à acheter."
Commerce et argent,À n bweseru kĩa yãa nirudweeyo. yãa nira . yãa ninu yãa nina .,"Si tu veux faire de l’élevage, il faut acheter une brebis."
Commerce et argent,Dɔ̃ɔ kɔ̃ɔ suru sɔɔra ba ra yaba gobi mwɛ.,C'est au premier mois de l'année bariba que les gens prennent le tribut coutumier.
Commerce et argent,Yàbe yabaau sebua uka yaburu da. yabe yabaa yabe yabi.,Il portait une vieille chemise pour aller au marché.
Commerce et argent,yàbura yàbunu yàbuna,Domma yaburu? C'est quand le marché? .
Commerce et argent,"Nà n yaburu da, kon yarumasaru dweema. yãamasara yãamasanu .","Si je vais au marché, je vais acheter des oignons."
Commerce et argent,Sa ku ra gberu de yarusuma sɔnu.,Nous n'allons :
Commerce et argent,"Mà n kua gobi gia, warà u man yawa ? yãwa gia [yãwã gia]acacia macrostachya. yãwa gia.","Quand il s'est agi de l'argent, qui s'est souvenu de moi?"
Commerce et argent,"Ba sun dobi yi yĩirusia, sa yĩiyɔ ba kĩ bù dwewa ma ba ǹ dwa.",Ils nous ont fait mesurer le mil; nous croyons qu'ils voulaient acheter et ils ne l'ont : .
Commerce et argent,Ba yĩreru kuana yaburɔ. yĩrera yĩrenu yĩrena,Ils se sont fait des signes au marché.
Commerce et argent,"Yaruwaasi ba yoru tem daamɔ ka tɛ̃ . Wunɛn gobi yì a man kã mi, yu man yòru yara.","Les jeunes vont au Nigéria jusqu’à nos jours . yòru yara1 [yòru ya‚ra‚]libérer un esclave. L'argent que tu viens de me donner, m’a rendu libre."
Commerce et argent,Bayoruku buranu dɔramɔyaburɔ.,On vend de jolis bols en calebasse au marché.
Santé et corps,"Ba sakɔ gen wiru yikua, ma ba ka ten nim agbaara kua.","Ils ont bouilli la tête du phacochère, et ils en ont fait de la soupe."
Santé et corps,"bien-être, bonne santé. U ben alaafia mɛɛribu da. A kpuna n do ?",Il est allé voir leur état de santé. As-tu bien dormi ? Comment ça va? Très bien.
Santé et corps,Anna wunɛn bii ? Alafia Comment va ton fils? anna yɛnu 'comment va la maison ? anna wunɛn kurɔ 'comment va ta femme ? anna wunɛn durɔ 'comment va ton mari ? anna a kpuna 'comment as-tu dormi ? anna a sɔ̃ɔsɔɔ kua 'comment passes-tu la journée'; Anna a yabe buraru wa ! anna n kuawa ?,comment va. . . ? '; anna bii 'comment va l'enfant ? '; anna bibu 'comment vont les enfants ? '; anna wasi 'comment va la santé ? '; '; '; '; anna a yoka kua 'comment passes-tu la soirée ? '. comment! quel . . . ! Quelle belle chemise ! Que se passe-t-il ?
Santé et corps,"bɛ̃ɛya1) rônier, palmier. Tɔn turo kun kpɛ̃ ù bãa sɔbe.",Une seule personne ne peut porter le rônier sur la tête.
Santé et corps,"Bà n ka wii dokotoro da, u koo baani wa. I swaa yari baani.","Si on l'amène à l'hôpital, il recouvrira la santé. sain et sauf. Arrivez sains et saufs."
Santé et corps,"Yè dokotoro u na, u barɔ nɔɔ baayasia.","Quand le médecin est venu, il a fait entrouvrir la bouche aupatient."
Santé et corps,barɔ 'aété malade'. Yabu ye ya wii bara. 14 b baràru di bàra bakaru [bàra bakaru‚]tambours sacrés. Gaani sɔna ba ra baàra bakaru so.,Cela l'a rendu malade. C'est à l’occasion de la fête de la gaani qu’on bat les tambours sacrés. bàra bakara. bàra bakanu. bàra bakana
Santé et corps,Na barama mi gian di na ka wuma.,Je suis rentré malade de là-bas .
Santé et corps,Nɛn debu u man barari.,Mon grand-père est tombé malade de façon inattendue.
Santé et corps,"Bararu, dukiri bakaa.",La maladie est un souci pour l'homme.
Santé et corps,Ba durɔ wi barasia dokotoro dirɔ.,Cet homme a été soigné à l'hôpital. .
Santé et corps,"Ben yɛnu mi, ba barɔ mɔ.","Dans leur maison, ils ont un malade."
Santé et corps,Na ǹ wii beèrun tìm mɔ.,Je n'ai :
Santé et corps,"Goo te, ta man bemiri.",Ce corps a raidi contre toute attente.
Santé et corps,A do a barɔ wi berama.,Va visiter le malade et revenir.
Santé et corps,"Durɔ win tìm mɛ mu do, mu barɔ wi bɛkia.","Le médicament de cet homme est bon, il a guéri le malade."
Santé et corps,Bara te ta bɛkiabu sɛ̃ .,Cette maladie est difficile à guérir.
Santé et corps,A do a barɔ wi bɛkiama.,Va guérir le malade et reviens!
Santé et corps,Na dobo wi bii wi bɛkiari.,J’ai guéri l’enfant contre le gré du sorcier.
Santé et corps,"Gunun bɔrɔu nùn bɛkiasia. Yè u kĩ ù win bii yikuru bɛkiasia, u nùn karewa gberɔ u yake.","L’ami de Gounou l’a fait guérir. Pour guérir son fils de la paresse, il lui a attribué une grande surface de travail au champ."
Santé et corps,"U ku ra sɔbe, man kun bɛkibu.","Il ne porte pas les charges sur la tête, il les met"
Santé et corps,Kurɔ ka durɔ ba bɛkinɛ ba ka sĩimɔ.,La femme et son amoureux marchent corps contre corpsinacc.
Santé et corps,Barɔ wi u den bɛkurama.,Le malade a commencé à guériracc. nég.
Santé et corps,Dokotoro u wii bɛkurasia.,Le médecin l'a guéri.
Santé et corps,U man nɛn gambo dãagia ye bɛ̃ rari.,Il m'a fendu ma porte en bois à mon corps défendant.
Santé et corps,"Ba torom bĩa ban ka tɔ̃ ru yaaye. birɛ birɛwondu / bia bia wondu/ [bia› bia› woǹdu]margouillat dont l’extrémité de la queue ressemble à une deuxième tête. Ye sa wɔru ge gba, sa birɛ birɛ wondu 25 bii wɛr̃ u/wɛɛ̃ ru biama wa. birɛ birɛ wondu. bia bia wɔnnu. bia bia wɔnna.",Ils ont marqué des traits avec de la cendre pour se rappeler la date. Quand on a creusé le trou on a vu le margouillat dont l’extrémité de la queue ressemble à une deuxième tête.
Santé et corps,"Yè durɔ win biiu barɔ, yerau bikiaru da.","Quand l'enfant de cethomme est malade, il est allé consulter le devin. bikiaru de ."
Santé et corps,"Yè u win gobi ka tam nɔra, yerau sina ka biti. bitiwa [bití b¿‚a/biti kua‚]1. Na ka win bara te biti bia.","Quand il eut dépensé tout son argent pour s'enivrer, il est resté soucieux, dans l’embarras. être confus, troublé, déconcerté, désorienté. Je suis troublé face à son état de santé."
Santé et corps,"Sabin boo si, u ǹ kpɛ̃ u sì di.",Sabi ne pourra
Santé et corps,Win sɔkuru ta bɔbia. Durɔ win baràru ta bɔbia.,"devenir dur. Son igname-pilée est devenue dure. devenir sévère, devenir grave (maladie). Sa maladie s’est aggravée."
Santé et corps,U ka win barɔ bɔɔka kua.,Il a consenti beaucoup de dépenses pour sauver son malade.
Santé et corps,Bɔɔsiabu sɔɔra yɛnu yɛ̃ ro u rawa goo ù n barɔ.,"C’est en saluant sa maisonnée le matin, que le chef de famille se rend compte s'il y a un malade dans la maison."
Santé et corps,barɔ wi u den bɔriama.,Le malade a enfin commencé à grossirinacc.
Santé et corps,Sabi u win kpaasin bɔllu bokuru so.,Sabi a frappé d'un bâton son camarade à l’arrière du crâne.
Santé et corps,Win bɔ̃ siabu bu bii wi alafia kua.,Le fait qu'il ait retiré sa malédiction a permis à l'enfant de recouvrer la santé.
Santé et corps,Kon bukaata ko i ka bɛkura.,Je ferai un gri-gri pour vous guérir.
Santé et corps,u wɛ̃ɛ bure barɔn nukuru sɔɔ.,Il a coupé la corde dans le ventre du malade.
Santé et corps,"Busuka yeni, nɛn saataburugia. Su ku wuu geni du, busuka ya wãa mi.",son. Ce son est pour mon lapin. rougeole (maladie avec boutons).
Santé et corps,"A bii wi bwãa wɛ̃ɛyɔ, boma u kĩ. Na ǹ gberu de gisɔ, bwãa kùn do.",y1) sein. Donne les seins à l'enfant il veut téter . santé. Je n'ai
Santé et corps,I bwãa do? Sa alafia mɔ.,être en bonne santé. Etes-vous en bonne santé ? Nous avons une bonne santé.
Santé et corps,Gusunɔ ù ka bwãa dobu na. Que Dieu apporte la santé. bwãa doba.,.
Santé et corps,"Bii wi u ràa busuka barɔ, u bwãa dora tɛ̃ . bwãa dore. bwãa gabatia [bwãa gabatia]soutiengorge. Bɔna u ku ra bwãa gabatia doke. bwãa gabatia. bwãa gabatii. bwãa gabatiiya.","Cet enfant avait la rougeole, il est guéri maintenant. Bona ne porte :"
Santé et corps,"Bii mɛro win bwãa nɔɔ ga barɔ. bwãa nɔɔwa. bwãa nɔsu. bwãa nɔsa. bwãa nɔɔ bia [bwãa nɔɔ bia]mamelon, taiton. bwãa nɔɔ bia. bwãa nɔɔ bii. bwãa nɔɔ biiya.",Le mamelon de cette mère est malade.
Santé et corps,Win bwɛ̃saya densure.,Il est guéri maintenant deson allergie.
Santé et corps,Bara te ta gbarara.,La maladie a été éloignéeinacc.
Santé et corps,Dokotoro dirɔwa kurɔ wi u sun gbiiri.,C'est à l'hôpital que cette femme nous a surpris par sa mort.
Santé et corps,Biɔ u win bɔrɔba gbiiya dokotoro dirɔ.,Bio a devancé ses amis à l'hôpital.
Santé et corps,Yɛm mɛn dãarabu bu dera bɔ̃ɔ ge ga wasara kua.,Le fait que ce sang ait coulé a beaucoup fait souffrir le chien.
Santé et corps,"Wì u barɔ dãkura, wiya u barɔ go.","Celui qui a achevé le malade, c'est lui qui l'a tué."
Santé et corps,Ba ku ra ka goo dèbun bararu bɔɔsie.,On ne dit :
Santé et corps,A ka defenni na n wiru kpĩiri.,Apporte un oreiller pour que je pose ma tête dessus.
Santé et corps,"rendre droit, étendre, étirer, déployer, redresser. U kpĩa u gãse te dɛmia, alafia ya dua. dɛmiɛ2) corriger, reprendre. Ba sun dɛmia yèn sɔ̃ sa tora.",On nous a corrigé parce que nous avons commis une faute.
Santé et corps,Barɔ u ku ra kpĩ ù di sãa sãa. U tɛtɛ toba u di . Ba wii yɔndo di.,"Le malade n'arrive 2) gagner, battre. Il a joué à un jeu de hasard, il a gagné . traiter de. On l'a traité de sorcier."
Santé et corps,"Barɔ wi, u dibu di bu kpã.",Le malade a mangé beaucoup de pâte diba.
Santé et corps,Nimdirum nɔrubu bu bwãa dobu mɔ .,Boire de l’eau simple est source de santé.
Santé et corps,Sabi u dokotoro diru da.,Chabi est allé à l'hôpital.
Santé et corps,"Na ǹ dom donku barɔ, wasirara. dom domkuwa dom möndu [dòm möndu]sommeil profond. Bii u dom mɔndu kua, sere u wɔruma kpinun di.","Je ne souffre : L’enfant a eu un profond sommeil, il est tombé du lit dom mönda."
Santé et corps,"Tɔn be, ba koo gisɔ dom se ka barɔ wi. Bɛɛ ka dom serubu.",Ces gens là vont veiller avec le malade. dom serubu [dom serubu]action de veiller. Salut pour la veillée !
Santé et corps,"Sɔ̃ɔù ka wiru yɔ, Woru Seko u rà tĩrewa nde dɔ̃ɔ gɛ̃ sɛ̃ ru. dõɔ gɛ̃ sɛ̃ ra. dõɔ gɛ̃ sɛnu. dɔ̃ɔ gɛ̃ɛsɛna.","Avant que le soleil ne soit au-dessus de la tête, Worou Séko devient noir comme un charbon de bois."
Santé et corps,"Boo ni nu barɔ, mɛna uka nì dɔrasi mi.",". . Les cabris sont malades, il les a vendus quand même."
Santé et corps,Kurɔ win wasi yu du.ɛ bwĩsiru ta ra man du.,"être mou. Cette femme a le corps mou. qui fait mal, qui fait souffrir, douleur. Mon abcès me fait mal."
Santé et corps,"U wasikira, ba nùn duku kua.","Il s’est évanoui, on lui a fait une fumigation de gris-gris à feu doux."
Santé et corps,U tisu swɛ̃ɛ ù ka duku ko.,Il a chauffé un médicament pour humer la fuméeinacc. duku mö.
Santé et corps,"Yoka, sɔ̃ɔ ù n dwiya, yera ba ra yabu te ka.","Le soir, quand le soleil s'apaise, ce marché s'anime. ."
Santé et corps,"Win dwaa sesu u nùn kɔ̃ su, yèu barɔ. dwaa sesuwa dwaa sesubu.","Elle était malade, c'est sa belle-soeur qui s'occupait d'elle."
Santé et corps,"Bii ù n barɔ, mɛro kùn kpɛ̃ ù doya wɔ̃ kuru.","s'endormir. Quand l'enfant tombe malade, la mère ne peut :"
Santé et corps,"Mɛ bii wi uka doyasina mi, à n da u ǹ bwãa dowa.","La manière dont l'enfant s'est endormi, peut être qu’il est malade."
Santé et corps,Bara te sɔɔra ga nùn dwɛ̃ɛsi.,. . C’est dans cette maladie qu’il a encore été mordu.
Santé et corps,"Tɔkɔ ten bara te, ta dera ù funɛ wɛnda.",La maladie de la dame a fait qu’elle a perdu sa valeur.
Santé et corps,Gãanikuwa ga dera win wiru ta boo mö.,C'est à cause des poux que sa tête a de la plaie.
Santé et corps,Wasangari sunɔn gaari bekuru ta doodo sãare.,La couverture qui est sous la selle du chef des wasangari a des pompons.
Santé et corps,Barɔ wi ura di gea. Durɔ wi ura sɔmburu ko.,Le malade mange bien. Cet homme travaille bien.
Santé et corps,Barɔ wi gɛdda.,Le malade s'est réveillé.
Santé et corps,"Bake,a n kun da wunɛn durɔn yãnu gɛse.","Baké, ne porte :"
Santé et corps,"Yè barɔ wi u kpana u sĩ, yera ba wii kpĩ gɛsɔ sɔɔ.",Parce que le malade n'a :
Santé et corps,"Woru u win bii gɔra u da u wuu giama. commencer à con- 110 gĩama ginaku naître. Yè u sɔmburu giama, yerau bararu mwara.","connaître et revenir rendre compte. Woru a envoyé son fils faire la découverte du village. Quand il a commencé à connaître son métier, il est tombé malade."
Santé et corps,A win wiru wa nde goo bɛ̃ sa. goo bɛ̃ saa. Goo bararu ta wuu dua. Ba ku ra goo bekuru yinɛ bu yen buram kasu. goo beku- 113 goo bero gooru ra. Goo bero tɔnawa ura wɔru gen sɔmburu ko.,"Voyez sa tête, on dirait un morceau de vieille pirogue. injure): goo bararu [goò bararu]maladie de poule. La maladie des poulets est arrivée dans le pays. goo bekuru/ gorun bekuru [goo bekuru]linceuil. On ne cherche :"
Santé et corps,Kurɔ tɔkɔna nu ra n sɔ̃ gɔɔ manuɔ.,Ce sont de vieilles femmes qui restent loge du corps.
Santé et corps,"Wasangari sunɔn duma ye, guniawa.",Le cheval du roi des wasangaris est gris.
Santé et corps,"U ra n hɛɛ barɔ wuburun saa. Win simba sɔɔ, u kĩ tɔmbu kpuro bù faaba wa.","Il souffre de rhumatisme pendant la saison pluvieuse. projet. Dans son dessein, il veut que tous les hommes soient sauvés. himbawa."
Santé et corps,"trompetteroyale Kãakãagi ya bɔɔra. kãakãagiwa. kãakãagiba, . kãakãagibara. — 2) Kãakãagi,joueur de trompette. Kãakãagi sunɔ u barɔ.",Le chef des joueurs de trompette est malade.
Santé et corps,"Ka kafo, baatɔn kɔnɔ ura yɛm gawe, mìn tɔnu dumɔ.",C'est à l’aide d’une ventouse que le coiffeur bariba aspire le sang à l’endroit où l'on sent des douleurs.
Santé et corps,Ba wuu kangi kua.,Ils ont exorcisé tout le village. .
Santé et corps,"À n kentu swãabuu barɔ, ara ka yɛm yɛ̃ kuwa. kentu swãabuu.","Si tu souffres de la bilharziose, tu urines avec du sang."
Santé et corps,Kiiku kun bwɛ̃ɛbwɛ̃ ɛn duma.,Le cheval dit kiikun'est un cheval de pauvres gens.
Santé et corps,Win yɛm kokubu bu kpã sanam mɛ̀ u tii mɛɛra kua. Yaa yen kokubu bu sɛ̃ .,Quand il s'est blessé son sang a trop coulé. action de dépecer. Il est difficile de dépecer cet animal.
Santé et corps,Ba ku ra bii wɛ̃ɛru kɔbe.,On ne tape :
Santé et corps,Ba wii wi kɔbeeru so sere ta nùn mɛni.,L'enfant est affecté par la talocheet il a mal.
Santé et corps,U man nɛn bii kɔniya.,Il a rasé la tête de mon enfant.
Santé et corps,Mɛna uka kɔsiasi mi baa yèu ka barɔ.,. . Il a payé ainsi sa dette malgré sa maladie.
Santé et corps,A dea barɔ wi kɔ̃ su.,veuille à garder le malade. .
Santé et corps,Tantanɔ ura n kurɔ tim yɛ̃ . kurɔ tɔkɔ koo dabiri/ kàkòm kàkom. kurɔ tɔkɔ koo dabi]scorpion noir. kàkòm kàkom ga ku ra sibu to kam kam. kàkòm kàkomsa [kurɔ toko sere kpeki]. kurɔ tɔkɔ siki kpika [kurɔ tɔkɔ siki kpika]Mollugo nudicaulis (Molluginacées). kurɔ tɔkɔ siki kpika. kurɔ tɔkɔru [kurɔ tɔkɔru]la vieille femme. kurɔ túuru [kurɔ túuru]tuberculose. Kurɔ túuru ta ra tianɛ.,Le célibataire conait le charme pour trouver une femme. Le scorpion noir ne pique : kàkòm kàkomwa. kàkòm kàkomsu. La tuberculose est une maladie contagieuse. .
Santé et corps,A wii leferi dokeo win wirun temɔ.,Mets-lui un oreiller sous sa tête.
Santé et corps,Mare sìkura ba ra wasangari bibu kue.,C'est dans le tombeau de forme rectangulaire qu’on inhume les princes wasangaris.
Santé et corps,Dokotoro dirɔ ba nùn marùsia.,C'est à l'hôpital qu'on l'a fait accoucher.
Santé et corps,"Nɛn mɛɛran sɔ̃ , na ǹ yaa go.","A cause de ma blessure, je n'ai :"
Santé et corps,"Nɛn mɛro bisi u na sanam mɛ̀ nɛn baa u barɔ. mɛro bisiru [mɛro bisiru]Familiarité, parenté. Bɛsɛn mɛro bisiru ta dam mɔ.",Mon parent est venu quand mon père était malade. Notre lien de parenté est très solide.
Santé et corps,Ba ra naa bo gum sawe . naa boo guma.,naa bo gum / naa gum [naà boo gum]beurre issu du lait. On peut passer le beurre issu du lait sur le corps.
Santé et corps,Tɔn ben gaan nɛɛ yi tura nɛnɛ.,card. 800 ; huit cents. Leurs boeufs atteignent les 800 têtes.
Santé et corps,Bè ba ra tɔmbu bɛ̃ re ba nɔni tau.,inv. Ceux qui opèrent les gens sont courageux.
Santé et corps,Ba bè barɔ nɔɔrisia.,On lui demandé de s’occuper du malade. .
Santé et corps,"Bii wi u win nuku dobu tusia. Tɔ̃ ru baatere tè sɔɔ a bwãa do, ade a nuku dobu tusia. nuku dobu tusie.","L'enfant a manifesté sa joie. Chaque fois que tu te sens en bonne santé, manifeste ta joie."
Santé et corps,A doo yararibun mi bàn dee kpùra mɔ.,Va voir chez les bouchers s'ils ont du sang coagulé.
Santé et corps,"Nɛn boo u kpa, win kpaka ya wãa mi. kpaka kpaka [kpaka kpaka]décharné, maigre, flasque. Nɛn bɔ̃ɔ ga kua kpaka kpaka.","Ma plaie est finie, il ne reste que la croûte. Mon chien a maigri."
Santé et corps,Nɛn wasi yu man kpaki ma na wobura.,démanger. Mon corps m’a démangé et je me suis lavé.
Santé et corps,Durɔ wi u kpɛrɛru mɔ wirɔ.,Cet homme a de la cervelle dans la tête.
Santé et corps,"Kurɔ burɔ yɔrɔmandi, à n baba a tii saasi.","La belle femme, c’est tout comme la potion de bonheur, si tu la touches tuoint tout ton corps avec. ."
Santé et corps,Yarufa ba ku ra sàkɔ yaa tem.,La viande de sanglier est interdite aux musulmans.
Santé et corps,"Durɔ win bara tè, ta wii sãwanama.",La maladie de cet homme a commencé à l’effondrer.
Santé et corps,niya yerukoba ra raa ka kɛnɛ.,Les anciens fermaient leur porte avec les feuilles du rônier.
Santé et corps,Búu kurɔbu ba ben santari bɔkua.,Les féticheuses ont mis leur bande sur la tête.
Santé et corps,"Yè kɛkɛ ya wuu dua, Woruwa u gbia u sara. Na gĩa dokotoron kɛkɛ wa ya sara. Bii ù n swaa sara, wiin gari yu sɛ̃ .",". descendre, sauter. Quand la voiture est arrivée au village, Woru a été le premier à descendre. J'ai vu hier la voiture du médecin qui passait. avoir mauvais caractère, avoir de mauvaise habitudes. Quand un enfant a des mauvaise habitudes c'est très compliqué."
Santé et corps,Ba durɔ tɔkɔ ten sara swãabu mö gisɔ. sara swãabuuwa  sara swãabunu. sara swãabuna,C'est aujourd'hui qu'ils font la cérémonie du 7è jour de ce vieux.
Santé et corps,"Durɔ win sariru, bè ba tie ba ǹ kpɛ̃ bù gãanu ko. Durɔ wì u barɔ mi, u sariru kua gĩa.","En l'absence de cet homme, ceux qui restent ne pourront rien faire. L'homme qui était malade hier est décédé."
Santé et corps,Gusunɔ u man sekuru yara nɛn bararu sɔɔ.,Dieu m'a glorifié quand j'étais malade.
Santé et corps,"Yè durɔ wi u barɔ, yerau sɛ̃ siama.","Lorsque cet homme est malade, il est devenu difficile."
Santé et corps,"Yè u barɔ, yerau sie poo sɔɔ.","Lorsqu’il était malade, il a vomi dans un pot. ."
Santé et corps,"Siku gɔrɔrɔru, tera ba ra wasangari bii kue.",On fait une tombe allongéeau wasangari.
Santé et corps,Babɔ̃ɔ goru sikia ba 231 sikiabu simba tema.,Ils ont déterré le corps d’un chien pour manger.
Santé et corps,Bagirin baaba tɔnweron sina kɔna sɔɔ win sesu gobi di n banda.,"Quand on rasait la tête de l'oncle de Baguiri, sa soeur a beaucoup dépensé. dépensé."
Santé et corps,"Tim mɛ̀ ba man kua gĩa, mɛna mu nɛn boon wiriribu sosi.","Le médicament qu'on m'a fait hier, c'est lui qui augmenté la douleur de ma plaie."
Santé et corps,"Sɔbu ni, nu kpã, u ǹ kpɛ̃ u nì sɔbe.","Les bagages sont grands, il ne peut :"
Santé et corps,"Na nɛn sɔbunu kpana, ana a man sɔbi, Sabi.",Je n'ai nacc.
Santé et corps,"À n tura yɛnuɔ, wara u koo nun sɔbu nini sɔbia? 239 sɔbiama sɔkana","A ton arrivée à la maison, qui va te décharger?"
Santé et corps,Durɔ wi u win sɔbunu kpana.,Cet homme n'a :
Santé et corps,"A sɔbunu ganu tama, n nun mɔri.","Apporte certaines charges, je vais t'aider à les porter."
Santé et corps,"Yè nɛn kurɔ u wuu dɔɔ, yerau win sɔnditia sua.","Quand mon épouse allait en voyage, elle a pris son voile."
Santé et corps,A wunɛn sɔbunu sɔɔma.,Porte tes bagages et viens avec.
Santé et corps,"Yãa ni nu koo sɔɔra, nu ǹ bunu.","Les bagages peuvent être portés, ils ne sont :"
Santé et corps,"Yè bature ba wuu dumma, yera ba tɔmbu yãnu sɔɔsia.","Quand les Européens sont arrivés, ils ont fait porter leurs bagages aux gens du pays."
Santé et corps,Bii wi u sɔrɔnu barɔwa mi.,L’enfant souffre de la gale.
Santé et corps,Goo ù kù raa nɛɛ wiru goo ù sere nɛɛ sɔrɔru. gĩa sɔrɔru ta man sura.,Que personne ne se plaigne de maux de tête encore moins de maux de ventre. Hier une hernie m'a terrassé.
Santé et corps,"À n wii sura, wɔri kùn kpa. Sɔbu nì ba wii sɔbi mi, u nì sura.","Si tu le fais tomber, la bagarre n'est 2) faire tomber une charge de sa tête. Il a fait tomber la charge qu'on lui a mise sur la tête."
Santé et corps,"Piétiner pluisieurs fois, masser. Na wasira, i na i man taaku.","Je suis fatigué, venez me masser le corps."
Santé et corps,A tãaru koowo n nun sɔbi. tãara tãanu.,"Fais un cous- sinet, je vais te charger tes bagages."
Santé et corps,Su win kɔ̃ ra tanɛ ka nim sum.,masser de toutes ses forces; appliquer avec force une chose chaude sur l'endroit malade. Massons sa jambe à l’eau chaude.
Santé et corps,win wirɔ tari bɔra kùn bɛɛrɛ mɔ.,Sur sa tête la tresse n'est :
Santé et corps,Wasangari bibu ba ra tarakpe kã.,Les wasangari ne se passent :
Santé et corps,"Biɔ u win diru tãwa. Bibu ba di ba deba, ba tii dibu tãwa.","répandre sur une surface ; étaler sur une surface ; Bio a crépi sa case. Les enfants ont mangé, ils sont rassasiés, et maintenant ils étalent la pâte sur leur corps."
Santé et corps,Barɔ wi u tɛ̃ kura.,Le malade est délivré de sa maldieinacc.
Santé et corps,"Yè barɔ wi u tɛ̃ kurama, yera ba ka sii dokotoro dirun di duka sua. 268 tɛk̃ iari tɛriama tɛ̃ kuramɛ.","Quand le malade a commencé à se sentir mieux, ils se sont sauvés avec lui de l'hôpital."
Santé et corps,"Wira ta man soomɔ, a man tibu kɛ̃ .","J'ai des maux de tête, donne-moi un médicament."
Santé et corps,Ba ka barɔ wi da tim nɛmɔn mi. tim nɛndu [tim nɛndu]travail du guérisseur. U tim nɛndu da.,Ils ont emmené le malade chez un guérisseur. Il est allé se faire soigner chez un guérisseur.
Santé et corps,Ba tireru dɔramɔ fɛɛriɔ. Na nɛn bɔrɔn tireru wa gisɔ.,"papier, lettre. On vend des livres à la boutique. J'ai vu la lettre de mon ami aujourd'hui3) livre saint: bible, coran."
Santé et corps,"Barɔ wi u kpana ù yɛ̃ ku, yera win tɔbu ga mɔsa.",Le malade n'a :
Santé et corps,Túa ba rà ka biin nɔɔ fɔ̃ɔ tie.,feuilles amères d'un arbuste. On emploie cette feuille pour soigner la bouche de l'enfant.
Santé et corps,A tukama n nun gari sɔ̃ .,incline la tête pour que je te parleinacc.
Santé et corps,Sunɔ u gbɛnɔ wi tukasia batumaɔ.,Le chef a fait incliner le voleur en public.
Santé et corps,"Ye ba nùn gari sɔ̃ɔwa, yerau tuke.","Avoir la tête baissée. . Quand on lui a parlé, il a baissé la tête."
Santé et corps,A twɛ̃ɛma a sun mɛɛri dãru wɔllɔ.,commencer à regarder en haut en penchant la tête. Lève les yeux et regardenous sur l'arbre.
Santé et corps,"Yè wasam u man kɔnimɔ, u man kɔ̃ɔ mura.","Quand le coiffeur me rasait, il m'a blessé avec la lame."
Santé et corps,Wasangari u seewa u win wuu dɔɔ.,w1) Aventurier. Un aventurier partait en voyage.
Santé et corps,Wasa›ngari biiu ku ra tarakpen biru yari. wasangari bibu wasangari biba .,Les princes ne se passent :
Santé et corps,Wasi wiriribu bu nùn bande. Barɔn wasi yi yu sanɔ kua.,La douleur est trop forte pour lui. santé. La santé du malade s'est améliorée.
Santé et corps,Na ǹ maa wii beeru nɔɔre. wii beera wĩi bwãru /wĩi bɔndu [wĩi bɔndu/ wĩi bwãru ]flambeau. Ba wĩi bwãru bia bù ka yam mi dɔ̃ɔ sɔ̃ ra. wĩi bwãra,Je n'ai plus senti les maux de tête. Ils ont manqué un flambeau pour mettre feu à cet endroit.
Santé et corps,Durɔ wi u sĩimɔ wii kpiriru.,Cet homme marche sans chapeau.
Santé et corps,Na ǹ gĩa doye ka wii soberu.,Je n'ai :
Santé et corps,U ka wiiro yinna. wĩiroru / wɛ̃ roru / [wðiròru : wɛ̃ roru]stérilité. Wɛ̃ roru bara girira.,Il a rencontré un fou. La stérilité est une grande maladie.
Santé et corps,U ǹ wiru do.,tête.
Santé et corps,Sunɔn kurɔ u wiru pɔllu pota. wiru pɔllu pote. wiru pɔru woka/ pɔllu woka [wiru pru woka]raser la tête. U koo wiru pɔru woka. wiru pru woke.,La femme du chef s'est rasée. Il va se raser la tête.
Santé et corps,"Bɛsɛn yiini u we, su wiru kpĩ. Su yinni wiru kpĩiya . wiru kpĩimɔ.","Notre patron arrive, baissons la tête. Soumettons-nous à notre supérieurinacc."
Santé et corps,Durɔ win bara te ta nùn wora. 296 worama /woorama wɔba,maîgrir. La maladie de cet homme l'a fait maigrir.
Santé et corps,U bara sere uka woorasi.,. . Il a été malade au point qu'il a maigri.
Santé et corps,Baràru ta ka wootiro nɛ.,La maladie peut être source de vertige.
Santé et corps,Bibu ba woruku bara yam kpuro.,Les enfants sont malades partout de la variole.
Santé et corps,"Wɔ̃ koru, bara kɔ̃ sura.",La cécitéest une mauvaise maladie.
Santé et corps,Waa ya man dɔma sere ba wɔkɔturɔbu bwɛnya.,Un serpent m'a mordu au point que les gens sont allés chercher les gourdes à gri-gris.
Santé et corps,"durɔ wi, u wiriribu nɔɔmɔ yam mi.",Cet homme souffre beaucoup.
Santé et corps,"Yè win biiu barɔ, yerau wururama.",Parce que son enfant est malade elle a commencé par se faire des soucis.
Santé et corps,Yãtam mu ra nia ganɛ.,La salive apaise la douleur de la piqûre du scorpion.
Santé et corps,"Bɛsɛn wasangari sunɔɔn yaba ye, ya burabu wɛ̃ ra.",Le boubou du chef des wassangari a été bien cousu.
Santé et corps,Yako gera gbɛnɔ wi u sɔɔwaa uka doonɔ.,g1) gros sac en raphia. C’est legros sac que le le voleur porte sur sa tête pour s’en aller. 1. 000 ; un million. .
Santé et corps,"Ye u bara, u yandunia gia.","Quand il a eu cette maladie, il s'est rendu compte de ce qu'est le monde."
Santé et corps,"Tɔnu a bararu yanku, n kerea bararu kpeesia.",Prévenir la maladie vaut mieux que la guérir.
Santé et corps,Boo wi u durɔ wi yasu.,cingler. La plaie fait mal au monsieur. nég.
Santé et corps,Durɔ win yɛm mu yari sere u wasikira.,Il a versé son sang au point qu'il en est fatigué.
Santé et corps,Nɛn wasiya yu yɛmia yɛmɛɛ.,Mon corps s'est refroidi complètement.
Santé et corps,Yɛmɔru bara kɔ̃ sura.,La paralysie est une mauvaise maladie.
Santé et corps,"A wa biiu wasi sãa kàsa kàsa, nde yinu.",Cet enfant a le corps rugueux comme un lézard.
Santé et corps,"Gura yàn nɛmɔ, ba ra bii gɔriwa ù yɔ̃ɔyɔ̃ ɔru mwama. yɔ̃ɔyɔ̃ ɔra. yɔ̃ kpɛkpɛ/ yɔ̃ɔ kpèru","S'il pleut, on envoie un enfant chercher une charge fictive."
Santé et corps,Ben bara te sɔɔra ba gum yɔwasi.,. . . Ils ont fait le beurre dans leur maladie.
Temps et dates,"Sa ǹ gĩa di sa ka kpunɛ, abarakunkunku ga bɛsɛn kpee wɔri.",Hier nous n'avons :
Temps et dates,Gisɔra bɛsɛn wuun aburu.,C'est aujourd'hui le marché de notre village.
Temps et dates,Woru ura win agbada sebe tɔ̃ɔ bakaru sɔnu.,Woru porte son grand boubou les jours de fête.
Temps et dates,Ben wuun yabura adaamisi. Adaamisi sɔna bɛsɛn wuun yaburu.,Le jour du marché de leur village est jeudi. Le jeudi est le jour du marché de notre village.
Temps et dates,Adaaruba sɔ̃ nu u koo wuma. Adaaruba baayere sa ra kanaru de bɛsɛn kana dirɔ.,Il va rentrer le mercredi. Tous les mercredis nous allons à la prière dans notre chapelle.
Temps et dates,Gin teerun alaamisiwa u na.,C’est le jeudi dernier qu’il est venu. .
Temps et dates,Alaaruba sɔ̃ na bɛsɛn wuun yaburu.,y . mercredi. C'est mercredi le jour du marché de notre village.
Temps et dates,Gĩa amadaare bɛsɛn sɔɔ u turuma. Ginaku amadaare sa bɛsɛn gberu wuka sakpa.,"Hier à cette heure-ci notre hôte était arrivé. L'an dernier à cette époque, nous avions fini de nettoyer notre champ."
Temps et dates,"Gĩa amadiire, bɛsɛn sɔɔ u turuma.","Hier à pareille heure, notre étranger était déjà arrivé."
Temps et dates,Bɛsɛn saa amakɛ suabu bu kpeemɔ.,"En notre temps, le transport en hamac existe de moins en moins."
Temps et dates,"Amɛn biru, win tundo u koo bandu di.","D'ici peu de temps, son père règnera sur le trône."
Temps et dates,"Gunuban baan ananawa ba kua gin teeru. Woru Yorun anana sɔɔ, win bibu ba beka kɛ̃ ru kua mi gem gem.","grande cérémonie d’enlèvement de deuil. C’est la cérémonie funéraire du père de Gunu et ses frères qui s’est déroulée avant-hier. distribution de dons aux griots au cours des funérailles. Pendant la cérémonie funéraire de Worou Yorou, ses enfants ont distribué beaucoup de pagnes."
Temps et dates,andunia sere suuru. Tɔ̃ɔ bakaru sɔnu andunia ya mɛnna sunɔn kɔnnɔwɔ.,"La vie ! c'est la patience. Le jour de fête, une foule s’est invitée dans la cour du roi."
Temps et dates,Anna wunɛn bii ? Alafia Comment va ton fils? anna yɛnu 'comment va la maison ? anna wunɛn kurɔ 'comment va ta femme ? anna wunɛn durɔ 'comment va ton mari ? anna a kpuna 'comment as-tu dormi ? anna a sɔ̃ɔsɔɔ kua 'comment passes-tu la journée'; Anna a yabe buraru wa ! anna n kuawa ?,comment va. . . ? '; anna bii 'comment va l'enfant ? '; anna bibu 'comment vont les enfants ? '; anna wasi 'comment va la santé ? '; '; '; '; anna a yoka kua 'comment passes-tu la soirée ? '. comment! quel . . . ! Quelle belle chemise ! Que se passe-t-il ?
Temps et dates,Arari u nɛɛ ita go gisɔ. Aburu sɔnu araribu ba ra nɛɛ go bɛsɛn wuuwɔ ka tɔ̃ɔ bakaru sɔnu.,"Le boucher a abattu trois boeufs aujourd'hui. Le jour du marché et les jours de fête, les bouchers abattent des bœufs dans notre village. ."
Temps et dates,Gĩan di na araaru kua yè na ǹ bɛɛ wa.,"Depuis hier, je me suis inquiété parce que je ne vous ai :"
Temps et dates,Sa ko yam mi da arusuma baka yè ya we.,Nous irons à cet endroit le vendredi prochain. .
Temps et dates,Arusuma buu sa ku ra sɔmburu de.,"Le dimanche, nous n'allons :"
Temps et dates,"asa, sa ǹ gam dɔɔ gisɔ?",. . ? n'est-ce . ? est-ce qu'on n'ira pas quelque part aujourd’hui ?
Temps et dates,Asibiti yoka sa ku ra sɔmburu ko.,Le samedi soir nous n'allons :
Temps et dates,Ataraatawa wuu mi ba rà yaburu ka.,C'est le mardi le jour du marché de ce village.
Temps et dates,Atɛnɛ baayere dokotoro ura bè berabu de.,Chaque lundi l'infirmier leur rend visite.
Temps et dates,"Nà n sia yaburu da, kon ayo dweema.","alium sativum. Si je vais au marché demain, j'achèterai de l'ail."
Temps et dates,"Yè Biɔn baa u gu, 6 ayɔ bãa dooru tubua.",On a toujours tort face au sorcier.
Temps et dates,"père, géniteur, papa. Bɔnin baawa u bii gɔrima. les oncles paternels, Na nɛn baaba tɔbiribu da. Kpuna n do baa.",C'est le papa de Boni qui a envoyé un enfant. Je suis allé saluer mes oncles paternels. Bonjour papa.
Temps et dates,"Baa busigiin bwisi kùn nùn yare gisɔ. baa demam [bàa› dèma›m]Imam. Tɔ̃ɔ bakaru sɔ̃ nu, baa demawa u rà gbi gingireɔ. Bɛsɛn wuun baa demam u Maka dɔɔ. bãa dooru [bãa dooru]rônier. Borassus 7 baa gɛsɛrɛ ballisia aethiopium (Arécassées). Bɛsɛn gberɔ sa bãa dooru mɔ.","Le fripon n’a : C'est l'imam qui dirige la prière les jours de fête. L'imam de notre village va à la Mecque. Dans notre champ, il se dresse un rônier."
Temps et dates,Baadomma na rà n wãawa gberɔ.,Je suis au champ tous les jours.
Temps et dates,sɔ̃ɔ win ballibu bu banda gisɔ.,La rayonnement du soleil est fort intense aujourd'hui.
Temps et dates,"U tan kpaasu ka gurusu di ma win baaru ta mɔsa. Ba ku ra baaru yɛ̃ɛsu sɔ̃ . Swaa baarɔwa u win gobi kɔ̃ yèu yara. U ku ra tɔnu baa geeru sɔ̃ , man kùn mɔ baa goru.","Il a mangé de nouvelles ignames en même temps que des anciennes et sa joue s'est enflée. On n’apprend 2) bord de la route. C'est au bord de la route qu'il a perdu son argent lorsqu'il est sorti. Il ne tient jamais de bons propos, mais toujours de mauvais."
Temps et dates,Yarusuma buuwa na ra daabaaru dora nɔɔ kana dirɔ.,Le dimanche j'écoute la bonne nouvelle à l'église.
Temps et dates,Gbɛnɔ ura n wãawa bakiribu sɔɔ.,Le voleur tente toujours de passer inaperçu.
Temps et dates,Gin teeru ba bàn dii yararu kua bɛsɛn kpaarɔ. bàn dii yarara.,"Avanthier, ils ont organisé la cérémonie de sortie du chef de notre village."
Temps et dates,Tɔn kurɔn bàngo kùn wã. Ba koo yaruwaasiba bango ko sin teeru.,L’excision n'est 2) cérémonie de circoncision. On va circoncire les jeunes gens après-demain :
Temps et dates,"Yarusuma sɔnu, bè ba bara mö ba ra n sɔ̃ wa gingiren kɔnnɔɔwɔ .",Les vendredis ceux qui vivent de mendicité sont assis devant la mosquée.
Temps et dates,"Nà n sin teeru yaburu da, kon nun bara koto kotoku dwia. bara koto kotokuwa. bara koto kotokunu. bara koto kotokuna.","Si je vais au marché après demain, je t'achèterai des chaussures en bois."
Temps et dates,Bara sunɔ ka wigibu ba yarusuma da sunɔn kɔnnɔwɔ.,Le chef griot et les siens sont allés louanger le roi le vendredi.
Temps et dates,"U be kpuro sokusia. U bè sokusia. Kurɔ bè ba wee, ba sãa nɛn wuugibu. Na sɔɔ bè wa gĩa.","Pers. . 3ème pers. Il leur a tous fait appel. qui, que. Les femmes qui viennent sont des femmes de mon village. — dém. Ces (démonstratif proche). J'ai vu ces étrangers hier."
Temps et dates,Yarusuma baayere sere nnɛn gberu bera.,Chaque vendredi je dois visiter mon champ. .
Temps et dates,Wunɛn gbee te ta koo sia berara.,Ton champ pourra être visité demain.
Temps et dates,"Yabu yè wèea bere. Na ǹ gãanu ganu berua, baa yabura. Buru tèra ba goo te berua.","Voici cette chose, cache-la . Je n'ai rien caché même 2) enterrer un mort. C’est ce matin qu’ils ont enterré le mort."
Temps et dates,"U wãa u berii, u ǹ yɛ̃ mì u dɔɔ. U beri bururun di sere sɔ̃ɔ uka kpa. Wuun beru beruka kpuro ba swɛɛ wĩamɔwa.","Il erre, il ne sait où il va. se promener, aller vendre. Il s’est promené depuis le matin jusqu'au crépuscule. On trace des routes partout aux alentours du village."
Temps et dates,Gobi bɛkɛ yi yu koo berubu sɛ̃ sia. Gisɔ bɛsɛn wuun taasobu ba berubu dɔɔ.,Cette grosse sommed’argent sera difficile à cacher. la chasse aux gros gibiers. Aujourd'hui les chasseurs de notre village vont à la grande chasse.
Temps et dates,Bɛɛn wuugibu ba na gisɔ.,votre. Les gens de votre village sont arrivés aujourd'hui.
Temps et dates,Gisɔra sa ko gbee kpaa ten bɛɛru tore.,C'est aujourd'hui que nous allons attaquer la première partie du nouveau champ.
Temps et dates,Gisɔra sa ko gbee kpaa te bɛɛru wĩa. bɛɛru wĩɛ.,C'est aujourd'hui que nous allons attaquer la première partie de notre champ.
Temps et dates,"Bana u dãa bɛ̃ ramɔ. Nɔɔ gè Gusunɔ u bɛ̃ ra, ga ǹ dim biamɔ. Worun baaba u man gĩa kɛ̃ ru bɛ̃ ra. kurɔ mɔro u kpee yi bɔru bɛ̃ ra.","Bana fend du bois. La bouche que Dieu a fendu trouvera toujours à manger. Hier, le père de Woru m'a fait un cadeau qui dépasse les limites raisonnables. mettre des condiments de façon exagérée dans la sauce, dépasser la dose. La ménagère a mis trop de sel dans la sauce."
Temps et dates,Bururun di tan bɛ̃ saa na di.,Depuis le matin je n'ai mangé qu'un morceau d'igname.
Temps et dates,"Ba torom bĩa ban ka tɔ̃ ru yaaye. birɛ birɛwondu / bia bia wondu/ [bia› bia› woǹdu]margouillat dont l’extrémité de la queue ressemble à une deuxième tête. Ye sa wɔru ge gba, sa birɛ birɛ wondu 25 bii wɛr̃ u/wɛɛ̃ ru biama wa. birɛ birɛ wondu. bia bia wɔnnu. bia bia wɔnna.",Ils ont marqué des traits avec de la cendre pour se rappeler la date. Quand on a creusé le trou on a vu le margouillat dont l’extrémité de la queue ressemble à une deuxième tête.
Temps et dates,"Mɛ̀ bii swia ya nɛ, mɛna ya nɛ ba ka yabereku marà.","Tel est le moineau aujourd'hui, ainsi qu’il était quand le charognard naissait."
Temps et dates,Biibii ya ku ra kpe win yɛnuɔ.,Il y a toujours des fleurs dans sa maison.
Temps et dates,"Bii mɛro biru ga kù ra bii sure. biru yɔ̃ra: Su win biru yɔ̃ra. réfléchir avant d’agir, être prudentA dea biru mɛɛri. Suru yirun biru. U mɔraru dawa win tundon gɔɔn biru. Na wii biru kua. bìru ( nɔni) En présence de. biru banga/biru tũuru/ biru tìntìndu [biru banga]haut du dos. U biru banga kureru sɔndi.",Le dos d’une mère ne laisse jamais tomber l’enfant. Soutenons-le. Réfléchis avant d’agir. après. Deux mois après. Elle s’est mariée après la mort de son père. biru kuaaider quelqu'un à laver son dos pendant qu’il prend sa douche. Je lui ai lavé le dos. . bìra. Il a mis son sac au dos
Temps et dates,Sa ko da su biru wuro be dam kɛ̃ gisɔ. biru wuroba biru wurobu.,Nous irons encourager aujourd'hui ceux qui reculent.
Temps et dates,Na gĩa sɔɔ damgibu wa sere na biti soora.,"J'ai eu tant d’étrangers de haut rang hier au point que j'en étais confus, affolé."
Temps et dates,"Bom mùn yam sãra, mu ra faani gɔsiewa.","Déposé jusqu’au lendemain, le lait frais se transforme en lait caillé."
Temps et dates,Sii u man be kpuro boriari ni.,Malheureusement il les a tous dépassés. bòra/ cicatrice bòri
Temps et dates,Na kĩa man sii duma bɔkura yoka.,emprunter. Je voudrais que tu me prête ton vélo pour ce soir (je voudrais t’emprunter ton vélo pour ce soir).
Temps et dates,Ba gbɛnɔ bɔnɛ dɔre sunɔn kɔnnɔɔ gin teeru.,Ils ont puni le voleur à la cour du roi avant hier.
Temps et dates,Woru u win bɔ̃ɔ dwaa sabua uka damaru maraa. bɔ̃ɔ dwaa. bɔ̃ɔ dwɛɛ. bɔ̃ɔ dwɛɛya.,Woru élève un chien en attendant le temps de la chasse.
Temps et dates,U man bɔɔsia u sere yara.,Il m’a dit bonjour avant de sortir :
Temps et dates,Bɔɔsiabu sɔɔra yɛnu yɛ̃ ro u rawa goo ù n barɔ.,"C’est en saluant sa maisonnée le matin, que le chef de famille se rend compte s'il y a un malade dans la maison."
Temps et dates,"Bintu, a do awunɛn tundo bɔɔsiamaBintou, va saluer ton père, puis reviens.",.
Temps et dates,"Tɔ̃ ru baatere, n weenɛ kurɔ ka durɔ bù bɔɔsiana.","Chaque matin, il est souhaitable que l'homme et sa femme se saluent."
Temps et dates,Kpee te ta gĩa bɔriara.,La pierre a pu etre pousséehier.
Temps et dates,Nabɔrɔ kɔ̃ɔruru kua dɔma te. bɔrɔ kɔ̃ɔrura. bɔrɔ kɔ̃ɔrunu. bɔrɔ kɔ̃ɔruna.,"Ce jour là, j'ai fait de la blague. ."
Temps et dates,"Yè u koo ka sɔmburu ko, Sani u wãa u bɔ̃ suwa. Taaso u bɔ̃ sum da uka yaa wuma. bɔ̃ su dobi [bɔsu dobi]Asperge d'Afrique. bɔ̃ su dobiya. bɔsu dubi [bɔsu dubi]asperge d'Afrique. bɔsu kpuna [bɔsu kpuna]chasse professionnelle, grande chasse, longue partie de chasse de plusieurs jours. Buru te, tɔn durɔbu ba bɔsi kpuna doona.","Au lieu de travailler, Sani se promène. aller à la chasse. Le chasseur est allé à la chasse, il a rapporté du gibier. Asparagus africanus (Liliacées). Asparagus africanus. Ce matin, les hommes sont partis à la grande chasse."
Temps et dates,U win bii bɔsusia sàa bururun di sere sɔ̃ɔ uka kpa.,Il a promené son fils du matin jusqu'au soir.
Temps et dates,u koo na bururu.,t le. matin. Il viendra le matin. 'le matin'.
Temps et dates,"Goo kùn yãa ni babare, sere nu ka bukusa kua.",Personne n'a jamais touché ces affaires jusqu'à ce que la moisissure y entre.
Temps et dates,bulla gura ye ya na ginteeru.,Il a plu dans la marinée l'autre jour bulla.
Temps et dates,kurɔ wi u gisɔ mɔɔ burabu kua.,Cette dame a préparé un akassa de bonne qualité aujourd'hui.
Temps et dates,Ben baawere u buraru kua tɔ̃ɔ bakasɔ̃ nu. burara 44 burasi buriri,Chacun d'eux s'est fait beau le jour de fête.
Temps et dates,"Nɛn tebo bũru ta yakara. Bùru bùru, sɔ̃ɔ ù sere yari, Sabi u gberu doona.","Le manche de ma houe est cassé. . búnu. búna. bùru bùru/buru yellu [bùrù bùru]tôt le matin. Tôt le matin, avant le lever du soleil, Chabi est allé au champ. bùru bùruwa."
Temps et dates,Bururu baatere na rà nɛn yɛnugibu tɔbiriwa n sere keu doona.,"Chaque matin, je salue les gens de ma maison avant d'aller à l'école. bùrùra›. bùrùnu. bùrùna›."
Temps et dates,Wunɛn yabe tè abwɛ̃ dãru wɔllɔ ta ǹ koo gisɔ bwɛnyara. Ton boubou que tu as suspendu sur l'arbre ne pourra Gĩa gunɔ te ta bwɛ̃ nyara dãasi wɔllun di.,Hier le rat s’est fait descendre du plafond.
Temps et dates,Sa ko sia gbaara tore. gbaara ko sarcler. sa ko gbaara ko.,Bous allons commencer le sarclage. Nous sarcler demain.
Temps et dates,Ba man gbãaro kua gia.,Ils ont fait du manoeuvrage pour moi hier.
Temps et dates,Yaaru u wɛ̃ɛ gbaaru da buru tè.,Yarou est allé au champ de coton ce matin.
Temps et dates,Sa gisɔku gè gbeburu wa too.,Nous avons eu la sécheresse cette année.
Temps et dates,"A ka naa ye dokotoro do, yù ku raa gbi. Emmène la vache au ser- 58 gbi gbindu vice vétérinaire sinon elle va mourir . s'éteindre (feu, lumière). À kùn fitila ge gum doke, ga koo gbi. A ku de kɛkɛ ye yù dɔ̃ɔ gbi. A kia te dweeyo suru ù ka gbi, kaa gobi wa.","mourir. Si tu n’ajoutes 3) s'arrêter (moteur). Ne laisse 4) finir (mois). Achète la marchandise, d’ici la fin du mois, tu aura de l’argent. ."
Temps et dates,Taa sin gbisibu bu tɛ.,Cette igname a mis du temps à bouillir.
Temps et dates,"D - d 60 da dãa nɔɔ da un à un, par intermittence. Gisɔku ge, gura ya nawa dãa dãaka. dãadãakawa","Cette année, la pluie est tombée de façon intermittente."
Temps et dates,Yoka sa ka yɔɔni dãa bĩiru daawa. dãabĩina,Le soir nous avons apporté une grosse bûche de bois à la nouvelle accouchée. foc:
Temps et dates,"Dãa da suru u yara, nɔɔ bɔkura kun maa toma. dãa daa suruwa.","Nous sommes au huitième, le mois du ramadan n'est plus loin."
Temps et dates,Win daabu bu buram bo gisɔ.,Il vaut mieux qu'il aille aujourd'hui.
Temps et dates,Wuu ge ga gĩa daara.,Nous avons pu effectué le voyage dans ce village hier.
Temps et dates,Daaruba baayere sa ra nɔɔ bɔke.,Chaque mercredi nous jeûnons.
Temps et dates,"Sa ǹ kpĩa su bɛɛ daabaaru ye nɔɔsia fuuku. Nous n'avons Na gĩa dabaaru gaa nua, ya man nanda.",J'ai appris une nouvelle qui m'a fait peur hier.
Temps et dates,Tɔmbu ba dabi gisɔ wuu sɔɔ.,inv. être nombreux. Il y a beaucoup de monde aujourd'hui dans le village. phase:
Temps et dates,Gɔ̃ɔrun yibɛrɛwa deburu. Debura kuawa mɛ.,La satiété est l'ennemi de la faim. Le temps de la satiété est arrivé.
Temps et dates,Biɔ ka win bɔrɔn derinaa ya tɛ.,Bio et son ami se sont laissés il y a longtemps.
Temps et dates,Wuu ge sɔɔ dɛkia ya wãa gisɔku gè.,Il y a la famine dans ce village cette année.
Temps et dates,"Tɔn be ba tɛɛna, yen sɔ̃ na ben faagi ya dɛnya.","Il y a longtemps que ces gens se sont vus, c'est pourquoi leur conversation s'est prolongée. nég."
Temps et dates,I sun derio su bɛsɛn wãaru di. Daaru ta wii di. U ǹ kɛ̃ɛri yɛ̃ yera daaru ta nùn di.,Laissez - nous vivre notre temps. être noyé. Il ne sait
Temps et dates,"Sia kon nɛn dii biru wuku. dii bwereku [dii bureku]maison, case ronde. Dii bwereku tɔkɔ tenin mi bɛsɛn debuwa u wãa mi.",Demain je vais sarcler derrière la case. Dans cette vieille maison ronde habite notre grand-père.
Temps et dates,Sɔ̃ɔ teera sunɔ ka win barɔ ba dii yaaru kua.,Le roi et son griotont organisé leur cérémonie de sortie de chambre le même jour.
Temps et dates,Gin teeru dobo dobogii u na bɛsɛn wuuwɔ.,Avant-hier un magicien est venudans notre village. .
Temps et dates,"Sabin dokiri, bɛsɛn sunɔwa. dokiri yãnu/ kana yãnu [dokiri yãnu]présents pour la belle famille, dot. Ba ka gisɔ nɛn sesun dokiri yãnu na bɛsɛn yɛnuɔ. dokiri yãna.",C'est notre chef qui est le beau-père de Sabi dokiriwa. Ils ont apporté aujourd'hui dans notre maison la dot de ma soeur.
Temps et dates,A dea bè sɛ̃ɛni dokusia gisɔ.,Fais-leur empoisonner ces flèches aujourd’hui.
Temps et dates,Doo nɔɔrugii ku ra n ka gɛɛ nande.,L’homme heureux n’a peur derien .
Temps et dates,Gisɔ sa ko dooru mɛɛri fiiko. Keu kowobu ba ra dooru ko.,"Aujourd'hui nous allons apprendre à calculer un peu. Faire un décompte, un calcul. Les apprenants font les opérations de calcul à l’école."
Temps et dates,Dɔma te sa dum dabiru wa.,"Ce jour-là, nous avons vu beaucoup de chevaux."
Temps et dates,"Dɔma 83 dɔmaru dɔ̃ɔ bɛsia tè na keu daabu torua, na swĩ gem gem.","lorsque, quand. Le jour où j'ai commencé à aller à l'école, j'ai bien pleuré."
Temps et dates,"U win dɔ̃ɔ bwèebu taba doke. U bweebu ge kɔra. dɔ̃ɔ kɔ̃ɔ wɔnɔ / gãani gobi kaso. dɔ̃ɔ dɔ̃ɔru]deuxième mois lunaire de l'année des baatɔmbu. Dɔ̃ɔ kɔ̃ɔ wɔnɔ ù nyara, a yɛ̃ mà dɔ̃ɔ kɔ̃ɔra doonawa mi. dɔ̃ɔ dɔ̃ɔra›.","Il a mis du tabac dans sa pipe. Il a cassé la pipe. Quand le second mois de l'année commence, tu sais que le premier mois est passé."
Temps et dates,Biɔn diru ta dɔ̃ɔ mwa yoka yè.,La maison de Bio a pris feu ce soir.
Temps et dates,Yoka kia dɔro baawere ura ka win kiaru yari.,Le soir chaque vendeur sort avec sa marchandise négocier.
Temps et dates,"Gisɔku ge, nɛn dɔkɔ yadukia.",devenir profond. Cette année mon puits est devenu plus profond.
Temps et dates,"Sàa mìn di u wuu yara, u dukure, sa ǹ yɛ̃ mì u wãa.","Depuis qu'il a quitté le village, il est parti loin et il y a longtemps nous ne savons :"
Temps et dates,Bɛsɛn duma ya yen kpãru wuka gĩa. dum kpãnu. dum kpãna.,Notre cheval s’est libéré hier de son piquet.
Temps et dates,"Wi u weesu mö, u dunum mɔwa sia.",Celui qui ment aura péché pour demain.
Temps et dates,"Gura yàn kɔmia nde gisɔku ge, wɛ̃ɛ duurubu bukoo sɛ̃ sia.","S'il manque de pluie comme cette année, il sera difficile de semer le coton."
Temps et dates,"Yoka, sɔ̃ɔ ù n dwiya, yera ba ra yabu te ka.","Le soir, quand le soleil s'apaise, ce marché s'anime. ."
Temps et dates,Nɛn dwaanibuu ga man berabu na gisɔ.,Mon neveu est venu me saluer aujourd'hui.
Temps et dates,Ba koo wɛ̃ɛ dwebu tore gisɔ.,Ils vont commencer l'achat du coton aujourd'hui.
Temps et dates,Gĩa sa faari kua. Faari kowo kù ra n yɛ̃ɛ goo nùn kere.,Nous sommes allés nous vanter hier. Le vantard ne sait :
Temps et dates,À n fɛɛ wwaa na sia.,"avoir la possibilité de. . Si tu as un bout de temps, veuille passer demain."
Temps et dates,Nafɛ̃ ku barɔwa saa gian di. fɛ̃ kuwa fɛ̃ kusu.,Je souffre de rhume depuis hier.
Temps et dates,Na gĩan dii bi fukasia.,J'ai fait renverser la pâte d'hier.
Temps et dates,"Gĩa kɛkɛ gaa, ya fukura kɔrɔkun swaawɔ.",Hier une voiture s'est renversée sur la route de Parakou.
Temps et dates,"Bɔ̃ɔge, ga ra yɛnu kɔ̃ su. Na sɔmburu garu kaso dɔɔ gisɔ.","Le chien là, garde la maison. certain, quelque, autre. Je m'en vais chercher quelque travail aujourd'hui."
Temps et dates,"Gãani suru ù nyara, sa ko sɔɔru ko su tɔ̃ɔ bakaru da Nikiɔ. gãani suruwa.","Quand le mois de la gani aura commencé, nous nous préparerons pour aller à la fête à Nikki."
Temps et dates,"Nà n sina n ka tɛ, nɛn gabu ga ra wasirewa.","Si je reste longtemps assis, le bas de mon dos se fatigue."
Temps et dates,A ku tɛrɛ ni gam. N’essore 2) traire. Mare ura bom gam bùruru.,"Le matin, le peulh trait le lait."
Temps et dates,A nɛɛ Mare Woru ù bom gamma ù ka na. Gɔɔbi u koo ka yaa gamu ko gisɔ .,Dis à Mare Worou de traire du lait et de l'apporter. gamu ko[gàmú ko‚]Rencontrer au hasard. Gobi va rencontrer par hasard une bête aujourd’hui :
Temps et dates,Domma wunɛn sesu u na? gangan siku dwaabuwa. gangan siku geena.,Quand ton frère est-il venu ? Hier ? gangan siku dwaabu [gangan siku dwaabu]herbe cochon (le mâle). Synedrella nodiflora (Composées). gangan siku geenu [gangan siku geenu]herbe cochon (la femelle). Boerhavia diffusa (nyctaginacées).
Temps et dates,Keu bibu ba garasa mɔ sin teeru.,Les écoliers ont une compétition après demain.
Temps et dates,Sa ko sia garasa ko.,Demain on prendra part à une compétition.
Temps et dates,"Mare be, ba ka gasaru na gisɔ.",Les peuls ont apporté du fromage aujourd'hui.
Temps et dates,Gasɔ ka gasɔ nɛn baa ura man gobi kɛ̃ n ka gãanu dwe keu dirɔ. gasɔ ka gasɔwa.,De temps en temps mon père me donne de l'argent pour acheter quelques choses à l'école.
Temps et dates,Na tasu mɔ gberɔ gem gem. Gura ya gĩa na gem gem.,"J'ai beaucoup d'ignames aux champs. vraiment, sérieusement. Il a plu sérieusement hier."
Temps et dates,"Gɛ‰ɛ yi sun wɔri gisɔ. A daakari ko, gɛ̃ a ya wãa mi. gɛ̃ a gɛ̃ɛ.","Les fourmis magnats nous ont envahis aujourd'hui. Fais attention, il y a des magnats."
Temps et dates,"Sa bɛsɛn dobi gɛ̃ɛbu torua. Ba gɛ̃ɛbu da daarɔ, ba swɛ̃ɛ go dabi dabiru.","Nous avons commencé à récolter notre mil. pêche. Ils sont allés pêcher au marigot, ils pris beaucoup de poissons."
Temps et dates,Biɔ u yakasu gɛ̃ɛma uka wuma.,Bio a coupé l'herbe et l'a apportée à la maison.
Temps et dates,Dobi yi yu gɛ̃ɛra gisɔ.,Le mil a pu être moissonné aujourd'hui.
Temps et dates,Ba man nɛn mɔri gɛ̃ɛri.,Ils ont moissonné mon riz malgré moi.
Temps et dates,U sun win gberun dobi gɛ̃ɛsia.,Ils nous afait moissonner le mil de son champ.
Temps et dates,Bɛsɛ ka gĩan gura.,Congratulations pour la pluie de la veille.
Temps et dates,Naa gimare yera ba gisɔ go yaburɔ. Naa ye ya gimaare kua.,C'est une vache stérile qu'ils ont tuée aujourd'hui au marché. La vache est devenue stérile.
Temps et dates,U sĩagin teeru.,Il est rentré avant-hier :
Temps et dates,Gisɔ ba koo bɛsɛn wuun tuuta gira. Gisɔ ba gbɛnɔ gira bɛsɛn wuuɔ.,"Aujourd'hui, ils vont fixer le drapeau de notre village. chasser, pourchasser, poursuivre. Aujourd'hui ils ont poursuivi un voleur dans notre village."
Temps et dates,U win wuswaa tem girari. Poosun daabu man girari gisɔ.,Il a fixé son visage au sol. incomber à. C'est mon tour d'aller à la poste aujourd'hui.
Temps et dates,Gisɔ ba koo tɔn ben sɔmbu te wiru go.,Aujourd'hui ils vont achever le travail de ces gens.
Temps et dates,"Gisɔku gè, tɔn be ba koo bani ko. gisɔn gisɔ [gìsɔ›² gisɔ]aujourd'hui même. Sere ka gisɔn gisɔ aǹ dam mɔ?",C'est cette année qu'ils entreprendre des constructions. Jusqu'à maintenant tu es si fort ?
Temps et dates,"Yarari u naa go buru te. éteindre (lumière, feu). Nà n kon doya, na ra fitira go.","Le boucher a tué un boeuf ce matin. J'éteinds la lampe, quand je veux me coucher. arrêter (moteur)."
Temps et dates,Tɔn goberu ta ǹ sia mɔ.,Assassiner les humains est sans lendemain.
Temps et dates,Goo u na u nɛn gambo so gĩa wɔ̃ kuru.,Quelqu'un a frappé à ma porte hier nuit.
Temps et dates,"Dɔma tea na, goo dɔɔ, gera kon nun goowa.","Le jour que tu viendras, je te tuerai un coq."
Temps et dates,Goo gunɔ ga gisɔ bɛɛra wuu mi.,Un avion a plané aujourd'hui dans ce village.
Temps et dates,Tɔnu gooba wunɔbuwa ya tunuma gisɔ.,Trois cents personnes sont arrivées aujourd'hui.
Temps et dates,A ku sun gɔburu wa.,Ne m’en veuille Bata m’en veut toujours.
Temps et dates,Sa gɔmawa gisɔ.,Nous avons obtenu des champignons aujourd'hui.
Temps et dates,Bɛsɛn wuun sunɔn gɔɔ beko sɔɔra Woru gãakun gɔ̃ɔ ga gɛ̃ɛra.,Le tambour de Worou Ganku s'est déchiré aux cérémonies du 7è jour du chef de notre village.
Temps et dates,Barɔbu ba ba gɔɔ bɔɔsia buru buru.,Les griots ont salué le mort le matin de bonne heure. . nég.
Temps et dates,Ba gɔɔ dweebu kua gin teeru.,Ils ont organisé les festivités des cérémonies avanthier.
Temps et dates,Kurɔ tɔkɔna nu ra n sɔ̃ gɔɔ manuɔ.,Ce sont de vieilles femmes qui restent loge du corps.
Temps et dates,"Gɔɔkpeeru sɔɔ, samaa ya ra mɛnnɛ.",Pendant lesdernières cérémonies mortuaires beaucoup de gens se rassemblent.
Temps et dates,Sunɔ u man gin teeru bii gɔriya.,Le chef m'a envoyé un enfant avant-hier.
Temps et dates,"Na wunɛn gɔro wa gĩa, u man deema.","J'ai vu ton messager hier, il m'a trouvé."
Temps et dates,Na gõru doke n bu tɔbiribu da sia. Na yabu ye gɔ̃ ru doke.,"J'ai décidé d'aller les saluer demain. aimer, mémoriser. J'ai aimé telle chose"
Temps et dates,Gunɔ ga nɛn nɛn dobi di ga kpa. L’oiseau a mangé tout mon mil. Boo yaa ya ra nɛn gunɔ seeya. gunɔ bakeru/ gunɔ bɛkɛru [gùnö bàkèru‚]genre d'aigle. Gunɔ bakeru ta sàataburu so gĩa. gunɔ bɔ̃ɔ / kparuko bɔ̃ɔbɔ̃ ɔru [gùnö bõɔ]grande tourterelle. Gunɔ bɔ̃ɔ ka nim buroru ba nɛwa. gunɔ bɔ̃ su .,Je suis allergique à la chèvre. Un aigle a frappé un lapin hier. La grande tourterelle est aussigrandeque l'épervier.
Temps et dates,"Gura ya na gin teeru, ya kpã. Gura kùn yam do. Gura man so. Na gura soora. Gura ya wiru kua.",La pluie d'avant-hier est très grande. La pluie menace. La pluie m’a trempé. J'ai été trempé par la pluie. Des nuages se sont formés.
Temps et dates,"guru gbãrabu [gúrú gba‰ràbu‚]tonnerre. Guru gbãrabu, bu ǹ kpã gisɔku gè. guru gbãraba",Cette année il n'y a :
Temps et dates,"Guru maaki ni, nu kpɛ̃ a, gura ya koo nɛ. guru tumkpɛ̃ ru / tumkpɛ̃ɛru [gúrú tumkpɛ̃ɛru]grosse pluie. Gin teerun gura ye, ya tumkpɛ̃ ru kua. guru tumkpɛ̃ ra. guru tumkpɛ̃ nu. guru tumkpɛ̃ɛna. guru tumkpokoru [gúru tumkpokoru‚]grosse pluie. Gin teerun gura ye ya tumkpokoru kua. guru tumkpokora gúru tumkpokonu. gúru tumkpokona","Il y a eu beau- coup d'éclairs, il aura pluie. La pluie d'avant-hier était une grosse pluie. La pluie d'avant hier a été très forte."
Temps et dates,"Yen suru itawa mi, ye durɔ wi, uka gu.",num. card. Il y a trois mois que cet homme est mort.
Temps et dates,"Sabi ka Biɔ ba gberu da. Yè uka gu, yen sɔ̃ɔ yiruwa mi. Na ǹ nande ka Gunun gari. Bɛɛ ka yoka. Wɔkura nɔɔbu ka tia :","coord. Chabi et Bio sont allés au hamps. depuis que. Depuis qu'il est mort, cela fait deux jours3) pour. Je n'ai 4) sert pour les salutations. Bonsoir à vous. et (sert à additionner les chiffres). Seize."
Temps et dates,Ba koo sia yaburu kaa bɛsɛn wuuwɔ.,On fera le marché demain dans notre village. nég.
Temps et dates,Sa yaburu kaabu dɔɔ buru te.,Nous allons participer au marché ce matin.
Temps et dates,Kakoru ta gisɔ wɔruma n banda.,Il y a trop de rosée aujourd'hui.
Temps et dates,Sa ko gisɔ sãa kama.,Nous allons récolter des arachides aujourd'hui.
Temps et dates,Kama bwe bwewe yera sibu ba dɔramɔ gisɔ yaburɔ.,Ils ne vendent que de la potasse molle au marché aujourd'hui.
Temps et dates,Ba man nɛn bukaata ye kamɛri.,Ils ont mis au jourmon gris gris caché.
Temps et dates,Durɔ win wɛ̃ɛ gbaa te ta kanara gisɔku ge.,On a pu lui demander l’espace de son champ de coton cette année.
Temps et dates,"Woru u gin teeru kanda dãru wɔllun di. kanta kanta [kanta kanta]1) irrégulièrement, à Boo ga sĩimɔ kanta kanta. Ba ben mangoba duura kanta kanta.",tomber d'une hauteur. Worou est tombé de l'arbre avanthier. Le cabri marche de façon irrégulière2) ici et là. Ils ont planté les manguiers de façon éparpillée.
Temps et dates,Kao uka kiaru na bɛsɛn wuuwɔ gisɔ.,"Le nagot a apporté des marchandises dans notre vilage aujourd""hui."
Temps et dates,"Saa bururun di, yabu kao kùn sĩa.","Depuis le matin, le marchand n’est :"
Temps et dates,Sabi u win doo gãanu kara gin teeru.,Sabi a coupé les tiges de mil avant-hier.
Temps et dates,"U boo ge kperu kara. Ba wii mwa. N kua sɔ̃ɔ ita, ma ba wii kara. Worun duma ya kara ya doona.","Ila lancé une pierre au cabri. libérer, casser, relâcher, acquitter. Ils l'ont arrêté et après trois jours ils l'ont relâché. Briser la corde, rompre un lien. Le cheval de Worou a rompu ses liens et il est parti."
Temps et dates,U win gberenu karasia gin teeru.,Il a fait couper son maïs avant hier.
Temps et dates,"Gisɔku gè, kon soo kasiri.","Cette année, je vais labourer un nouveau champ."
Temps et dates,Sa ko sia diru katakàta bɔke.,Demain nous allons attacher les tiges à la charpente.
Temps et dates,"Àku ra ke, a dokotoro do.",Si tu ne chies :
Temps et dates,"Biɔ u yara, u kebu da.","Bio est sorti, il est allé se soulager."
Temps et dates,Bii u win mɛro kee.,Cet enfant a sali sa mère.
Temps et dates,Dii kpaa te sɔɔra ba keesi.,. . Ils sont allés chier dans cette nouvelle chambre.
Temps et dates,Ba bii wi keesia ka tiraasi.,Ils l’ont obligé à chier.
Temps et dates,"Yoka, sɔ̃ɔ u kɛlla .","s'aplanir, descendre, décliner. Le soir, le soleil a décliné."
Temps et dates,"gĩan gbɛnɔ wi, ba dera u kĩsira.",échapper. Le voleur d'hier leur a échappé.
Temps et dates,"Baa dãa komu gàn tɛɛmɔ nim sɔɔ, ga ǹ kpɛ̃ gù karaku gɔsia.","Même si l'écorce de l'arbre séjourne longtemps dans l'eau, elle ne deviendra jamais un crocodile."
Temps et dates,Sɔmbu te ta koo koora sia.,Le travail sera fait demain.
Temps et dates,Tam kowo u u ku ra sɔbu bie.,La fabricante de boisson a toujours des étrangers.
Temps et dates,"Yaa kpikun kɔba ya dɛ̃ u. Kɔba ya so, su ka sɔmburu da.",heure. Les cornes de l'antilope sont longues. L'heure a sonné pour aller à l'école.
Temps et dates,Sii u man kɔbɔ kã. kɔbɔwa kɔbɔnu kɔbɔna.,Il m'a donné un jeton aujourd'hui.
Temps et dates,"Na gin teeru kɔna da yaburɔ, na deema tɔmbu ba yibaa.",Je suis allé me coiffer avant-hier et il y avait du monde.
Temps et dates,Saa gisɔn ddii n da ka sii win kɔni yĩsiru soku. kɔni yĩsira. kɔni yĩsa. kɔni yĩsa.,"A partir d’aujourd’hui, appelez-le par son nom de baptème."
Temps et dates,Na gĩa goo wa nɛn dii kɔnnɔwɔ gia.,"pièce d'entrée; entrée, pièce d'entrée. Hier j'ai vu quelqu'un à l'entrée de ma porte."
Temps et dates,"Wasamban kɔ̃ɔ gè ba ra ka kɔni, ga ra n nɔɔ do. kɔ̃ɔ bukɔ bukɔ kɔ̃ɔwa.",Le canif dont se servent les coiffeurs est tranchant.
Temps et dates,"Kɔrɛ kɔrɛ ya tura , i ka bɛɛn bibu yarima.","Il est temps de faire vacciner vos enfants,sortez-les."
Temps et dates,"Wɔru gè sa gin teeru gba mi, sibu ba sun gè kɔruri ni.","Le trou que nous avons creusé avant-hier, ils l'ont bouché sans notre avis."
Temps et dates,"U gĩa man nɛn dibu kɔsia. Yè u man so, na nùn kɔsia.","Il m'a payé ma dette hier. Quand il m'a frappé, je le lui ai rendu. nég."
Temps et dates,Win dirɔ u tasu berua sere su ka kɔ̃ sisi.,. . Son mari a caché les ignames jusqu'au jour où elles ont pourri.
Temps et dates,U sun gobi kɔsisia. U sun tɔ̃ ru kɔsisia.,Il nous a fait échanger de l'argent. Il nous a fait changer de date.
Temps et dates,Bururu baatere sa ra n kubanu guramɔwa doo nuurɔ.,Chaque matin nous ramassons des ordures aux alentours du foyer.
Temps et dates,"A dea dii te kurasia, sɔbu ba sisi gisɔ.","Fais balayer la case, des visiteurs arrivent ce jour."
Temps et dates,"Kurɔ kun tɔnu, yera nɛn kurɔ sawagisɔ. kurɔ kùn tɔnuwa.",Ce sont les feuilles vert foncées que ma femme a préparées aujourd'hui.
Temps et dates,"Sà n gberu dɔɔ, ka ra n kùsenu nɛnɛwa.","Quand nous allons au champ, nous avons toujours notre provision d'eau."
Temps et dates,"Mare wi, u koo ka bom bekum na sia.",Le peulh va amener du lait frais demain.
Temps et dates,Ba man wii marusia sɔ̃ɔ ita.,On me l'a fait attendre pendant trois jours.
Temps et dates,Masini ya ku ra 167 màsiri mɛɛtɔ wurenu mari sere yoka.,Le bruit de machine ne se calme que le soir.
Temps et dates,Na wii soka nɔn mɛɛru u naabu yina. Bɛsɛ ka sɔ̃ɔ mɛɛru.,"Je l'ai appelé deux fois, il a refuséde venir. Nous avons fait deux jours sans nous voir."
Temps et dates,Sa ko wɛ̃ɛ mɛnabu tore sia.,Nous commencerons la récolte du coton demain.
Temps et dates,"Gisɔku gè, ba koo mɛnnɔ ko bɛsɛn wuuwɔ.",Cette année ils vont faire une réunion dans notre village.
Temps et dates,Yam susurun sanamma mɔɔbu bu ra n dibu do.,"C’est au temps de la chaleur, qu’il est bon de manger de l'akassa."
Temps et dates,"attraper, Nɛn wɔmɔn sisu su gĩa kpasa mwa. Yè na nùn gobi kã, yerau yì mwa ka nuku dobu. Gusunɔ u bɛsɛn kanaru mwa. Que Dieu exauce nos prières.","Le piège de mon frère a attrapé une antilope hier. prendre à la main, prendre dans les mains d'un autre. Quand je lui ai donné l'argent, il l'a pris avec joie."
Temps et dates,Ba rà n sannamɔ. I kpuna n do? N kua sia. Na kĩ n nun somi. A kĩ n nun somi ? Na ǹ bwãa do. N n mɛn na su da.,"employé pour la combinaison de deux temps ou aspects. Ils disputent toujours. il. Avezvous bien dormi? Cela fait à demain. subj. que je. Je veux t'aider. Veuxtu que je t'aide? ǹ -particule de la négation . Je ne me porte - pronom impersonnel marquant le conditionnel du conditionnel. Si c’est ça, allons !"
Temps et dates,"Tabu durɔbu, ba naa mɛnna gem gem tɔ̃ɔ te.",Les guerriers se sont réunis nombreux ce jour là.
Temps et dates,Biɔn naa nia ye ya gĩa marà.,La vache de Bio a mis bas hier.
Temps et dates,Nanareku barɔ saa gĩan di.,Je souffre de la migraine depuis hier.
Temps et dates,Na ǹ ko nun wɛ̃ a man wɔ̃ kua nande kɔ?,"Je vais te le donner pour que tu me le teignes immédiatement, non ?"
Temps et dates,Durɔ goo u gura nɛɛsia gin teeru.,Un monsieur a fait pleuvoir l'autre jour.
Temps et dates,U gari yi nɛnusi u yì kpakee.,. . Il garde toujours cette histoire.
Temps et dates,Dum nia ya ginteeru marà wɔ̃ kuru.,"Naa nia,une vache. Une jument a mis bas avanthier nuit."
Temps et dates,Sɔ̃ɔ nɔbaa nnɛwa sa mɔ su ka sɔmbu te ko.,"card. neuf , 9. Nous avons neuf jours pour faire ce travail."
Temps et dates,Yarusuman sɔ̃ɔ nɔbaa tiase u koo tunuma.,"ord. sixième, 6ème. Au sixième jour de la semaine, il va arriver. nöbaà ti¡sƒwa."
Temps et dates,"ù n win tebo nɔmu bɛri, u ku ra wɛ̃ re sere yoka.","S'il saisit sa houe, il ne se repose que le soir."
Temps et dates,"Yaa ye, ya ǹ gu, ya nɔni kpakiru kua. ǹ ka ko nɔni kpaki teeru kpuro, kɛkɛ ya wɔruma.","l'animal n'est 2) instant, minute. En un instant, la voiture est tombée."
Temps et dates,"Dɔma ten diya, durɔ wi uka sun nɔnu geu mɛɛra.",C'est depuis ce jour que nous avons la faveur de ce monsieur.
Temps et dates,"nɔɔ bɔke [nɔɔ bɔke]jeûner, faire le carême. Gura ya dera sa nɔɔ bɔkua gisɔ.",Nous avons jeûné aujourd'hui à cause de la pluie.
Temps et dates,"Nɔɔ bɔkurun saa, goo ku ra dĩanu dɔre. nɔɔ bɔkunu nɔɔ bɔkuna.","Pendant le mois du ramadan, personne ne vend à manger."
Temps et dates,"Yè sɔbu ba koo doona, yera ba nɛɛ nɔɔ kanabu bu den tura.","Quand les visiteurs allaient partir, ils ont dit qu'il était temps de se dire aurevoir."
Temps et dates,Nɔɔ kananabun saawa ya den tura mini.,Il est l'heure de se dire aurevoir.
Temps et dates,"Sɔ̃ɔù n dua, ade a nɔɔ kɔra.","Quand le soleil se couche, romps le jeûne."
Temps et dates,"Suru ù nyara, arufa ba koo nɔɔ kusia.","Quand la lune va paraitre , les musulmans vont rompre leur jeûne."
Temps et dates,"Nɔɔ kusiaru tàn yara, wɔ̃ɔ ga maa guwa.","Si le douzième mois arrive, l'année sera terminée."
Temps et dates,Na wii nɔɔsia mà sa sia we.,Je lui ai fait savoir que nous venons demain.
Temps et dates,"Tɔn be ba nukana. nuki sankira [nuki sankira‚]int. Gisɔku ge, nɛn gberɔ dĩanu kun kue, nɛn nuki yu sankira too.",Ces gens se sont chatouillés. Cette année mon champ n'a :
Temps et dates,"Gisɔku ge, nuku tɛmaru ta dam mɔ bɛsɛn wuuwɔ.","Cette année, il y a beaucoup de maux de ventre dans notre village."
Temps et dates,Gisɔn gura yen nɛbu bu nuku yɛmiabu mɔ.,Le fait qu'il ait plu aujourd'hui apporte la quiétude.
Temps et dates,"Gĩan yaa ye, ya kɔ̃ sa, sere ya den numia.",dégager une odeur. La viande d'hier est gâtée jusqu'au point qu'elle sent.
Temps et dates,"kpaa man kpee kɛ̃ , yaayi. Woru u koo gberu da, ù n wuma, kpa ù yaburu da. A yaburu doo gina, kpaa yoka dãa da. A doo a durɔ wi tɔbiri kpaa waa bɛɛrɛ ko. U maro dawa kpa ù ka yande kɔ win kɛkɛ sɔmma.","coord. Maman, donnez-moi de la sauce. Worou ira au champ, à son retour il ira au marché. Va d'abord au marché, le soir tu iras au bois. afin, pour que. Va saluer cet homme et tu seras bien vu. Il est allé en ville afin de pouvoir réparer son auto."
Temps et dates,"Yè weru ta tura, yera Mare u win nɛɛ kparisinama.","A l'approche de l'heure de rentrer, le Peul a commencé à rassembler ses bœufs."
Temps et dates,Kpãro u wuu dumma gisɔ. kpãrowa kpãrobu. kparoko natara [kparoko natara]Chrysantellum americanum (Composées).,Le lépreux est entré dans le village aujourd'hui.
Temps et dates,Na nɛn kpokoru dɔra gin teeru.,J'ai vendu mon vieux mais avant-hier.
Temps et dates,"À n sɔmburu kua à n wasira, sere a kpuna. Akpuna n do ?","Si tu es fatigué de travailler, tu dois te coucher. As-tu bien dormi? Bonjour! salutation pour le matin)nacc."
Temps et dates,saa yerà kaa sun berabu na?,À quel moment tu nous rendras visite? .
Temps et dates,"Tɛ̃ɛn wɔndiaba, mì ba koo sãa gum wɔ̃ , miya ba kĩ. sãa guma",Les filles d'aujourd'hui aiment là où elles auront de l'huile d'arachide à cuire.
Temps et dates,"Yè ba nɛn sesu suamɔ, wiya u kua win sãako.","Au mariage de ma soeur, elle était la demoiselle d'honneur."
Temps et dates,Saakudo u sisi gisɔ.,Peut-être vient-il aujourd'hui.
Temps et dates,Yarufa u yellu seewa u saarɛ di ma u wure u kpuna.,"Alufa s'est levé tôt, il a pris le repas matinal et il s'est recouché."
Temps et dates,Ba ra saarɛ ko nɔɔ bɔku suru sɔɔ.,On fait des chansons de maison en maison pendant le mois de ramadan.
Temps et dates,Ba gari saarina sere yam mu ka sãra.,Ils se sont raconté des histoires jusqu'au matin.
Temps et dates,U turuma kɔba nnɛn saka.,"A dobi yi saka koowoMesure le mil. à peu près, approximativement. Il est arrivé approximativement à quatre heures."
Temps et dates,Sa gĩa sãki yam mu ka sãra.,Nous avons veillé hier jusqu'au matin.
Temps et dates,Suru kpaowa bɛsɛn kurɔ kpɔɔn sãko u koo sĩ.,C'est le mois prochain que l'accompagnatrice de la nouvelle mariée partira.
Temps et dates,Bɛsɛn sãku suabu bu kĩ bù saka sara. sãku suaba.,Notre façon de tuer les animaux sur les tombes dépasse la limite raisonnable.
Temps et dates,"Na gĩa samaata dwa, n ka nɛn diru kɛnɛ.",Hier j'ai acheté la natte en bambou pour fermer ma chambre.
Temps et dates,"Nɛ, na maa sanɔ ka wunɛ. Ka sin teerɔ, bara te ta koo sanɔ ko.","Je suis mieux que toi. mieux. Dans quelques jours, tu te porteras mieux."
Temps et dates,"Yè kɛkɛ ya wuu dua, Woruwa u gbia u sara. Na gĩa dokotoron kɛkɛ wa ya sara. Bii ù n swaa sara, wiin gari yu sɛ̃ .",". descendre, sauter. Quand la voiture est arrivée au village, Woru a été le premier à descendre. J'ai vu hier la voiture du médecin qui passait. avoir mauvais caractère, avoir de mauvaise habitudes. Quand un enfant a des mauvaise habitudes c'est très compliqué."
Temps et dates,A man nɛn yãnu teya nu sãra. Yam mu sãra. Sɔ̃ɔu sãra.,"Tu m'as lavé mes habits, ils sont devenus propres. Il fait jour. La saison sèche est arrivée."
Temps et dates,Ba durɔ tɔkɔ ten sara swãabu mö gisɔ. sara swãabuuwa  sara swãabunu. sara swãabuna,C'est aujourd'hui qu'ils font la cérémonie du 7è jour de ce vieux.
Temps et dates,I bara kowo saraa koowo. Gĩawa ba win sàraa sɔ̃ɔ itagia kua.,Faites l'aumône au mendiant. C'est hier qu'ils ont fait pour lui la prière du troisième jour.
Temps et dates,"Durɔ win sariru, bè ba tie ba ǹ kpɛ̃ bù gãanu ko. Durɔ wì u barɔ mi, u sariru kua gĩa.","En l'absence de cet homme, ceux qui restent ne pourront rien faire. L'homme qui était malade hier est décédé."
Temps et dates,"Saruru, tera ba ka wunɛn baranu kua.",Tes chaussures sont faites avec de la peau tannée.
Temps et dates,Ba sòosooku kua bù ka sɔni tea.,Ils ont fabriqué du passoire pour laver les graines de néré. sòosookunu. sòosookuna.
Temps et dates,Amɔna i seesina gisɔ?,Comment vous vous-êtes levés aujourd'hui?
Temps et dates,I sia seeyana baani.,Réveillez vous mutuellement demain.
Temps et dates,Sa bɛsɛn yiini sennɔ da. sennɔ na [sennɔ na]venir à la rencontre. Wuugibu ba koo sunɔ sennɔ na sia.,Nous allons à la rencontre de notre chef. Les villageois viendront à la rencontre du chef demain.
Temps et dates,"A do ǹ sere dãkuru ko. Sɔm kowo be ba woo sere ka tɛ̃ . A yania koowo sere un ka we. Tii mɔrun swaa, sere bɛsɛn keu. U sere doona? N sere kɔsawa ka gem.",avant que. Va avant qu'il soit trop tard. jusqu'à. Les travailleurs ne sont toujours 3) jusqu'à ce que. Efforce-toi jusqu'à ce qu'il arrive4) il faut. Le chemin de la liberté est dans l'alphabétisation. Est-il parti? Cela a-t-il changé vraiment?
Temps et dates,Sɛ̃ kuwa ga man nɔni sɔ̃ɔmɔ bururun di.,Depuis le matin j'ai la grippe.
Temps et dates,Nɛn sɛkpɛnku ga gĩa wɔmu mwa.,Mon piège en métal a attrappé un singe hier.
Temps et dates,"Sa tasu dwa gĩa, ma sa si kpuro di yoka. Nɛn taa si su wɛ̃ ra, siya sibu ba gbɛnum gbemɔ.","Nous avons acheté des ignames hier et nous les avons toutes mangées le soir. dém. ce, cette. Mes ignames ont bien donné, ce sont elles que les gens piochent en secret."
Temps et dates,Naǹ kpɛ̃ n sĩ . Woru u koo sia sĩ win kpaarɔ.,"Je ne peux : partir, rentrer chez soi. Worou retournera chez lui demain."
Temps et dates,"Gura yàn na, sa ko sia gberenu duure.","S'il pleut, nous sèmerons le maïs demain."
Temps et dates,Ba ben wöru gen tɔ̃ ru sĩiya.,Ils ont changé la date de leur fête.
Temps et dates,"Àku tɛ̃ gobi mɔ, tɔn kurɔ u ku ra wunɛn mi sĩiru nɛ.","Aujourd'hui, si tu n'as :"
Temps et dates,"Ba wuu daa ten tɔ̃ ru sĩiya. Yè na duma ye sĩiya, yera ya duka wukura.","route). Ils ont changé la date du voyage. tourner, retourner, virer. Quand j'ai retourné le cheval, il s'est mis à courir."
Temps et dates,"Yè u gu, yera ba nùn yi sɔ̃ɔ nɔɔbu bu sere nùn sike.","Quand il est mort, ils l'ont gardé cinq jours avant de l'enterrer. Inv:"
Temps et dates,Tɔn be ba sikirina gisɔ.,Ces hommes se sont disputés aujourd’hui.
Temps et dates,Sɔ̃ɔ itase sɔɔra durɔ wi u sikurama.,C'est au troisième jour que cet homme est ressuscité.
Temps et dates,Nasina nɛn bɔrɔn bɔkuɔ. Sɔ̃ɔ nyenwa kaa sina wuu mi?,s'asseoir. Je suis assis à coté de mon ami. Combien de temps resteras-tu dans ce village?
Temps et dates,U ra dom sewa ka sirukunu.,Les matins il se lève avec desvomissements.
Temps et dates,"A seewo su duka, damgibu ba sisi. sisiru bururu [sisi bururu]lendemain matin. Sisiru bururu ba koo ben sɔmbu te ko.","int. inv. Lève-toi et file. Les forces de l'ordre arrivent. Le lendemain matin, ils feront leur travail."
Temps et dates,"Yè suru u yara, yen sisiru ma sa n doonɔ.","Quand la lune est sortie, dès le lendemain nous sommes partis."
Temps et dates,"À n kua mɛ, kon nun so. Ba gɔɔ baranu sogĩa. gɔ̃ɔ so 'jouer du tambour'; kãakãagi so 'jouer une trompette'; gɔ̃ɔge so 'jouer du violon'. Gura ya wii so. Sɔ̃ɔu wii so.","Si tu agis ainsi, je te frappe. jouer (instrument). Ils ont joué le tam tam funèbre hier. bararu so 'jouer du tam tam'; s'abattre sur. La puie s'est abattue sur lui. Le soleil s'est abattu sur lui."
Temps et dates,"Sokoro gè na gĩa dɔba, ga duka. sokoro mamgbiru/ sokoro bɔkɔ [sokoro mamgbiru]genre d'escargot, colyoptère. A sokoro mamgbiru kasuma su ka muraru ye ko. sokoron gbɔɔ [soko›ron gbɔɔ]crevette. Sokoron gbɔɔ ga ra kpee dorasie.",escargot. L'escargot que j'ai ramassé hier a fui. Cherche un colyoptère pour préprer un médicament. La crevette donne du goût à la sauce.
Temps et dates,"Tim mɛ̀ ba man kua gĩa, mɛna mu nɛn boon wiriribu sosi.","Le médicament qu'on m'a fait hier, c'est lui qui augmenté la douleur de ma plaie."
Temps et dates,"Sòo tè ba man kã gia, ta sɔ̃ sia.",devenir amer. La bouillie qu’on m’a offerte hier est devenue amère .
Temps et dates,Sosoowa na kasu n ka mɔɔbu sɔra.,Je cherche une passoire pour faire filtrer la bouillie d‘amidon.
Temps et dates,Yoka baayere ba ra n sɔ̃ tɛngɛ wɔllɔ.,être assis. Chaque soir ils sont assis sur une élévation de bois.
Temps et dates,Sa ko sia sɔmburu ko.,Nous allons travailler demain.
Temps et dates,Nɛn dirun gambo ya sankira! kon yè sɔmɛ sia.,"La porte de ma maison est abimée, je vais la réparer demain. nég."
Temps et dates,Na gisɔku gè wɛ̃ su dɔrawa tɔnnu yiru ka sɔndiru.,Cette année j’ai vendu deux tonnes et quelques de coton.
Temps et dates,Atarata sɔ̃ nu kon maro da.,"A, au, pendant, employé pour les jours de la semaine. Mardi j'irai à la ville."
Temps et dates,"Yaayi, a seewo su gberu doona, sɔ̃ɔ u yewa mi. Ka sɔ̃ɔ 'salutation pour quelqu'un qui voyage sous le soleil'. Sɔ̃ɔ yiruwa u kua wuu mi. Bɛsɛ ka sɔ̃ɔ yiru. sɔ̃ɔwa— 2) saison. sɔ̃ɔ u sãra.","soleil. Maman, lève-toi, nous irons au champ, le soleil brille. jour. Il a passé deux jours dans cette localité . Salutation à quelqu'un qu'on n'a » : La saison sèche est arrivée."
Temps et dates,Yera sɔ̃ɔ teeru u seewa u taasoru da. sɔ̃ɔ teera.,"Alors un jour, il parti pour la chasse."
Temps et dates,Sɔrɔkudo u sisi gisɔ.,Peut-être viendra-t-il aujourd'hui.
Temps et dates,Goo ù kù raa nɛɛ wiru goo ù sere nɛɛ sɔrɔru. gĩa sɔrɔru ta man sura.,Que personne ne se plaigne de maux de tête encore moins de maux de ventre. Hier une hernie m'a terrassé.
Temps et dates,Sɔ̃ sɔɔ gèra bɛsɛn sɔbu ba turuma. Ka sɔ̃ sɔɔsalutation pour midi. Anna a sɔ̃ sɔɔ kua?,C'est ce midi que nos hôtes sont arrivés. Comment as-tu passé le milieu du jour?
Temps et dates,"la bouillie chaudeYoka baayere, sà kùn sɔku sundu di, sa ko dii sumbu di.","Chaque soir, si nous ne mangeons :"
Temps et dates,Suru kpaowa tasu su koo ye. gãani suru u yaraLe mois de la gaani. suruwa suruba surubara.,L'igname va mûrir le mois prochain.
Temps et dates,Win suru geo u koo yari sia.,C'est son mois pour accoucher.
Temps et dates,suru kɔ̃ sowa.,Avant dernier mois de l’accouchement .
Temps et dates,Swãa ya nùn dɔma gin teeru.,Un taon l'a mordu avant hier.
Temps et dates,Na nɛn sɔ̃ɔna so gin teeru.,J'ai tracé le sillon central avant-hier.
Temps et dates,Ba koo bɛsɛn wuun yigbɛru swĩi.,Ils vont mettre en place le groupement de notre village aujourd'hui.
Temps et dates,A ku tɔnu swĩi wì aǹ yɛ̃ . Ba koo bɛsɛn wuun delege swĩi gisɔ. wuu mini ba ben yigbɛru swĩi.,"On ne pose 2) mettre en place. On va installer aujourd'hui le délégué de notre village. créer, fonder. Dans ce village, ils ont fondé leur association. nég."
Temps et dates,"Swĩibu bù n torua, tɔn kurɔbu ba ku ra wɛ̃ re.","Quand arrive le temps du ramassage des noix de karité, les femmes ne se reposent"
Temps et dates,Ben wuu min yigbɛru ta swĩira gisɔ.,Leur association a été installée aujourd'hui.
Temps et dates,U wura kua tãatã. tãatãawa.,Il a pleuré longtemps avec force.
Temps et dates,"Na nun siara, wunɛ sia kaa ko tabu kowo.","Je te félicite, demain tu seras un guerrier."
Temps et dates,bɛsɛn takaa ya tasu kua gisɔku gè.,Notre champ d'ignames a produit beaucoup d'ignames cete année.
Temps et dates,Sca tam tãraru dɔɔ gisɔ. tam tãrara,Nous allons faire une libation aujourd'hui.
Temps et dates,Tɛngɛɔra yaruwaasi ba ra sãki yoka bàn gberu wɔma.,Les jeunes gens passent la soiré ensemble sous l'arbre à palabre.
Temps et dates,Tire tè na dwa gĩa ta kɔ̃ɔra. Na tire kpaaru wa ma na tè dwa. Na tire te wa.,"te ta. obj. te. qui, que. Le livre que j'ai acheté hier est perdu. — compl. cl ""t"". le, la. J'ai vu un nouveau livre et je l'ai acheté. — et dém. ce, cet, cette. Jai vu ce livre."
Temps et dates,"Buru te, na ràa yaburu dɔɔwa.","ce, cet, cette. Ce matin-là, j'allais au marché. ni."
Temps et dates,"Sa ra yaa tem too, ma tɔ̃ɔ bakaru ta na.",Nous mangeons assez de viande les jours de f̂̂ête.
Temps et dates,trentième 30 ème. Nɔɔ bɔkurun sɔ̃ɔ tɛnase sɔɔra sa wãa mi .,ord. Nous sommes dans le trentième jour du carême.
Temps et dates,Yoka sa ko sina tɛngɛ saarɔ.,Le soir nous irons nous asseoir sur la claie à palabre.
Temps et dates,Tĩa ya nɛn bii toba gĩa. tĩa bia testicule.,Une abeille a piqué mon enfant hier.
Temps et dates,bururu baatere na rà tii bure.,Chaque matin je me lave les membres supérieurs et inférieurs.
Temps et dates,Sii ku ra wobure; tii buraba bu sãa win sɔmburu.,"Il ne se lave jamais, il fait toujours une toilete partielle."
Temps et dates,Ba nùn waaru yiiya un da nɔ yam sãreru baatere.,On lui a préparé une décoction à boire chaque matin . .
Temps et dates,Ba tireru dɔramɔ fɛɛriɔ. Na nɛn bɔrɔn tireru wa gisɔ.,"papier, lettre. On vend des livres à la boutique. J'ai vu la lettre de mon ami aujourd'hui3) livre saint: bible, coran."
Temps et dates,"Bururun diya ba biru kisina, ba den tondana.","Ils se sont séparés depuis le matin, ils sont maintenant loin l'un de l'autre."
Temps et dates,Kurɔ wi u maràwa tɔn durɔ.,Cette femme a donné le jour à un garçon.
Temps et dates,"Su da tɔu gia. Allons dehors tɔ̃ɔ bakaru [tɔ̃ɔ bakaru]fête. Gisɔra tɔ̃ɔ bakaru, baawere u win yãa buranu doke. tɔ̃ɔ bakara. tɔ̃ɔ bakanu. tɔ̃ɔ bakana.","C'est la fête aujourd'hui, chacun a mis ses beaux habits."
Temps et dates,"Ba ǹ gina sɔmbu ten tɔ̃ ru yɛ̃ . Ils ne savent Gisɔ yarusuma buu sɔnu, Yinnin tɔ̃ ra. 278 tɔ̃tiwiru tubusia","Aujourd'hui dimanche, c'est le jour du Seigneur."
Temps et dates,Bii wi u gĩa túa sere yam mu ka sãra.,Cet enfant a toussé hier jusqu'au matin.
Temps et dates,Sa kianu tubina yabu tɔ̃ ru.,On s’est commandé des marchandises le jour du marché.
Temps et dates,U turuma yɛnuɔ gĩa.,Il est arrivé à la maison hier.
Temps et dates,Tĩi kuro ge ga koo gisɔ turera.,Cette ruche peutêtre touchée aujourd’hui.
Temps et dates,Utúuru barɔwa saa gian di.,Il souffre de la toux depuis hier.
Temps et dates,Yarufa goo u waasi kua gĩa wɔ̃ kuru.,Un musulman a fait un sermon hier nuit.
Temps et dates,A tɔn be wãasi sere ka tɛ̃ ? A wãasi sɔmbu te sɔɔ ka tɛ̃ .,inv. vivre avec. Vis-tu avec ces gens jusqu'à maintenant ? être engagé dans. Tu es toujours engagé dans ce travail jusqu'à maintenant.
Temps et dates,Nɛ ka tɔn be sa wãasinɛ sere gisɔ. waasi kowo u tɔmbu mɛnnamɔ dãa saarɔ.,inv. être ensemble. Je suis toujours avec ces gens. waasi kowo [waasu kowo]prédicateur. Un prédicateur a rassemblédes gens sous un arbre.
Temps et dates,Bibu ba wasi sundu barɔwa tɛ̃ yam kpuro.,Ces temps-ci les enfants ont la fièvre partout.
Temps et dates,"Dɔma teu weesu kua, u kpana u doya.","Le jour où il a menti, il n'a :"
Temps et dates,Win tebo ge ga wesiara gisɔ.,Sa houe a pu être retournée aujourd’hui.
Temps et dates,Bɛsɛn mɛro u kĩ ù win wɛ̃ɛ to sia yoka. wɛ̃ɛ tobe.,Notre mère veut mesurer son fil demain soir.
Temps et dates,"Durɔ tɔkɔ te ta ka sun tondawa mi, ten wɔ̃ɔ wɛnɛ ka wɔkuruse sɔɔra ta wãa mi. wɛnɛ ka wɔkurusewa.","ord. quatre vingt dixième, 90ème. Ce vieux s’éternise, il est dans sa quatre vingt dixième année."
Temps et dates,Win wɔ̃ɔ wɛnɛse sɔɔra u sari kua.,"ord. 80ème, quatrevingtième. Il est mort à sa 80e année."
Temps et dates,Wɛrɛku kɔ̃ su ga ǹ waabu wã. Win wɛrɛku kɔ̃ sunu nu seewa gisɔ. win wɛrɛkuru geena a ka gĩa yinna.,"Le mauvais esprit n’est 2) humeur, esprit. Il est de mauvaise humeur aujourd'hui. Hier il avait de bons esprits quand tu l'as vu."
Temps et dates,Bɛsɛn wɛ̃ su su nim bia gisɔku gè.,gossyptum barbadense. Notre coton a manqué d'eau cette année.
Temps et dates,Sa durɔ wi wa gĩa.,"ce, cet, cette. Nous avons vu cet homme hier."
Temps et dates,"sa durɔ wì wanous avons vu cet homme-ci — rel. Durɔ wì u na mini gĩa, sɔɔwa.","wìya. ce, cet, cette. qui, que. L'homme qui est venu hier est un étranger. — compl. 3ème pers. na ǹ wi waje ne l'ai pas vu"
Temps et dates,Wara u dobi wĩa sasarɔ gisɔ.,Qui a enlevé le mil du grenier aujourd'hui?
Temps et dates,Domma kurɔ wi u koo sun wisi ?,Quel jour cette femme daignera nous répondre?
Temps et dates,Wom dirum sɔɔra ba wãa sere sɔ̃ɔ nɔba yiru. womu kowo [wom kowo]chanteur.,Ils étaient dans l'espace pendant sept jours.
Temps et dates,Gĩan gura ye ya woo kua gem gem.,La pluie d'hier était accompagnée de grands vent. .
Temps et dates,Nɛn kurɔ u wuu woo.,être absent mais attendu. Ma femme n'est toujours
Temps et dates,"Be tɔmbu wɔkura yiruwa ba sun somiru na gisɔ. wɔkura yiruse[wɔkura yiruse]12ème, douzième.",Ils étaient douze à venir nous aider aujourd'hui.
Temps et dates,"A wɔllu mɛɛrioRegarde en haut. Dɔma tè wɔllu ka tem ba wɔkura nɔɔbu [wɔkura 299 wɔm adɔ/ wɔm amadɔ wɔ̃ɔ manina, yen dɔma te, gbee swãara. wɔm adɔ/ wɔm amadɔ [wɔm adɔ/ wɔm amadɔ]singe noir. Tɛ̃ , wɔm amadɔ ga waabu sɛ̃ .","Le jour où le ciel et la terre se colleront, ce jour-là, ce sera le malheur. Maintenant, il est difficile de voir un singe noir."
Temps et dates,Wɔmu ga bɛsɛn gbere gbaaru wɔri gisɔ.,. Un singe est entré dans notre champ de maïs aujourd'hui.
Temps et dates,Wɔ̃ɔ baageren gaani ka nim gɔ̃ɔra. wɔ̃ɔ ka wɔ̃ɔ 'par année'. wɔ̃ɔ‚wa. wɔ̃ɔ sɔmburu corvée. wɔ̃ɔ sɔmbura. wɔ̃ɔ sɔma.,"Chaque année, on célèbre la gani en manquant cruellement de l'eau."
Temps et dates,Wöru ga mɛnna mi siki siki. Ba koo wɔru ko Nikiɔ gisɔku gè.,"g1) beaucoup de monde. Une grande foule s'est rassemblée. cérémonie, fête. On va organiser une fête à Nikki cette année."
Temps et dates,Sa bɛsɛn tasu wɔwa sa kpa gina.,Nous avons fini de récolter notre igname hier.
Temps et dates,Bururu baatere an da wubu à n seewa.,se débarbouiller. Chaque matin quand tu te réveilles débarbouille-toi. .
Temps et dates,Gisɔ sa ko wɛ̃ɛ deki wuka.,Aujourd'hui nous allons arracher les tiges de coton.
Temps et dates,Ba fɛɛri ye wukia gisɔ.,Ils ont ouvert la boutique aujourd'hui.
Temps et dates,Gbee wuko ura win gberu wuku wɔ̃ɔ baagere.,Le cultivateur sarcle chaque année son champ.
Temps et dates,Bɛsɛn sisu su wùku mwa gĩa wɔ̃ kuru.,Notrepiège a attrappé un lièvre hier nuit.
Temps et dates,"Win gbaa te tàn wukura gisɔ, win nukuru ta koo dora.",Si son champ a été sarclé aujourd'huiil sera content.
Temps et dates,Ba koo wuma gisɔ. Ba ku ra wumɛ sere yoka.,Ils reviendront aujourd'hui. Ils ne reviennent :
Temps et dates,"Yè u wɔ̃ɔ wuna teeru yibia, yerau sariru kua. wuna teeru ka wɔkuru [wunaa teeru ka wɔkuru]cent trente, 130. wunaa teeru ka wɔkura. wuna wata [wùnaa wàta]cent-soixante, 160. Nɛɛ kinɛnu wuna wata yera ba go yen dɔma te.",Il est mort à l'âge de cent-vingt ans révolus. Ils ont tué cent soixante boeufs ce jour-là. wùnaa wàtawà.
Temps et dates,Ba koo kãakãagiba wure yoka ye.,Ils souffleront les 306 wure wureru trompettes ce soir.
Temps et dates,Bɛɛn gin teerun wuu daaru ta bɛɛrɛ kua.,Votre voyage d’avant-hier a été une bonne chose.
Temps et dates,"Tɔn be, ba ku ra ben wuu guruku gari yi kpe. wuu guruku gariya",Ces gens n'en finissent jamais avec les affaires des temps anciens.
Temps et dates,"Nɛn bɔ̃ɔ ga wuku mwa, ga tema gĩa. wuukuru / wuukunu [wuuku- 308 wuuma yãa dwe suru ru]écoeurement.",Le chien a mangé le lapin hier. Wuukunu nu wii möil a un écoeurement wuukuna wuukunu.
Temps et dates,Sa gin teeru wuura go bɛsɛn gberɔ.,Avant-hier nous avons tué un cobra dans notre champ.
Temps et dates,"Yaa kuru ta gisɔ kɛnyɛ, na tamaa sa ko yaa wa su dwe.","La boucherie est ouverte aujourd'hui, je crois que nous pourrons trouver de la viande à acheter."
Temps et dates,Sa yaa kpaabu di gisɔ.,Nous avons mangé la nouvelle nourriture aujourd'hui.
Temps et dates,"se rappeler mutuellement. Tɔn be ba tɛɛna, gin teeru ba yaayana.","avant hier, ils se sont souvenus l'un de l'autre."
Temps et dates,Saru te ta man yaayàri.,La peau tannée est devenue rugueuse.
Temps et dates,Dɔ̃ɔ kɔ̃ɔ suru sɔɔra ba ra yaba gobi mwɛ.,C'est au premier mois de l'année bariba que les gens prennent le tribut coutumier.
Temps et dates,Woru u win yagbada sebua tɔ̃ɔ baka sɔnu.,Worou a mis son grand boubou le jour de la fête.
Temps et dates,Na nɛn duma yakia gin teeru.,"conduire, faire courir. J'ai fait courir mon cheval avant-hier."
Temps et dates,"Gura yàn na, yam mu ra yɛmiɛwa. U yam waamɔ, u ǹ yam waamɔ. Il voit, il ne voit Bà n sɔmbu kora, yam mu ra yari. yama yam bere bereru [yam bere bereru‚]crépuscule. U gberu wumawa yam bere bereru. yam bere berera.","Quand il pleut, il fait frais. Quand on épulche le karité il sort de la colle. Il est revenu du champ au crépuscule."
Temps et dates,Gura kùn yam do.,Le temps n'est
Temps et dates,"Na damu gagu nua yam sãreru sere na nanda. yam sãrera. yam sãrenu. yam sãrena. yam susuru/ yam suuru[yam susuru]chaleur. Sɔ̃ɔù n sãra, yam susuru ta ra ko.","J'ai entendu un bruit au petit matin et j'ai eu peur. Pendant la saison sèche, il fait chaud."
Temps et dates,"Ginaku yamadaare, sa wãa bature temɔ. yamade Ostrydemis Stuhimanii.","L'an dernier à ce moment, nous étions au pays des Blancs."
Temps et dates,I de i yamiana kɔba yàn so.,Réveillez-vous mutuellement s’il est l’heure :
Temps et dates,"Win yɛ̃ ku kuro ga yiba. yɛ̃ ku kurowa. yɛ̃ ku kurosu. yɛ̃ ku kurosa. Gisɔku ge, yàn sureru sari nɛn gberɔ, baa teeru. yàn surera yàn surenu yàn surena","Sa vessie est remplie. yàn sureru : yàǹ sureru‚]variété d'igname. Cette année, il n'y a :"
Temps et dates,Ba ben tundon yanana kua gin teeru.,cérémonie réservée aux membres de la famille royale. Ils ont fait les cérémonies de leur père avant-hier.
Temps et dates,Yanuɔwa nɛn tiɔu sawa gĩa.,Ma tante a préparé la sauce de ces feuilles hier.
Temps et dates,Bururu baatere na ra yàra diwa.,"Chaque matin, nous mangeons le cure-dents."
Temps et dates,yarari u nɛɛ ita go gisɔ.,Le boucher a tué trois boeufs aujourd'hui.
Temps et dates,yarari sunɔ u nɛɛ ita go gisɔ.,Le boucher a tué trois boeufs aujourd'hui.
Temps et dates,Siawa Yarari sunɔn dii yararu.,. C’est demain la sortie de chambre du chef boucher.
Temps et dates,Bii mɛron yare gbɛ̃ ru sɔɔ yarem mu ku ra kpe. yare gbɛ̃ɛra . yare gbɛ̃ɛnu. yare gbɛ̃ɛna.,Il y a toujours de l'huile de noix de palme dans lecanari de la nourrice.
Temps et dates,"Gĩa yoka wi ka win baa, ba dii ten yari mwana.","Hier soir lui et sonpère,ils ont posé la charpente de la maison."
Temps et dates,Sa ku ra gberu de yarusuma sɔnu.,Nous n'allons :
Temps et dates,Kɛkɛ ya gĩa yasarɔ kua.,La voiture a fait un accident hier.
Temps et dates,"Yasuba, ura sewa ù gingire da.",Il se lève le matin de de bonne heure pour aller à la mosquée.
Temps et dates,Yàtafaru baayere yarufa ba rà gura tɔbiri.,tous les jours à 14 heures les musulmans prient.
Temps et dates,Win gbee te ta gisɔku ge yeera.,être cultivé. Son champ sera couvert de buttes cette année.
Temps et dates,"Sɔ̃ɔ teera yɛ̃ɛbura ya yɔ̃ɔwa, ma yen kasa ya kpa.",Un jour la termite volante s'est mise à voler et ses ailes sont parties.
Temps et dates,"Yam sãreru baatere, ba rayɛnu yɛ̃ ro bɔɔsiewa. yɛnu yɛ̃ rowa. yɛnu yɛ̃ robu. yɛnu yɛ̃ roba",Chaque matin on salue le chef de la famille.
Temps et dates,A gisɔ do awunɛn yɛ̃ rà bera yè a bɛri.,Va aujourd'hui voir ton piège que tu as tendu.
Temps et dates,Sa ko yikenu di gisɔ.,Nous allons manger du haricot bouilli aujourd’hui.
Temps et dates,Sa sia yikuru dɔɔ nɛn gbee swaawɔ.,Demain nous allons à la pêche sur le chemin qui mène à mon champ.
Temps et dates,Yoka baayere sere n dom yĩbiri.,Chaque soir je somnole. yin dwabu [yin dwabu]Gardenia aqualla.
Temps et dates,Na ka durɔ wi yinna gĩa. Miniwa ba yinna yeru kuana.,J'ai rencontré le monsieur hier. yinna yeru [yinna yeru]1) lieu de rencontre. Ils se sont donné rendez-vous ici.
Temps et dates,Wunɛn yabe te ta koo yinura sia bururu.,Ta chemise pourra être cousue demain matin .
Temps et dates,Nɛn maabu ba ku ra gberu wumɛ yellu sere yoka.,Mes grands-frères ne reviennent :
Temps et dates,"Buru tteu win sii duma yoria. yore 'empiler, monter'.","Ce matin, il a démonté son vélo."
Temps et dates,"Yaruwaasi ba yoru tem daamɔ ka tɛ̃ . Wunɛn gobi yì a man kã mi, yu man yòru yara.","Les jeunes vont au Nigéria jusqu’à nos jours . yòru yara1 [yòru ya‚ra‚]libérer un esclave. L'argent que tu viens de me donner, m’a rendu libre."
Temps et dates,"Sabi u kaaru yorubu yɛ̃ . À kun keu de, tire yorubu bu sɛ̃ . Dãa yen yorubu bu koo sɛ̃ sia gisɔ.","Sans avoir été à l’école, il sera difficile à l’homme d’écrire. arranger (mettre en tas). Il sera difficile de ranger ce bois aujourd'hui."
Temps et dates,A sɔ̃ɔ te dokeo sòoso ge sɔɔ.,Mets la moutarde dans la passoire. sòosoowa sòosoosu . sòosoosa.
Temps et dates,U bɔ̃ɔ ge yɔ̃ su ga doona. Sunɔ u gĩa dera ba gbɛnɔ wi yɔ̃ suu sĩa. 338 yɔ̃suma,Il a laissé partir le chien. libérer une personne qu'on garde prisonnière. Le chef a fait libérer le voleur hier.
Transport et direction,"Domma ana? A nɛɛ a Biɔ wa u gberu dɔɔ. Ba man sɔ̃ɔwa mà wunaa nɛn bii so. Na kĩa man somi. Wunɛn baa nɛɛ ana, u nun maraa yɛnuɔ.","i. Quand es-tu venu? Tu as dit avoir vu Bio aller au champ. On m'a dit que c'est toi qui as frappé mon enfant. tu sujet du verbe au subjonctif : Je veux que tu m'aides. Ton père te demande de venir, il t'attend à la maison. sujet du verbe à l'impératif. Va!"
Transport et direction,"Ãa sunɔ, a tɔn be wa ? Ãa Woru, mba a kasuu mini ? Ãa Biɔ, a seewo a gbee te da.","Hé chef, as-tu vu ces gens ? Hé Worou, que cherches-tu ici ? Bio, lève-toi pour aller au champ !"
Transport et direction,Swaa kɛɛnanɔwa ba ra abɔru yi.,cérémonie pour prévenir et conjurer une épidémie. C'est au carrefour qu'on dépose la barrière rituelle.
Transport et direction,Agama 2 agɛdɛ amɔ naki ga sina sanum yɛ̃ .,Le caméléon sait marcher comme un roi.
Transport et direction,"À n wa alufa u gura tɔbirimɔ, u aluwara kuawa ka win fòoku.","Si tu vois un musulman en train de prier, c'est qu'il a fait ses ablutions avec sa bouilloire."
Transport et direction,Gĩa amadaare bɛsɛn sɔɔ u turuma. Ginaku amadaare sa bɛsɛn gberu wuka sakpa.,"Hier à cette heure-ci notre hôte était arrivé. L'an dernier à cette époque, nous avions fini de nettoyer notre champ."
Transport et direction,Bɛsɛn saa amakɛ suabu bu kpeemɔ.,"En notre temps, le transport en hamac existe de moins en moins."
Transport et direction,Sunɔn arufawa u gura tɔbirimɔ.,C'est le musulman au service du chef qui est en train de prier.
Transport et direction,Ba arugeeta soomɔ sunɔn kɔnnɔwɔ.,On joue une petite trompette haoussa devant la maison du chef.
Transport et direction,"Nɛ turo, na ǹ kpɛ̃ , aruma bɛsɛ yiru sa ko kpĩ. Moi seul, je ne pourrai À n nɛɛ n do nɛ turo, na ǹ dɔɔ, aruma sàn kua tɔmbu yiru kon da. arumani/yarumani [àrùmaní/yàrumani ]richesse, biens. Tema mu bɛsɛn arumani. Tɔmbu kpurowa ba ra arumani kã.","mais. Si tu me demandes d'aller tout seul, je n'irai aruma 'mais'. La terre est notre richesse. C’est tout le monde qui aime la richesse."
Transport et direction,"Baa ǹ n tɛɛmɔ, aruwaasi yɛnu yɛ̃ rowa.","Tôt ou tard, le jeune finit par devenir chef de famille."
Transport et direction,"À n wa arufa u gura tɔbirimɔ, u aruwara kuawa ka win fòoku.","Si tu vois le musulman en train de prier, c'est qu'il a fait ses ablutions avec sa bouilloire."
Transport et direction,Asiro u kù ra n yĩiyɔ dama yerɔ u koo sɔnda.,L'imbécile ne sait jamais qu'il peut revenir bredouille de la chasse.
Transport et direction,"Baa busigiin bwisi kùn nùn yare gisɔ. baa demam [bàa› dèma›m]Imam. Tɔ̃ɔ bakaru sɔ̃ nu, baa demawa u rà gbi gingireɔ. Bɛsɛn wuun baa demam u Maka dɔɔ. bãa dooru [bãa dooru]rônier. Borassus 7 baa gɛsɛrɛ ballisia aethiopium (Arécassées). Bɛsɛn gberɔ sa bãa dooru mɔ.","Le fripon n’a : C'est l'imam qui dirige la prière les jours de fête. L'imam de notre village va à la Mecque. Dans notre champ, il se dresse un rônier."
Transport et direction,Nim mù bãara swãa baayeren nɔni biru.,Que l'eau tarisse devant chaque poisson.
Transport et direction,"Tam nɔro ura bãari swaa sɔɔ, u ku rà dee dee sĩ.","Le soulard titube sur la route, il ne marche nég."
Transport et direction,Worun nɔma ya baarira kɛkɛn gambon baa sɔɔ.,La main de Woru s’est coincée dans la portière de la voiture.
Transport et direction,"U tan kpaasu ka gurusu di ma win baaru ta mɔsa. Ba ku ra baaru yɛ̃ɛsu sɔ̃ . Swaa baarɔwa u win gobi kɔ̃ yèu yara. U ku ra tɔnu baa geeru sɔ̃ , man kùn mɔ baa goru.","Il a mangé de nouvelles ignames en même temps que des anciennes et sa joue s'est enflée. On n’apprend 2) bord de la route. C'est au bord de la route qu'il a perdu son argent lorsqu'il est sorti. Il ne tient jamais de bons propos, mais toujours de mauvais."
Transport et direction,Bɛɛn sabe te ta baaru sooramɔ.,Votre animal est en train de dépérir.
Transport et direction,"Bɛɛn baasinaa kɛkɛ ye sɔɔ ya banda, ya ǹ ka bukuro wã.",Le fait que vous soyez entassés dans la voiture n’est :
Transport et direction,A ku sun nɔɔ baaye.,N'ouvre :
Transport et direction,A kùn gberu de ka bakiriwa.,"Puisque tu as refusé d’aller au champ, tu vas raser les murs. ."
Transport et direction,"Biɔ unɛmu go, uka gè bàkurun wɛ̃ɛ bɛki.","arbre dont on utilise les fibres pour faire la corde. Bio a tué une biche, il l'a transportée avec une corde de bakuru."
Transport et direction,Na tamaa wiya u koo wuu gen bandu di.,Je pense que c'est lui qui va accéder au pouvoir dans ce village.
Transport et direction,Bɛsɛn gberɔ bango dãnu nu dabi. bango dãra. bango dãnu. bango dãna.,"Dans notre champ, il y a beaucoup d'arbustes pour circoncis."
Transport et direction,"Yarusuma sɔnu, bè ba bara mö ba ra n sɔ̃ wa gingiren kɔnnɔɔwɔ .",Les vendredis ceux qui vivent de mendicité sont assis devant la mosquée.
Transport et direction,Bɛsɛn wɔɔ beran bara sowo u bɔɔru.,Le joueur de tambour parlant de notre quartier est gros.
Transport et direction,Nɛn debu u man barari.,Mon grand-père est tombé malade de façon inattendue.
Transport et direction,"Saaben keu dirun di, wi turowa u bature kpaaru da.","De leur école, il est le seul à aller en Europe."
Transport et direction,"A be na, u nɛɛ u be sisi.","part. Il te demande de venir,il dit qu'il vient."
Transport et direction,Miya u wãa uka bemisi.,C'est là qu'il était jusqu'à durcir.
Transport et direction,Goo gunɔ ga bendi guru wiru sɔɔ.,"disparaître, se cacher. L'avion a disparu derrière les nuages. bèn"
Transport et direction,Kɛkɛ yen bendibu bu fuuku kua.,La voiture a trop vite disparu.
Transport et direction,Kɛkɛ yen bennibu bu fuuku kua.,La voiture a vite disparu.
Transport et direction,Bɛsɛra sa gbia sa swaa wɔri ma bɛsɛn bensi u sun naa mwɛ.,Nous avons été les premiers à nous mettre en route et notre camarade nous a rejoints.
Transport et direction,Na dɔɔ wɔɔ beraa ka wɔɔ beraa.,Je passe de quartier en quartier.
Transport et direction,A do a barɔ wi berama.,Va visiter le malade et revenir.
Transport et direction,"U wãa u berii, u ǹ yɛ̃ mì u dɔɔ. U beri bururun di sere sɔ̃ɔ uka kpa. Wuun beru beruka kpuro ba swɛɛ wĩamɔwa.","Il erre, il ne sait où il va. se promener, aller vendre. Il s’est promené depuis le matin jusqu'au crépuscule. On trace des routes partout aux alentours du village."
Transport et direction,"A ka bii sinɔ, na beribu dɔɔ. 18 berima bɛɛgia beriba.","Reste avec l'enfant, j'irai vendre."
Transport et direction,Biɔ u berima uka man kamɛ.,"Dans sa promenade, Bio est tombé sur moi."
Transport et direction,Nɛn dwaani u man beriri.,Mon oncle est en train de s'aventurer contre mon gré. .
Transport et direction,U da u yaa beruma.,Il est allé cacher la viande puis est revenu:
Transport et direction,"À n besira mi, kaa nùn wa. U dii gãaru besira.","Si tu passes par-là, tu le verras 2) passer de l'autre côté. Il est passé de l'autre côté de la maison."
Transport et direction,U besirama ka duku baka.,Il est apparu en toute vitesse. nég.
Transport et direction,Goo gunɔ ga bɛɛrimɔ.,L'avion plane. .
Transport et direction,"Siribu bù n tɛɛmɔ, bɛ̀ɛrɛ sari ura gem wawa. bɛ̀ɛrɛ sariwa. bɛ̀ɛrɛ sariba. bɛ̀ɛrɛ saribara.","Si le procès traine, l’impertinent finit par avoir raison."
Transport et direction,Goo gunɔ ge ga bɛɛrima.,L'avion plane en venant vers nous. .
Transport et direction,A do a barɔ wi bɛkiama.,Va guérir le malade et reviens!
Transport et direction,Na nɛn bɔɔru bɛkima gberun di na ka wuma.,J'ai porté mon sac en bandoulière depuis le champ pour revenir à la maison.
Transport et direction,"U win diru bɛri, yèu wuu dɔɔ. Ila fermé sa porte quand il partait en voyageKpakoro te tàn yãnu yyibaa ǹ kpɛ̃ a tè bɛri. Mì u sisu bɛribu da, miya musuku ga nùn mwa. Ba ku ra yaan nɔni biru tɛndu bɛri.","Si cette malle est remplie d'habits, tu ne pourras 2) tendre un piège, tendre un arc. La panthère l'a agressé là où il est allé tendre un piège. On ne tend jamais un arc devant une bête."
Transport et direction,A diru bɛrima kpaa na.,Ferme la maison et viens. insérer et venir.
Transport et direction,"Worun baan gbee swaa mini, bɛsɛgia ya wãa wuswaawɔ.","le nôtre, ce qui est à nous. C'est le chemin qui mène au champ du papa de Worou, le nôtre est plus loin."
Transport et direction,"Gunu, a man dii te bɛsiama.","ouvrir et revenir. Gounou, ouvre la porte et reviens et ."
Transport et direction,U durɔ wi bɛsuma.,Il a provoqué cet homme et est revenu.
Transport et direction,"U kpee yãnu dwebu da yaburɔ, ma u biama.",Elle est allée acheter des condiments au marché et est revenue bredouille. .
Transport et direction,Bii sanu sanuru ta wɔruma. bii sanu sanuru bii sanu sanura. bii sanu sanunu. bii sanu sanuna .,Le petit enfant qui apprend à marcher est tombé.
Transport et direction,Na ben keun gari yi bikiama.,Je suis allé prendre des renseignements concernant leur école.
Transport et direction,"Sɔro baasi, goo ku ra bikiaru ko.",C'est ledevin seul qui peut prédire l’avenir.
Transport et direction,"Yè durɔ win biiu barɔ, yerau bikiaru da.","Quand l'enfant de cethomme est malade, il est allé consulter le devin. bikiaru de ."
Transport et direction,A wunɛn sɔmbu te bimɛma.,Répète une fois encore ton travail.
Transport et direction,"Na bii gɔra Worun mi ù man tebo bɔkurama, ma u man gè birama.",J'ai envoyé un enfant emprunter une houe à Woru et il me l'a refusée.
Transport et direction,U bire yaba kɔ̃ dii beraɔ.,Il a jeté un vieux panier derrière la maison.
Transport et direction,"Bii mɛro biru ga kù ra bii sure. biru yɔ̃ra: Su win biru yɔ̃ra. réfléchir avant d’agir, être prudentA dea biru mɛɛri. Suru yirun biru. U mɔraru dawa win tundon gɔɔn biru. Na wii biru kua. bìru ( nɔni) En présence de. biru banga/biru tũuru/ biru tìntìndu [biru banga]haut du dos. U biru banga kureru sɔndi.",Le dos d’une mère ne laisse jamais tomber l’enfant. Soutenons-le. Réfléchis avant d’agir. après. Deux mois après. Elle s’est mariée après la mort de son père. biru kuaaider quelqu'un à laver son dos pendant qu’il prend sa douche. Je lui ai lavé le dos. . bìra. Il a mis son sac au dos
Transport et direction,"À n biru kĩsi, yè ba kĩ bù geruo. biru kĩsi.","tourner le dos à, s’en aller. Si tu tournes le dos, qu'ils disent ce qu'ils voudront."
Transport et direction,A wuro biruɔ.,Va en arrière.
Transport et direction,Gbabu kɔnnɔwɔwa ba ra bòo gire.,On installe la jarre à eau devant la cuisine.
Transport et direction,Boo sɛ̃ kuro ga kĩ gu bibu kpe wuuwɔ. bòo sɛ̃ kurowa. boo sɛ̃ kurosu. bòo sɛ̃ kurosa .,La jaunisse est en train d'exterminer les enfants dans le village.
Transport et direction,Tɔn kurɔba booro yaamɔ.,Les femmes sont en train de danser avec des claquements de mains.
Transport et direction,Win sɔkuru ta bɔbia. Durɔ win baràru ta bɔbia.,"devenir dur. Son igname-pilée est devenue dure. devenir sévère, devenir grave (maladie). Sa maladie s’est aggravée."
Transport et direction,I dera dii bi bu man bɔbiari.,Vous avez laissé ma pâte durcir.
Transport et direction,Bɔbɔra wãa bɛsɛn wuun swaawɔ. bɔ 33 bɔbunu bɔkura,Il y a cette espèce d'arbre sur la route qui mène à notre village.
Transport et direction,a do a taa si bɔkuma.,Va attacher les ignames et reviens.
Transport et direction,"Sii duma yè na yĩiyɔ n ka gberu da, yerasii goo u man bɔkurari ni!","La bicyclette sur laquelle je comptais pour aller au champ, j’étais obligé de la lui prêter."
Transport et direction,"Yè ba wuu dɔɔ, ben kɛkɛ ya sankira gbaburun bɔnu sɔɔ. I yabuo, i baawere nùn win bɔnu wɛ̃ . Wì u mɔ, wiya u bɔnu yɛ̃ .","milieu, moitié. Quand ils voyageaient, leur voiture est tombée en panne à mi chemin. Partagez et donnez à chacun sa part. C’est celui qui possède, qui sait partager."
Transport et direction,"Bintu, a do awunɛn tundo bɔɔsiamaBintou, va saluer ton père, puis reviens.",.
Transport et direction,I na i ka man kɛkɛ bɔria.,Venez m'aider à pousser la voiture.
Transport et direction,Sabi u win kpaasin bɔllu bokuru so.,Sabi a frappé d'un bâton son camarade à l’arrière du crâne.
Transport et direction,"Yè u koo ka sɔmburu ko, Sani u wãa u bɔ̃ suwa. Taaso u bɔ̃ sum da uka yaa wuma. bɔ̃ su dobi [bɔsu dobi]Asperge d'Afrique. bɔ̃ su dobiya. bɔsu dubi [bɔsu dubi]asperge d'Afrique. bɔsu kpuna [bɔsu kpuna]chasse professionnelle, grande chasse, longue partie de chasse de plusieurs jours. Buru te, tɔn durɔbu ba bɔsi kpuna doona.","Au lieu de travailler, Sani se promène. aller à la chasse. Le chasseur est allé à la chasse, il a rapporté du gibier. Asparagus africanus (Liliacées). Asparagus africanus. Ce matin, les hommes sont partis à la grande chasse."
Transport et direction,A nɛɛ ù gum mɛ buama ù ka na.,Dislui de battre le beurre de karité et de l'apporter.
Transport et direction,"mettre tout autour, bourrer. Gbee wuko u dãa koru yakasu bukusi. Ba bii wii kĩasu bubusi.",Ils ont mis des chiffons autour de l'enfant.
Transport et direction,Buka tunu ya ku ra kam kam gbi. buka› tunuba buka› tunubara,"arbuste résistant, employé pour faire des enclos. Le jatrophane meurt :"
Transport et direction,"Goo ù nnɛn bukaata mɔ, kon wurama fuuku. 41 bukaata wɛ̃ bullasia","Si quelqu'un a besoin de moi, je vais vite revenir."
Transport et direction,"Dweebu kam kam ya sɛ̃ , ma tɔnu u bukura.",Les jeux brutaux sont dangereux pour un adulte.
Transport et direction,"Yè u bukurama, yerau bii dweebu deri.","Quand il a commencé à devenir adulte, il a cessé les jeux d'enfants."
Transport et direction,Bii wi u man bukurari.,Cet enfant a grandi prématurémentm'a paru grand.
Transport et direction,"adulte, personne âgée. Bukuro u sii duma sɔnii tɛɛru. Bɛsɛn wɔɔ beraɔ bukuro bukuro u wãa . Bukurobɛɛrɛɛgii u gari yi go.","Personne nantie de pouvoir occulte, un guérisseur traditionnel. Dans notre quartier, il y aun guérisseur. sage, digne, personne responsable et influente . Le sage a réglé le problème."
Transport et direction,Kɛkɛ ya bunana swaa sɔɔ.,La voiture s'est mise en travers de la route.
Transport et direction,Swaa bɔɔri ba ra swaa dãa bunanabu kã.,Les coupeurs de route aiment barrer la route avec les troncs d’arbres.
Transport et direction,I do i swaa ye dãa bunanama.,Allez mettre les bois en travers de cette route.
Transport et direction,Sa deema dãru ta bunanɛ gbee swaawɔ.,inv. être mis en travers. Nous avons trouvé un tronc d’arbre mis en travers du chemin du champ.
Transport et direction,Dãru ta swaa bunanɛ. Kɛkɛ ya swaa bunanɛ.,inv. être mis en travers. Un bois est mis en travers de la route. Une voiture est en travers de la route.
Transport et direction,Dãa ye ya bunia. Win wasi yu bunia.,". s'alourdir, devenir pesant. Les bois sont devenus lourds. nég. Il est devenu lourd, engourdi ."
Transport et direction,Wuu gen swaan buram mu banda.,La route qui mène dans ce village est très belle.
Transport et direction,"Ma u ǹ wukubu sãu, a win kpĩi burema a wuma.",S’il n’est base:
Transport et direction,"Tɔ̃ɔ bakarun sɔ̃ , u win yaberu tea, sere ta burura.","A cause de la fête, il a lavé sa tenue et la tenue est devenue blanche."
Transport et direction,"Yè beku te ta bururrama, u te kɔsa. Yè gari yi yu bururama, yera sa den yin nɔni wa.","Quand ce pagne a commencé à se déteindre, elle l’a changé. s’éclaicir , se démêler. Au fur et à mesure que la question se démêlait, nous avons vu de plus en plus clair."
Transport et direction,Nɛn kĩasu su man bururari.,Mon vêtement est devenu clair /blanc contre mon gré.
Transport et direction,"A beku te teyo, mɛna ta koo ka bururasi mi.",". . Lave ce pagne, c'est ainsi qu'il deviendra blanc."
Transport et direction,Bururu baatere na rà nɛn yɛnugibu tɔbiriwa n sere keu doona.,"Chaque matin, je salue les gens de ma maison avant d'aller à l'école. bùrùra›. bùrùnu. bùrùna›."
Transport et direction,Bii wi u busi kua tɛ̃ . Wunɛn bwisi kùn nun yaramɔ.,"conseil, intelligence, génie, malice. Cet enfant est devenu intelligent maintenant. Ton génie ne va 2) avis, ruse. ."
Transport et direction,A ku bwisiku too.,Ne pensz .
Transport et direction,"Busuka yeni, nɛn saataburugia. Su ku wuu geni du, busuka ya wãa mi.",son. Ce son est pour mon lapin. rougeole (maladie avec boutons).
Transport et direction,Ba bɛsɛn gari yi búurima ba ka sun kasu.,Ils ont fouillé notre problème et sont revenus nous en informer.
Transport et direction,Sa ra bwãa yɔrɔ nim yibie su ka gberu da.,Nous mettons de l'eau dans une gourde au long cou pour aller au champ.
Transport et direction,"A man bwãaru kɛ̃ n ka daaru da. bwãara bwãanu. Baaba nɛmu toba, ma ga dɛ̃ɛn bwãaru kpana ga gu. Papa a flêché une biche, celle-ci n'a  Bwãgobusa / bwãa goosa",Prête-moi une gourde pour aller au marigot.
Transport et direction,Win bwɛ̃saya densure.,Il est guéri maintenant deson allergie.
Transport et direction,awunɛn yaberu bwɛ̃ɛma kpaa na.,suspends ta chemise et viensinacc.
Transport et direction,Dãruwa sa ko ka sɛ̃ u ge bwɛnyabu da.,Il nous faut une gaule pour aller décrocher la flèche.
Transport et direction,A tem bwiiyama an ka wee nɛn mi gia.,Remue la terre en venant vers moi.
Transport et direction,"Bii wi u bwisi kua tɛ̃ . Cet enfant est devenu très 51 bwisi kɛ̃ gbaakaru / gbãakaru intelligent 2) astuce, ruse, débrouillardise. Bwisiya ba rà ka nim wɔ̃ .",intelligence ; génie ; malice. Va: busi. C'est avec ruse qu'on grille l'eau.
Transport et direction,U win nɔni gbabia. Sa baagi gbabia.,Il a ouvert largement ses yeux2) jouer au jeu de hazard . Nous sommes entrain de jouer.
Transport et direction,Ba ra ka gbaka dãa sɔbeOn se sert du gbakapour transporter du bois. gbakawa gbaki gbakiya,calebasse plate pour transporter du bois ou autres.
Transport et direction,goo gunɔ ga ra gbam bɔke.,L'avion prend de l'envoltrès haut dans le ciel.
Transport et direction,"Bɛsɛn wuu gbankɔkɔɔwɔ, tɔmbu ba ra n yibaawa. Tɔnu ù n foto wii kpiriru kĩ, sere ù n gbankɔkɔ da .","Dans notre village, l'endroit où trône le chef est rempli du monde. bâtiments administratifs. Si quelqu'un veut faire une photo d'identité, il est obligé d'aller dans les bureaux administratifs."
Transport et direction,A na gbãrama.,Chasse la vache vers moi. .
Transport et direction,Win yɛnun diya ba nùn gbarema.,Il s'est rasé depuis sa maison.
Transport et direction,Tɔnwero beya u wãa u gbãresimɔ ni.,Crier sur quelqu'un. . Il est en train de crier sur ces grandes personnes.
Transport et direction,Ba yaka gbebusu dɔ̃ɔ sɔka.,Une igname sèche. On a mis du feu à des herbes sèches.
Transport et direction,Nɛn yãnu nu gberames habits sont secs.,"sécher, devenir sec."
Transport et direction,Su gbi su da wuuwɔ.,Devançons et allons au village. . nég.
Transport et direction,Nɛna na gbiima na na n bɛɛ sɔ̃ .,Je les ai devancés pour venir vous le dire.
Transport et direction,U man gbiiri swaawɔ.,"En chemin, il m'a dépassé."
Transport et direction,U man gbiisia.,Il m'a mis devant.
Transport et direction,U wɛ̃ɛ yi gbinuma u sere na nɛn mi.,Il a attaché la corde avant de venir me voir.
Transport et direction,Woru u gberu da.,Worou est allé au champ. de.
Transport et direction,Wara u dãa suba swaa nɔɔwɔ?,Qui a mis du bois surle bord de la route?
Transport et direction,"Dãa baka ya yɔ̃ bɛsɛn yɛnu kɔnnɔwɔ. dãa bakaa. dãa bɛ̃ sa / dãa bɛsa [dãà bɛsa/ dãa bɛ̃ sa ]bois fendu, planche. U win bii dãa bɛ̃ sa so. dãa bɛ̃ sa. dãa bɛ̃ si. dãa bɛ̃ siya.","iroko, teck africain, mûrier africain. Un grand iroko se dresse devant notre maison. Il a frappé son enfant avec du bois fendu ."
Transport et direction,Sa dãa yiirun marum di yè sa taasoru da. dãa yiira dãa yiinu. dãa yiina,Nous avons mangé les fruits du petit arbuste aux fruits comestibles au cours de notre chasse . foc:
Transport et direction,Win daabu bu buram bo gisɔ.,Il vaut mieux qu'il aille aujourd'hui.
Transport et direction,Nim mu dãarama saa dãasi wɔllun di mu ka turuma mì na kpĩ.,L'eau a goutté depuis le plafond jusque là où je suis couché.
Transport et direction,Sii u man wuu ge daari .,Il a fait le voyage malgré moi.
Transport et direction,Na nùn Kɔrɔku daasia ka sii duma .,Je l’ai fait voyager sur Parakou à vélo .
Transport et direction,A wii gɔra ye daawa.,Tu lui a fait sa commission.
Transport et direction,Bibu ba dabia yɛnu ge sɔɔ.,devenir nombreux. Les enfants sont devenus nombreux dans cette maison.
Transport et direction,Keu bii ben dabiabu kun geeru mɔ.,L'accroissement du nombre des élèves est illimité dabìàba›.
Transport et direction,Sɔm kowo be ba ǹ man dabie.,"A mon sens, les ouvriers ne sont :"
Transport et direction,Bɔ̃ɔ ga gen buu dabirima ga ka na ga man deema.,Un chien a lapé son petit et est venu me trouver.
Transport et direction,Bɛsɛn gbɛ̃ɛ geeru sɔɔra bɔ̃ɔ buu ga dabirisimɔ.,C’est dans notre propre assiette que le chiot est entrain de laper.
Transport et direction,Dãa dãko u bɛsɛn yɛnu kɔnnɔn gambo sɔmburu kuammɛ.,Le sculpteur en train de travailler sur la porte de notre maison.
Transport et direction,I sɔmbu te dãkurama i sere wuma.,Achevez le travail avant de revenir.
Transport et direction,Sa gãanun damu nua swaawɔ nde gbee sunɔ.,Nous avons entendu un bruit sur le chemin comme celui d'un lion.
Transport et direction,Kɛkɛgii u win turo dangaru kã.,Le conducteur de voiture a mis un écart entre lui et son second.
Transport et direction,Na tamaa ba koo dàsabu ko gem gem.,Je pense qu'ils sont en train de bien réfléchirinacc.
Transport et direction,"Duma ye ya nukuru kpã, yen debusiabu bu sɛ̃ .","Ce cheval est grand, il se rassasie difficilement."
Transport et direction,"Yè u sun debusiama, yera win dĩanu nu kɔmia.","Quand il a commencé à nous faire rassasier, sa nourriture est terminée."
Transport et direction,"À n swaa ye swĩi dee dee, kaa turi mì a dɔɔ. Wunɛn gari yì a gerua, yu sãawa dee dee. U win sɔmburu kua dee dee u sere wuu da.","droit. Si tu suis cette route tout droit, tu arriveras là où tu vas. juste. La parole que tu as dite est juste3) correctement. Il a fait correctement son travail avant de voyager."
Transport et direction,"Win deemabu, sikawa, domi u kĩ ù gam da.","Sa rencontre est douteuse, parce qu'il veut aller quelque part."
Transport et direction,Sɔm yãnu wee a dendima an ka sisi.,"Voici des outils, utilise-les en venantinacc."
Transport et direction,A wii derama ù ka sɔmbu te kpe.,Aide-le pour terminer ce travail et reviens. .
Transport et direction,A wii derima ana.,Laise-le et reviens.
Transport et direction,Sa derira biruɔ.,Ils nous ont laissés derrière.
Transport et direction,"Dãru tàn bɔɔru, ten dɛbabu bu sɛ̃ .","Si un arbre est déjà robuste, le faire pencher est difficile."
Transport et direction,Daa ten nim mu dɛburu sara. dɛburu gɔna [dɛburu gɔna]gendarme. Dɛburu gɔna u kɛkɛ yɔ̃ rasia.,L'eau de cette rivière dépasse les molets ; Le gendrame a arrêté une voiture.
Transport et direction,A yãa ni teo nù dɛɛra. Wunɛn kpaasi kun dɛɛre gari yi sɔɔ.,Rends propres ces habits. Ton ami n'est
Transport et direction,Gari yi yu den dɛɛrama. 70 dɛɛrasi dekasia  :,Cette affaire a commencé à s'éclaircir.
Transport et direction,"A n dɔɔ, mɛna u koo ka dɛɛrasi mi.",". . Continue, c'est ainsi qu'il sera propre."
Transport et direction,"wuburu, swaa sɔɔ kɛkɛ ba dɛ̀ɛru diira.","Pendant la saison des pluies, des véhicules se sont enfoncés sur la route."
Transport et direction,"U deki uka mango sɔra. U deki, yen sɔ̃ u tɔn kpiribuu sãa . U dekii uka sĩimɔ.",Il s’est mis sur la pointe des pieds pour cueillir une mangue. des pieds. Il s'est mis sur la pointe des pieds parce qu'il est court. marcher sur la pointe des pieds. Il marche sur la pointe des pieds.
Transport et direction,A dɛkima a ka turuma mini.,Marche sur la pointe des pieds pour arriver ici.
Transport et direction,Ba wii dɛkisia yèu sisi mini.,On l’a fait marcher sur les pieds quand il venait ici.
Transport et direction,arbre à palabre. Saarun sɔ̃ na ba ra dɛ̃ kuru duure yɛnu kɔnnɔwɔ. dɛ̃ kura dɛ̃ kunu dɛ̃ kuna,C'est à cause de l'ombre qu'on plante l'arbre à palabre devant la maison.
Transport et direction,Ben swaa ye ya dɛmia.,Leur chemin a pu être redressé.
Transport et direction,Ba man ben gbee swaa ye dɛmiari.,Ils ont redressé le chemin de leur champ malgré moi.
Transport et direction,Swaa piibu ge ga dɛnda.,Le petit chemin est plus droit.
Transport et direction,"Tɔn be ba tɛɛna, yen sɔ̃ na ben faagi ya dɛnya.","Il y a longtemps que ces gens se sont vus, c'est pourquoi leur conversation s'est prolongée. nég."
Transport et direction,"Yè wɛ̃ɛ yu dɛnyama, yerau yì bura.","Quand la corde a commencé à s'allonger, il l'a coupée."
Transport et direction,Swaa ye ya man dɛnyari.,La route a été longue pour moi.
Transport et direction,Dii bera ya man mö.,J'ai besoin d’aller aux selles. .
Transport et direction,"Ye na tim mɛ di, na dii bera dawanɔn ita.","Quand j'ai mangé le médicament, je suis allé à la selle trois fois. dii bera de."
Transport et direction,"Sia kon nɛn dii biru wuku. dii bwereku [dii bureku]maison, case ronde. Dii bwereku tɔkɔ tenin mi bɛsɛn debuwa u wãa mi.",Demain je vais sarcler derrière la case. Dans cette vieille maison ronde habite notre grand-père.
Transport et direction,Wiiro u kpĩ dii koko sɔɔ. dii kɔnnɔ [dìì kɔnnɔ]entrée de la maison. Bɛsɛn dii kɔnnɔ ga dɛɛre. dii kɔnnɔwa  dii kɔnnɔsu :,Le fou habite une case en ruine. La devanture de notre case est propre.
Transport et direction,Kon de dinum mùn wɔruma n sere swaa wɔri.,J'attendrai que la rosée soit tombée pour me metre en route.
Transport et direction,Ba koo da bu diona swaawɔ.,Ils iront se rejoindre l'un l'autre en chemin.
Transport et direction,A doo a tàmbuu ge dirama kpaa wurama.,Va chasser l’insecte à la main et reviens.
Transport et direction,Kɛkɛ yen wɔruma ya ka tɔmbu dobonia naawa. doboniawa doboniaba doboniabara.,Le fait que cette voiture est renversée a beaucoup peiné les gens.
Transport et direction,U nùn dobuma u sere wuma.,Il l'a empoisonné avant de revenir.
Transport et direction,Bwɛ̃ɛbwɛ̃ ɛ tesɔɔra ba nùn dobusi.,C’est dans cettepauvreté qu’ils l’ont empoisonné.
Transport et direction,Sunɔ u win yibɛrɛ dobusia.,Le chef a fait empoisonner son adversaire.
Transport et direction,A wunɛn barabu dokema ana.,Mets tes chaussures et viens.
Transport et direction,U da u kpee yi dokuma.,. Il est allé laper la sauce et il est revenu.
Transport et direction,A nɛɛ ù sɛ̃ɛni dokuma ù ka na fuuku.,Dis-lui d'empoisonner les flèches et de me les apporter vite.
Transport et direction,Kurɔ tɔkɔ u doo nuuru kuramɔ. Doo kuuru ta ǹ tɔn durɔbun sin yeru.,La vieille femme est en train de balayer le foyer. doo kuuru [doo kuuru]alentours du foyer. Les abords du foyer ne sont :
Transport et direction,Doo kpèna tɔn be ba guramɔ.,Ils sont entrain de ramasser les pierres du foyer.
Transport et direction,"Bà n yina i sina mi, i doonama mi gian di fuuku.","S'ils vous refusent de rester là-bas, quittez vite et revenez ici."
Transport et direction,"Yè na koko ye tím duke, yera ya dora. Yè Bɔni ka win kurɔ ba sanna, yera ba kpa ba dora. Quand Boni et sa femme se sont disputés, ils ont fini par s'entendre.","Devenir bon, doux, agréable, commencer à plaire. Quand j'ai mis du miel dans la bouillie, elle est devenue bonne à boire. s'entendre (pour plusieurs personnes), se réconcilier."
Transport et direction,Tɔn ba ba man dorari .,Ils se sont réconciliés à mon insu.
Transport et direction,"A sinɔ an wãa mi, i ka dorasi. Assieds-toi, reste là!",. . vous finirez par vous entendre.
Transport et direction,"Dɔma 83 dɔmaru dɔ̃ɔ bɛsia tè na keu daabu torua, na swĩ gem gem.","lorsque, quand. Le jour où j'ai commencé à aller à l'école, j'ai bien pleuré."
Transport et direction,Win dokiri kpaarun diya bɔ̃ɔ ga wii dɔmma uka wuma.,Il s'est fait mordre par un chien chez ses beaux-parents et il est revenu.
Transport et direction,"U win sii duma ye dɔra ka corps porté pour la chasse, gilet . À n wa u win dɔ̃ɔ soo yaberu sebua, ba beribu dɔɔwa. dõö soo yabera dɔ̃ɔ soo yàbenu. dɔ̃ɔ soo yabena.","Si tu le vois porter son habit de chasse, c’est qu’il est prêt à aller à la chasse."
Transport et direction,Goo u wãa u dɔ̃ɔ wiiyamɔ giɔ. dɔ̃ɔ wiiye.,Quelqu'un est en train de cracher le feu là-bas.
Transport et direction,"Yè u win kpookpooru dɔrama, yerau sere na uka man ten gari mö.","Quand il a fini de vendre son vélomoteur, il vient maintenant m'en parler."
Transport et direction,Duma ya rà duka su nde kɛkɛ.,Le cheval court comme une voiture. se sauver.
Transport et direction,"Gisɔku ge, nɛn dɔkɔ yadukia.",devenir profond. Cette année mon puits est devenu plus profond.
Transport et direction,dukia1 'devenir profond'.,devenir profond contre le gré de quelqu'un.
Transport et direction,dukia 'devenir profond'.,finir par devenir profond.
Transport et direction,Gura yàn nnaa gbere ni duuruma a sere wuma.,"S'il pleut, il faut semer le maïs avant de renter."
Transport et direction,"Yoka, sɔ̃ɔ ù n dwiya, yera ba ra yabu te ka.","Le soir, quand le soleil s'apaise, ce marché s'anime. ."
Transport et direction,I do i dumi yakia swaa doowɔ.,Allez faire courir les chevaux sur la grande route.
Transport et direction,"Ba deema dɔ̃ɔ wiira ben wuswaawɔ, dwaru ka geuwɔ.","Ils ont trouvé de la fumée devant eux, à gauche comme à droite."
Transport et direction,I da i dweema tɔwɔ.,Aller s'amuser au dehors et revenir.
Transport et direction,Ba koo fɛɛ wa bu na.,Ils auront la possibilité de venir. f´´wà.
Transport et direction,Kɛkɛ ye ya sun sarari fèm.,La voiture nous a dépassés à grande vitesse.
Transport et direction,"Yè fɛ̃ ku ga wii mɔ, yerau fɛ̃ kunu fɛ̃ rama.","Parce qu'il est enrhumé, il s'est mouché en ma direction."
Transport et direction,"Fɛkɛ ya na, ya wii sarari fim.","La voiture est venue, elle l'a dépassé très vite."
Transport et direction,Sɛ̃ɛ foko ga kɔ̃ɔre dii gãarɔ.,Unecoquille vided’oeuf est jetée derrière la chambre.
Transport et direction,"Gĩa kɛkɛ gaa, ya fukura kɔrɔkun swaawɔ.",Hier une voiture s'est renversée sur la route de Parakou.
Transport et direction,Kɛkɛ yen fukurabu bu banda.,L'accident de cette voiture a été grave.
Transport et direction,"Gãani suru ù nyara, sa ko sɔɔru ko su tɔ̃ɔ bakaru da Nikiɔ. gãani suruwa.","Quand le mois de la gani aura commencé, nous nous préparerons pour aller à la fête à Nikki."
Transport et direction,"Kɛkɛ ye ya doona, gaasa.","La voiture est partie, dommage!"
Transport et direction,"Bibu ba kusu gawanamɔ. gaawanɔ avec force, tu auras mal au thorax :",Les enfants tiraillent une perdrix. nég.
Transport et direction,"Yé ba nùn banɔ kɔ̃ɔwa, yerau yɔ̃ɔwa u yè gaba. A mango gabo nɔö. U kurɔ wi gaba gbee swaaɔ.","saisir en l'air, bloquer, saisir en luttant. Quand on lui a envoyé le ballon, il a sauté pour 99 gaba gama l'attraper2) attraper ce qui tombe. violer une femme sur la route. Il a violé cette femme sur la route du champ."
Transport et direction,"Tɔn kurɔ ù n ka gabo yinna gbee swaawɔ, n weenɛ u dukuru yãra.",La femme qui rencontre un violeur sur la route du champ doit s'enfuir.
Transport et direction,A gambo ye gandima.,Rabats cette porte et viens.
Transport et direction,Ade a gambo gandi.,Rabats la porte.
Transport et direction,A gambo gandima kpaa na.,Rabats la porte et viens.
Transport et direction,U gambo ganuma u sere na mini.,Il a barré la porte avant de venir ici.
Transport et direction,Ba man nim ganuri.,Ils ont barré le chemin pour que l'eau ne vienne :
Transport et direction,Kɛkɛ ya gara swaa baarɔ. Wunɛ gariyi yi gɛra.,"se ranger, obliquer, aller de côté, stationner. La voiture a stationné au bord de la route. Tes propos-là sont déraisonnables."
Transport et direction,Kɛkɛ be ba garana.,Les voitures ce sont évité.
Transport et direction,U man garari kam sɔɔ.,Il dévié de côté à mon insu pour rien.
Transport et direction,"Mi ba sõ ba gari mö ka bukurobu, miya u nɛɛ wi u koo gari mura.","Là où ils sont assis en train de parler avec les anciens, c'est là qu'il a dit qu'il veut prendre la parole."
Transport et direction,Sabi u da u tɔn be garima ma u na u man sɔ̃ɔwa.,Sabi est allé compter les gens et il est venu me le dire.
Transport et direction,A gani yi gasirima.,Marchez sur les mur pour venir à moi.
Transport et direction,Gana ye ya gasirira.,On a pu marcher sur le mur.
Transport et direction,U man wusu gasirisia.,Il m'a fait marcher sur le mur.
Transport et direction,"Win kɔ̃ ra ya ǹ dam mɔ, yen sɔ̃ na yèu sĩimɔ, u kpana ù yè gawa.",Son pied n'est
Transport et direction,A dãa te gawama a ka na.,Traine le bois jusqu'ici.
Transport et direction,"Binɛ yàn gbia, gaya sari.","Quand l'envie prend les devants, il n'y a plus de modération."
Transport et direction,Barɔ wi gɛdda.,Le malade s'est réveillé.
Transport et direction,I ku kpookpoo te gɛɛri.,Ne trainez :
Transport et direction,"Yè ba wii gɛmma win wuun di, yerau koo na un ka sun sannamɔ.","Parce qu'ils l'ontéconduit de son village, c'est pour cela qu'il est en train de se bagarrer avec nous."
Transport et direction,Gɛna nu yɔ̃ bɛsɛn gbee swaawɔ.,Il y a des burkea sur le chemin de notre champ.
Transport et direction,Win kɛkɛ ya gara yakasɔ.,Sa voiture est allée dans le décor.
Transport et direction,Kpokponugii be ba yina bù garana.,Les motocyclidtes ont refusé de se céder le passage.
Transport et direction,"Yè kɛkɛ ya we ka duku bakaru, yera na gɛrasi nɔm geuwɔ.","Lorsque la voiture arrivait à toute allure, je me suis rangé du côté opposé."
Transport et direction,"Yè kɛkɛ ya sisi, yera ba man garasia.","Lorsque la voiture arrivait, ils m'ont forcé à me ranger."
Transport et direction,"Biɔ kɛkɛ ya we, a gɛsirama.","Bio, la voiture arrive recule et vient de mon côté."
Transport et direction,"Yè kɛkɛ ya we, yera na nùn gɛsirasia.","Quand la voiture venait, je l'ai fait reculer."
Transport et direction,I ka bɛɛyam doo mi gia.,"vers, en direction de. . . Allez-vous en avec vos affaires."
Transport et direction,"Woru u win bii gɔra u da u wuu giama. commencer à con- 110 gĩama ginaku naître. Yè u sɔmburu giama, yerau bararu mwara.","connaître et revenir rendre compte. Woru a envoyé son fils faire la découverte du village. Quand il a commencé à connaître son métier, il est tombé malade."
Transport et direction,"Yé bii wi uka win tireru dweebu mɔ, yerau tè gĩama u sere tunuma mini. gĩa 'déchirer'.","Quand l'enfant s'amusait avec son livre, il l'a déchiré avant d'arriver ici."
Transport et direction,"Yè durɔ wi u tam nɔra u kpa, yerau gidda.","Quand cet homme a fini de boire, il est en train de tituber."
Transport et direction,Bɛsɛn wɔɔ beran gingire ya yasu gea.,La mosquée de notre quartier est vaste.
Transport et direction,U win wuswaa tem girari. Poosun daabu man girari gisɔ.,Il a fixé son visage au sol. incomber à. C'est mon tour d'aller à la poste aujourd'hui.
Transport et direction,Bɛsɛn wɔɔ beran kurɔ wi u ginima mɔ too.,La femme de notre quartier a de 112 girisa gorun bekuru l'honneur.
Transport et direction,Sunɔngɔngoroso ya gunu. Dãru tera ba dãka ba ka ben goo ge kua. Goo gunɔ ga yɔ̃ɔwaa wɔllɔ.,Le vestibule du roi est haut. . Ils ont taillé du bois pour faire leur pirogue. avion. L'avion vole en haut.
Transport et direction,Goo gunɔ ga gisɔ bɛɛra wuu mi.,Un avion a plané aujourd'hui dans ce village.
Transport et direction,Goo nimku ga ra n wãa nim wɔ̃ ku gia.,Le bateau est habituellement dans la mer.
Transport et direction,Goo temku ga ra yɔ̃ rewa Kɔrɔkuɔ. goo temkusu go temkusa.,Le train gare à Parakou.
Transport et direction,Ben gooba wunɔbuse wee u tunuma tɛ̃ .,"ord. trois centième, 300 ème. Leur trois centième vient d'arriver."
Transport et direction,A nɛɛ te gorima kpaa wuma.,rendre rugueux et revenir . . Rends rugueuse la meule et reviens.
Transport et direction,Ba goru sɔɔwaa ba ka doonɔ.,Ils transportent un cadavre en allant.
Transport et direction,Wunɛn bii wi u kĩ ù gɔbia.,Ton enfant va devenir capricieux.
Transport et direction,Sàa win birun diya u gɔbiama.,Il a commencé à devenir méchant depuis sa jeunesse.
Transport et direction,Wuun gɔri kɔ̃ ri giawa u da u win yɛnu kua. gɔri kɔ̃ riya.,Il est allé s'installer au nord du village.
Transport et direction,Gɔɔrɔ dãru ta yɔ̃ bɛsɛn yɛnu kɔnnɔɔ. gɔɔrɔ dãra. gɔɔrɔ dãa. gɔɔrɔ dãa.,Il y a un colatier devant notre maison.
Transport et direction,Na gõru doke n bu tɔbiribu da sia. Na yabu ye gɔ̃ ru doke.,"J'ai décidé d'aller les saluer demain. aimer, mémoriser. J'ai aimé telle chose"
Transport et direction,A ku de wunɛn tundon gɔ̃ ru gù sankira uka gbi. gõrù ga ǹ sankire.,"devenir triste, se décourager, chagriner, affliger. Ne chagrine :"
Transport et direction,A taa si gɔsia kö ? Ade a nùn gɔsia ù kù maa na. Aku nɛn suma ye gɔsia yù sere ko piibu.,Tu as dejàretourné l’igname ? faire revenir. Fais-le retourner qu'il ne vienne plus. Ne transforme pas le bracelet pour qu'il devienne petit
Transport et direction,A nùn gɔsiama.,Fais-le revenir.
Transport et direction,Ba sun gɔsiasia.,Ils nous ont fait retourner. faire revenir.
Transport et direction,Ben swaa ye ya gɔsɔru kua.,Leur route est devenue angoissante.
Transport et direction,A kpee yi gɔ̃ wama.,Racle la sauce et reviens.
Transport et direction,U sibun bii gubuma.,Il a blessé l'enfant d'autrui.
Transport et direction,Gunɔ ga nɛn nɛn dobi di ga kpa. L’oiseau a mangé tout mon mil. Boo yaa ya ra nɛn gunɔ seeya. gunɔ bakeru/ gunɔ bɛkɛru [gùnö bàkèru‚]genre d'aigle. Gunɔ bakeru ta sàataburu so gĩa. gunɔ bɔ̃ɔ / kparuko bɔ̃ɔbɔ̃ ɔru [gùnö bõɔ]grande tourterelle. Gunɔ bɔ̃ɔ ka nim buroru ba nɛwa. gunɔ bɔ̃ su .,Je suis allergique à la chèvre. Un aigle a frappé un lapin hier. La grande tourterelle est aussigrandeque l'épervier.
Transport et direction,Durɔ win gunum mu banda. gunumma gunum bo / gunum kere [gunum bo]int. Nɛn diru ta wunɛgiru gunum kere. Nɛn dira ta gunum bo. Bii wi u koo gunum boria.,La taille de cet homme est vraiment grande. être plus grand. Macaseest plus grande que la tienne. Ma case est plus grande gunum booya/ boria [gunum booya]1. devenir plus grand. Cet enfant sera plus grand.
Transport et direction,Ba yè gunuma mi gian di.,Ils l'ont calé depuis làbas.
Transport et direction,Na nɛn kɛkɛ gura dɔra.,J'ai vendu ma vieille voiture.
Transport et direction,A gbere ni gurama.,Ramasse le maïs et apporte-le.
Transport et direction,Guruwa sa mɛɛra giɔ.,Nous regardons de l'autre côté-là-bas.
Transport et direction,"Yè u kɛ̃ɛrimɔ u dɔɔ guru giɔ, yerau nim diira. Wuu guruwa sii u da u sina.","Il nageait pour rejoindre l’autre rive quand il s’est noyé. autre, étranger. Wuu guru,village étranger. Il est allé s'installer dans un village qui n'est"
Transport et direction,Ba kaabu yaamɔ bɛsɛn yɛnu kɔnnɔɔ. Kaabu biiu yaamɔ.,On exécute la danse du boori devant notre maison. kaabu bii [ka›a›bu bìi]adepte du bukakaari. L’ adepte du bukakaari danse.
Transport et direction,"Yè sa yaburu kaama sa wee, yera kpookpooru ta wii sura swaawɔ.","C’est lorsqu’on revenait du marché, qu’une moto l'a renversé sur la route."
Transport et direction,Bii wɛ̃ɛru ta ra kabiri tu sere sĩwa.,Le bébé va d’abord à quatre pattes avant de marcher.
Transport et direction,"Bii wɛ̃ɛ te, ta ǹ kabiribu yɛ̃ gina.",Le bébé ne sait :
Transport et direction,"Yè biiu kabirima, yera yɛmɔru ta wii wɔri.","Quand l'enfant a commencé à aller à quatre à pattes, il a été frappé d'infirmité."
Transport et direction,Bii wi sii u man kabiriri fuuku. Dúu bòo wi sɔɔra u kabìrisi.,A mon sens l'enfant a vite marché à quatre pattes. sur. . . Il a marché à quatre pattesmalgré sa plaie au genou.
Transport et direction,U win bii wi kabirisia fuuku.,Il a fait marcher son enfant à quatre pattes.
Transport et direction,U kãkuma u na.,Il a osé venir. .
Transport et direction,A wuru ge kamama a ka na.,Détache cette feuille et viens.
Transport et direction,U yɛnu ge kamɛma.,Il estallé découvrir la maison.
Transport et direction,Gbee swaan diya u sii kamiama.,C'est du chemin du champ qu'il l'a vaincu.
Transport et direction,A doo a kpee kanama wunɛn yaayin mi .,Va demander de la sauce auprès de ta mère.
Transport et direction,I dãa ten wurusu kankuma.,Effeuillez cet arbre.
Transport et direction,U taba wururu kankusi gbɛ̃ɛrɔ.,Il a cueilli maladroitementles feuilles de tabac auchamp.
Transport et direction,"Karabosi, yera sibu ba dɔramɔ.",papayer. C'est de la papaye qu'ils sont en 134 karàbu kare train de vendre.
Transport et direction,A doo a dãa te karama.,"Va couper les branches de l'arbre, puis viens."
Transport et direction,"U demunu ye dãa kare. Bii wi, u yabu ye giau kare.","Il a protége le pied du citronnier. devenir expert, exceller."
Transport et direction,"Yè sa sɔmburu mö ka bɛsɛn tundo, yerau sun kare.","Quand nous travaillions avec notre père, il nous a laissé notre part de travail. je- 135 karenu / kaseru ter cherche à éviter le danger et les femmes enceintes montent dans les arbres."
Transport et direction,"Durɔ wi, u kpana u win karenu go.",Cet homme n'a :
Transport et direction,U man nɛn bibu kareri.,Il a laissé mes enfants derrière lui.
Transport et direction,"Yè sa ǹ gberu de yellu, yera bɛsɛn mɔ u sun karesia.",Comme nous ne sommes :
Transport et direction,Wunɛn sɔmbu te ta kasura.,On est en train de chercher ton travail.
Transport et direction,A dea sɔmbu te kawama a sere wuma.,Amoindris ce travail avant de revenir à la maison.
Transport et direction,A yãa ni keeyama.,Ramasse les habits qu'on a mis à sécher.
Transport et direction,"Yè u sisi mini, u bii wi kerema.","Quand il venait ici, il a laissé l'enfant."
Transport et direction,U rà n kĩ su keu da sannu.,Il aime aller à l'école avec moi.
Transport et direction,A nɛɛ Woru ù be man taba kɛ̃ɛma.,Dis à Worou de me donner du tabac.
Transport et direction,"Yè sɔ̃ɔ u kɛlla, yera sa swaa wɔri.","Quand le soleil a décliné, nous nous sommes mis en route. s'effondrer, s'écrouler. ."
Transport et direction,U taa si kɛɛrima uka na.,Il a épluché l'igname et l'a apportée.
Transport et direction,U kɛ̃ɛrima uka daaru tɔbura.,Il a nagé jusqu'ici pour traverser la rivière.
Transport et direction,U kɛkɛ dumma uka na.,Il est venu en voiture.
Transport et direction,"Kɛkɛ baranu ganu nu wãa, nu ra n bunuwa.",Il y a certaines sandalettesfaites à partir devieux pneus qui sont lourdes.
Transport et direction,U kɛkɛ tenku dua uka yaburu da.,Il a pris un taxi pour aller au marché.
Transport et direction,A dii te kɛnuma.,Ferme la case et viens.
Transport et direction,Daa te kɛra ya kura sere bɛsɛn gbee swaawɔ.,"affluent d’un fleuve, d’une rivière. L'affuent de ce marigot est arrivé jusque sur la route de notre champ."
Transport et direction,U dɔ̃ɔ wi kɛsiama.,Il a déclenché le fusil et il est venu à nous.
Transport et direction,Ba ku ra kpiki swaawɔ kɛ̃ siru wa.,On rencontrerarement l’étrange sur le chemin de la fuite.
Transport et direction,A do a kurɔ wi kĩama.,aimer et revenir. Va demander la main de cette femme et reviens.
Transport et direction,U dãru kĩima.,Il a coupé un arbre et est revenu.
Transport et direction,"Tɔn be, ba kikuramɔ gea.","venir de partout en grand nombre, pulluler, foisonner. Ces gens viennent en grand nombre."
Transport et direction,Na deema Woru u kĩ ù gbaara ko win gbaarɔ.,J'ai trouvé Worou en train de se préparer pour sarcler dans son champ.
Transport et direction,A Biɔ sɔ̃ ù be sɔmbu te kooma fuuku.,Dis à Bio de vite faire le travail.
Transport et direction,Na tii gobi yi koosi. U koosi yɛnu gia.,J'ai gardé l'argent pour moi. aller vers. Il est allé vers la maison.
Transport et direction,A dãa ten konnu korama.,Enlève les écorce de cet arbre et apporte-moi.
Transport et direction,Ba korotandu soomɔ sunɔn kɔnnɔɔwɔ.,"On joue le koro tandu, la guitare aux morts,devant la maison du chef."
Transport et direction,Ba korokuru mö bɛsɛn yɛnun kɔnnɔwɔ.,Les griots koroku chantent devant notre maison.
Transport et direction,U nɛn gobi kɔ̃ . Bii u win tundo kɔ̃ u yoru tem da. Ba duki yarina ba wuu kɔ̃ . laisser loin derrière soi. U duka sua u man kɔ̃ . Bibu ba sam kɔ̃ .,"Il a jeté mon argent. abandonner, délaisser. L'enfant a abandonné son père, il est allé au Nigéria. Ils se sont dispersés, ils ont abandonné le village. Il est parti il m'a laissé derrière lui. jouer. Les enfants ont joué au balançoire."
Transport et direction,"Yaa kpikun kɔba ya dɛ̃ u. Kɔba ya so, su ka sɔmburu da.",heure. Les cornes de l'antilope sont longues. L'heure a sonné pour aller à l'école.
Transport et direction,Win yɛnun diya ba nùn kɔbema ma u na u sun swĩisimɔ.,On l'a taloché depuis samaison et il vient pleurnicher sur nous.
Transport et direction,Ba yɔɔni kɔbusa saawa.,On a préparé les feuilles de gombo sèches à la nouvelle accouchée.
Transport et direction,"Yè u nùn kɔmiama, yerau koo na ù ka sun sanna.","Comme il l'a manqué, il vient nous faire des histoires."
Transport et direction,"Swaa yè sa wuka mi, ya konda.",La route que nous avons sarclée est tordue.
Transport et direction,"Yè u Niki da, min diya ba nùn kɔnima.","Quand il est allé à Nikki, il s’est fait raser là-bas avant de revenir."
Transport et direction,Nɛn tebo buru ta kɔnda.,Le manche de ma houe s'est tordu.
Transport et direction,A do a yè kɔ̃ɔma kpaa wurama. A yè kɔ̃ɔma.,Va jeter cela et reviens. lancer vers celui qui parle. Jette-le vers moi.
Transport et direction,"Yè u daaru da, min diya u win bwãaru kɔrama.","Quand elle est allée au marigot, elle a cassé sa gourde."
Transport et direction,A kparuba ye kɔriama a ka na.,Débouche la bouteille et apporte-la.
Transport et direction,U kɔ̃ ruma uka na u man deema.,Il s'est mis en colère pour venir me voir.
Transport et direction,A do a Woru deemaa nɛɛ ù man nɛn dibu kɔsiama.,"Va voir Woru, dis-lui de me payer ma dette que tu m'apporteras."
Transport et direction,A do a man gobi kɔsima.,Va échanger mon argent.
Transport et direction,Ba man nɛn gbee swaa kɔsiri.,Ils ont changé le chemin de mon champ contre mon gré.
Transport et direction,A dea daa wii kɔ̃ suma.,Va le garder et reviens. arès.
Transport et direction,A do a tan kɛkɛ ni kubama.,Va jeter les épluchures d'ignames.
Transport et direction,U wasara kura. dobi yu nɔɔ kura. Na nɛn kpĩa kura.,"sortir. Il est sorti de la souffrance2) déboucher, éclore. Le mil est entrain d’éclore. finir la ligne en sarclant, aller au bout. J'ai fini de sarcler mon sillon."
Transport et direction,Win kɛkɛn naasu su kura. Yaburu ta kura.,Les pneus de sa voiture ont éclaté2) se disperser. Ils se sont dispersés. Le marché s'est dispersé.
Transport et direction,Na kurama na ka turuma wunɛn kɔnnɔɔwɔ.,J'ai balayé jusqu'à arriver devant ta maison.
Transport et direction,"Sa ǹ dàa gam daabu kĩ, bibun wurena nu sun kurasia yɛnun di.","Nous ne voulions aller nulle part, ce sont les bruits des enfants qui nous ont fait sortir de la maison."
Transport et direction,Ye na yelu seewa na wuu dɔɔ na kureru garu wa swaawɔ.,"Quand je me suis levé, j'ai vu un paquet sur le chemin. kùrera. kùrenu kùrena."
Transport et direction,Kɛkɛ ya dãru kùru kara.,La voiture a heuté un arbre.
Transport et direction,Kɛkɛ yiru ye ya kùru karana bɛsɛn swaa sɔɔ. kùru so [kùrù sô]1. Kɛkɛ ya dãru kùru so.,"Deux voitures ce sont heurté. frapper contre, heurter. La voiture a heurté la barrière."
Transport et direction,A wĩi bɔku te kusiama.,Défais la botte de mil et reviens.
Transport et direction,Nɛn sɛ̃ u ga kutaru kua. A n dum kutaru ddwaa wunɛn gobi kɔ̃ wa.,"Ma flèche a été maladroite. kùtaru. — 2) lent, nonchalent. Si tu achètes un cheval nonchalent, tu perds ton argent."
Transport et direction,Musuku ga tem kuurima ga ka turuma mini.,Le chat a gratté le sol pour venir ici.
Transport et direction,Goo u wãa u loogo gbemɔ wunɛn gbee goorɔ.,Manihot escu- train d'arracher du manioc au bord de ton champ. lenta (Euphorbiacées). Quelqu'un est en M - m ma
Transport et direction,U maari mi giau ǹ wumɛ.,"Il est resté là bas, il n'est :"
Transport et direction,U da win kpaarɔ u marùma.,Elle est allée accoucher dans son village.
Transport et direction,I do i wii maruma swaawɔ.,Allez l'attendre sur la route.
Transport et direction,A do a dumi mɛɛrima kpaa wurama.,Va regarder les chevaux et reviens.
Transport et direction,Na wii soka nɔn mɛɛru u naabu yina. Bɛsɛ ka sɔ̃ɔ mɛɛru.,"Je l'ai appelé deux fois, il a refuséde venir. Nous avons fait deux jours sans nous voir."
Transport et direction,U man nɛn boo komu mɛnari.,Il m'a décollé la croute de ma plaie2) récolter contre le gré de quelqu'un.
Transport et direction,Dɔ̃ɔu nùn mɛnima win dirun di uka na u sun deema.,Le feu l'a brûlé dans sa case avant qu'il vienne nous trouver.
Transport et direction,A ku som mɛ mɛnnama gina.,se rassembler en allant vers celui qui appelle. Ne mélange :
Transport et direction,"Yè sa tura mini kɔ, sa n kɛkɛ duɔwa.","Aussitôt arrivé, nous avons pris la voiture."
Transport et direction,"Wɔndiaba mɔgooro suba nɔni gãa goorɔ, ba ka yaburu na.",Les jeunes filles ont mis de l'antimoine sur le bord des yeux pour venir au marché. . .
Transport et direction,"Waa ya ra sĩ mɔkɛrɛ mɔkɛrɛ. mɔkɛrɛ mɔkɛrɛbu [mökɛ̀ rɛ̀ mökɛ̀ rɛ̀ bu]tordu, courbe, sinueux. Ba swɛɛ mɔkɛrɛ mɔkɛrɛbunu swĩi. mɔkɛrɛ mɔkɛrɛbunu mɔkɛrɛ mɔkɛrɛbuna",Le serpent rampe en faisant de zigue-zague. Ils suivent une route courbe.
Transport et direction,"Wunɛn sòo te ta mwɛnya. Biɔ u mwɛnya, u yõ u Taku mɛɛraa u win sɔmburu mö.","devenir aigre. Ta bouillie est devenue aigre. Bio est fatigué, il est debout regardant Taku entrain de travailler. ."
Transport et direction,Bom mɛ mu man mwɛnyari.,Le lait est devenu aigre.
Transport et direction,Nɛn bibu kpuro ba mɔraru da.,Toutes mes filles sont parties chez leurs maris.
Transport et direction,"Durɔ wi, u mɔru bara u win kurɔbu gira. mɔru bɛ̃ sira/ mɔrɔku bɛsira [mɔru bɛ‚s¿‚ra‚]1. Yè na nɛɛ u doo u tebo mwama, yerau mɔru bɛ̃ sira. mɔru bɛ̃ sire.","Ce monsieur s'est fâché, il a renvoyé ses femmes. être furieux. Quand je lui ai demandé d’aller me retirer la houe, il est devenu furieux."
Transport et direction,"Kɛkɛ ya nɛn gua so, ya munia kpuro. 174 muniama muusu",La voiture a déchiqueté mon coq.
Transport et direction,Mùraru ta wãa ben gbabu te sɔɔ.,Il y a une mouche tsétsé sur leur chemin.
Transport et direction,A wii mwaama a ka man naawa.,Attrpe-le et amène-le moi.
Transport et direction,Ù be de ù tìm mɛ mwɛɛma.,Qu'il avale le médicament et qu'il vienne.
Transport et direction,Wunɛ ka mwia yè.,Salutation à quelqu'un qui est en train de fournir un gros effort.
Transport et direction,"Sabi u na, u ǹ man deemɛ.",Chabi est venu et ne m'a :
Transport et direction,Bii win naa te ta ǹ man dore.,Je ne suis :
Transport et direction,Kurɔ wi u win bii naa da win sesun mi.,aller à la recherche de. . Cette femme est allée chercher son enfant chez son frère. na›a› de.
Transport et direction,Wunɛn kurɔ ù kùn nun kkĩa ku wii naa gira. Yãa ten naa karuka sɔɔra sãkuru ta sɔka. naa karuka naa karuki .,"Si ta femme ne t’aime naa karuka / naa kabura [naà kabúra‚]espace entre les sabots des petits ruminants,espace entre les orteils. L'épine est entrée entre les orteils."
Transport et direction,Na nùn naamwɛ swaawɔ.,Je l'ai rattrapé en cours de route.
Transport et direction,"Sà n kɛkɛ wa, u koo naa mwɛra.","si nous trouvons une voiture, nous le rattraperons."
Transport et direction,A ka man bii wi naawa.,Amène-moi cet enfant.
Transport et direction,naki ga sina sanum yɛ̃ .,Le caméléon sait marcher comme un roi.
Transport et direction,"Kurɔ wi den nasara sua, u kpĩa u sĩimɔ.","La femme a eu la délivrance, elle a pu marcher."
Transport et direction,Bɛsɛn nata ka wunɔbuse u tɛtɛ toba kam kam. nata ka wunɔbusewa.,"ord. sept centième, 700ème. Notre sept centième a mal voté."
Transport et direction,"Be tɔmbu nɛɛru, beraa dɔma te na.","card. 400, quatre cents. Ils sont au nombre de 400 à venir à la cérémonie."
Transport et direction,Nɛnɛ ka wunɔbuse ya kɔmia.,"ord. 900ème, neuf centième. Le 900e manquait."
Transport et direction,A bii wi nɛnuma a ka na mini.,Prends la ain de l'enfant et amène-le moi.
Transport et direction,A daa te sɔɔ niɛma ana.,laver les mains dans. . et revenir. Lave-toi les mains dans le marigot et reviens.
Transport et direction,niki niki [niki niki]complètement noir. Wekerun biru ga ra n tĩriwa niki niki.,Le derrière de la marmite est complètement noir.
Transport et direction,Bawin mi gobi nɔna da.,Ils sont allés quémander de l’argent chez lui.
Transport et direction,"I ku de bii wi ù man nɔbi du. nɔni du inv. Ben 185 nɔni gãa gooru nɔni tera beku te ta nɔni du, ten gobi yu ka nɛ. Leur pagne est bon marché, il n'est  nɔni gãa gooru [nɔnì gãa gòòru‚]les tempes. Wɔndia ba kìre suba nɔni gãa goorɔ ba ka yaburu na. nɔni gãa goora. nɔni gãa gòònu. nɔni gãa goona.","Ne laissez : être moins cher, à bon marché. Les filles ont mis de l'antimoine sur les tempes pour venir au marché."
Transport et direction,"Bɛsɛn wɔɔ beran nɔni nnɛgii wi, u dowa too.",Le devin de notre quartier est très bon.
Transport et direction,"Yaa ye, ya ǹ gu, ya nɔni kpakiru kua. ǹ ka ko nɔni kpaki teeru kpuro, kɛkɛ ya wɔruma.","l'animal n'est 2) instant, minute. En un instant, la voiture est tombée."
Transport et direction,"Yè u da maroɔ, yerau nɔni taaya uka wuma.","Quand il a été en ville, il en est revenu méchant."
Transport et direction,"Bii wi, u kĩ uka win mɔɔ nɔni yɔ̃ ra. nɔni yɔ̃ re.",L'enfant veut devenir impoli envers son grandfrère.
Transport et direction,"Ka wì a taburu toomɔ, a win nɔnu mɛɛri. u nɔnu mɔil est envieux",Regarde l'oeil de celui avec qui tu es en train de jouer.
Transport et direction,"A dweebu toruo ka nɔɔ gè a kĩ. Kɛkɛ gaa ya na mini, yen naasu wèe.","Commence à danser avec le pied que tu veux. roue de voiture, roue de byciclette ou de moto. Une voiture est venue ici, voici les traces deses roues."
Transport et direction,Biɔ u win kɔ̃ɔ nɔɔ dorasiamɔ. U kɔ̃ɔge nɔɔ dorasia.,Bio est en train d'aiguiser son canif. Il a aiguisé le couteau.
Transport et direction,"Yè sa nɔɔ kanana, ma sa swaa wɔri.","Quand nous avons fini nos adieux, nous nous sommes mis en route."
Transport et direction,"Nɔɔ gàn nɛra, sa ko suunu sɔbe. Ces gens tɔn be, ba nɔɔ nɛra tɛ̃ , goo kun maa ka goo sikirinamɔ. Tontonden diya guunu nu rà n nɔɔ nɛ.","Si nous nous entendons, nous pourrons porter ensemble un éléphant entier. Ces gens-là ce sont accordé le pardon ils ne se discutent plus. être égalisé à la même hauteur, au même niveau. C'est de loin que les montagnes ont une vue rectiligne."
Transport et direction,Bɛsɛn nɔɔbuse u gina yara.,Notre cinquième est d'abord sorti.
Transport et direction,A do a nɔɔma yè ba gerumɔ kpaa naa man sɔ̃ . Wiya u gari yi nɔɔma sa ka tɛ̃ yɛ̃ yèn mö mi gia.,Va entendre ce qu'ils disent et viens me le rapporter. C'est lui qui a entendu cette histoire et maintenant nous savons ce qui se passe là-bas.
Transport et direction,A daa wii sɔ̃ u be man nɔɔrima fuuku.,. . et venir. Va lui dire de vite s'occuper de moi.
Transport et direction,A doo yɛnuɔ a nim nɔruma kpaa wurama.,Va boire de l’eau à la maison et reviens. .
Transport et direction,U wii nukama u wurama.,Il l'a chatouillé et il est revenu.
Transport et direction,"Bii win bɔ̃ sa ye, yakoo num.",L'allergie de cet enfant va disparaîtreinacc.
Transport et direction,Dɔkɔ kaaru ta nunda.,La calebasse pour puiser au puits est venue à la surface.
Transport et direction,A do a wii pitama. A win bɔɔ te pitama a sere na.,Va le dénoncer et reviens. ouvrir et venir. Ouvre son sac avant de venir.
Transport et direction,Tɔn ben gari yu poorira.,aller de mal en pis. Leur affaire s'est empirée.
Transport et direction,A yabe te potama.,Enlève le boubou et donne-le moi.
Transport et direction,Win kɛkɛ ya nɛgia kpaaru kere.,Sa voiture est plus neuve que la mienne.
Transport et direction,Marebu ba tii kpasa so bù ka tɔ̃ɔ bakaru da.,Les peuls appliquent de la poudre rouge sur la peau pour aller à la fête.
Transport et direction,A Bɔna sɔ̃ ù be den yãa ni kpakiama ù wuma.,Dis à Bona de rincer le linge et de revenir.
Transport et direction,A boo ge kpakuma a ka na.,Brûle les poils du cabri et apporte-le.
Transport et direction,U win sɔbu ni kpanama gbee swaawɔ.,Il n'a :
Transport et direction,Bɛɛ ka kparabu.,Merci de nous guider sur le chemin de Dieu.
Transport et direction,U nɛɛ yi kparama uka turuma mini.,Il a conduit les boeufs jusqu'à arriver ici.
Transport et direction,Ba wii sɛna kparanama.,. . et venir. Ils l'ont chicotté en venant ici.
Transport et direction,"Yè tem yɛ̃ ro u koo naa bɛsɛn wuuwɔ, yera delege u nɛɛ kpàro ù de ù gari yi wuu nɔɔsia.","Comme le chef de l'état devait venir dans notre village, le délégué a demandé au gongonneur de l'annoncer aux habitants du village."
Transport et direction,I ku sɔku te dii kpe. Swaa yerà i ko kpe?,Ne mangez 2) choisir et suivre un chemin. Par quelle voie passerez-vous en rentrant.
Transport et direction,Sabin kurɔ kpee kɔbusa sawa.,La femme de Chabi a préparé la sauce de gombo.
Transport et direction,A dea wunɛn sɔmbu te kpeema a sere wuma.,Tâche de terminer ton travail avant de revenir.
Transport et direction,A swãa ye nim kpɛ̃ɛma ana.,commencer à mettre dans. . et venir. Mets le poisson dans l'eau et viens.
Transport et direction,"Yè ba wa woo ga dii te kpɛɛyama mɛ, yera ba duki kura.","Quand ils ont vu que le vent a commencé à enlever le toit de la case, ils sont sortis en courant."
Transport et direction,Sabi u bii kpɛ̃ rama uka wuu duuma.,Sabi a écrasé un enfant en entrant dans le village.
Transport et direction,A do a bii wi kpĩima kpaa wurama.,Va mettre l'enfant au lit et tu reviens.
Transport et direction,Ba ku ra kpiku swaawɔ kɛ̃ siru wa.,On ne voit :
Transport et direction,A ku man kpunari. Ne te couche Ù win nɔm geu kpunari.,Il s'est couché sur ma natte. Qu'il repose éternellement sur sa main droite.
Transport et direction,Durɔ wi u yina ù wuun sunɔ kpunaa. R - r ra,Cet homme a refusé de se prosterner devant le chef du village. nég.
Transport et direction,U sisi re?,doute. Est-ce-qu'il va venir? rò
Transport et direction,"Ye sa yinna swaaɔ, yera sa tɔbirina.","Quand nous nous sommes rencontrés sur la route, nous nous sommes salués."
Transport et direction,Bibu ba sãa kɔ̃ . sãa kɔ̃ . sãa munɔru/sãa mɔrɔru[sãa mɔrɔru]Spondias monbin (Anacardiacées). Ba sãa mɔrɔnu sɔrimɔ. Ils cueillent des fruitsdu sãa mɔrɔnu. sãa mɔrɔra. sãa mɔrɔnu. sãa mɔrɔna. sãa munɔ swãabuu [sãa munɔ swãabu]prunier mombin. sãa munɔ swãabuuwa. sãa munɔ swãabunu. sãa munɔ swãabuna. sãa muraru[sãa muraru]Ximenia americana. sãa murara. saa pɛɛtu / sabi pɛɛtu [saa pɛɛtu]canard. Bɛsɛn yɛnuɔ saa pɛɛtu mɔ.,Les enfants sont en train de se balancer. Dans notre maison on a des canards.
Transport et direction,Bɛsɛn naa ye 210 saakɛ/ saagɛ saaria ya koo saada ko.,Notre boeuf va devenir cher.
Transport et direction,Durɔ wi u da win wuuwɔ u búnu sãama u sere na u tuuba kua. A do awunɛn dwaani sãama kpaa sere naa man sãa.,Cet homme est allé dans son village adorer les fétiches avant de venir se convertir. servir et venir. Va d'abord servir ton oncle maternel avant de venir me servir. .
Transport et direction,Bɛsɛn wɔɔ beran saarɛ koowo wi u dɔkɔru do.,Celui qui chante de maison en maison dans notre quartier a une belle voix.
Transport et direction,U sɔmbu te sɔɔ sãaya.,devenir rapide. Il est devenu habile dans ce travail.
Transport et direction,"Yè u den sãayama , yera ba nùn tɔ̃ rasiaacc.",.
Transport et direction,"Yabe te, ta koo ka man saka ko. Su gberenu saka ko, baawere uka suni.","suffire, être assez grand, à la dimension de. . Cette chemise peut aller avec moi. mesurer, peser, jauger. Mesurons le maïs pour que chacun puisse piler."
Transport et direction,A naa ye sãkama kpaa na. sakan wera sakan wenu.,Egorge le boeuf puis viens. sakan weru / sakan woru [sakan weru‚]espèce d’herbe .
Transport et direction,U man sãkiria u na u man sɛ̃ re.,Il m'a surpris et il est venu se jeter sur moi.
Transport et direction,U man sãkuma sere gbaburun bɔnu.,Il m'a accompagné jusqu'à la moitié de la distance. .
Transport et direction,"Na gĩa samaata dwa, n ka nɛn diru kɛnɛ.",Hier j'ai acheté la natte en bambou pour fermer ma chambre.
Transport et direction,"s'abimer, se gâter. Nɛn kɛkɛ ya sankira.",Ma voiture est en panne. Win nuki yu sankira 'Il s'est attristé. '.
Transport et direction,A kun da ka tɔn sanko swĩinɛ.,Ne chemine :
Transport et direction,U man nɛn kpookpoo te sankuri.,Il a gâté ma moto à mon insu.
Transport et direction,Bii be ba sannama ba ka dumma yɛnuɔ.,Ces enfants ce sont querellés en venant à la maison.
Transport et direction,Wee sii uka man sannɔ tirasiguu deema ni.,Voilà qu'il est entrain de discuter avec moi.
Transport et direction,"I de su nɔɔ tia ko, su da sannu.",Mettons-nous d'accord pour aller ensemble.
Transport et direction,Biɔ u sanum mɔ. Woru kùn sanum mɔ.,Bio marche vite. Worou ne marche
Transport et direction,"Yè kɛkɛ ya wuu dua, Woruwa u gbia u sara. Na gĩa dokotoron kɛkɛ wa ya sara. Bii ù n swaa sara, wiin gari yu sɛ̃ .",". descendre, sauter. Quand la voiture est arrivée au village, Woru a été le premier à descendre. J'ai vu hier la voiture du médecin qui passait. avoir mauvais caractère, avoir de mauvaise habitudes. Quand un enfant a des mauvaise habitudes c'est très compliqué."
Transport et direction,A man nɛn yãnu teya nu sãra. Yam mu sãra. Sɔ̃ɔu sãra.,"Tu m'as lavé mes habits, ils sont devenus propres. Il fait jour. La saison sèche est arrivée."
Transport et direction,"Yè u wobura u sarama, yera woo ga seewa ma u kpam disinu kua.","Quand il s'est lavé il commençait à devenir propre, un vent s'est levé et il est redevenu sale."
Transport et direction,Goo gunɔn baaye ka sasara.,L'avion n'a :
Transport et direction,A dea wunɛn yaberu sebe a sere yaburu da.,Enfile ta chemise avant d'aller au marché.
Transport et direction,A nɛɛ ù yabe te sebuma.,Dis-lui de porter la chemise pour venir ici.
Transport et direction,Win dansiki sɔɔra u win tako sebusi.,Il a porté son boubou sur une autre habit.
Transport et direction,A Biɔ sɔ̃ ù be seema.,Dis à Bio de se lever et de venir.
Transport et direction,Ba seenu soomɔ bɛsɛn yɛnu kɔnnɔɔwɔ.,Les gens jouent de la musique religieuse devant notre maison.
Transport et direction,A do a durɔ wi seeyama.,Va faire lever le monsieur. réveiller et faire venir. A do a Woru seeyamaRéveille Worou et dis-lui de venir : .
Transport et direction,"U sɔ̃ seku kperun wuswaaw, u mataraka ka yii piibu nɛni.","Il est assis devant l'enclume, il tient en main un marteu et un petit balai."
Transport et direction,Na taa si semima.,J'ai enfoui l'igname et suis venu.
Transport et direction,"Ye sa tem yɛ̃ ro senna, yera ba sun gobi kã.","accueillir, aller à la rencontre de. . Quand nous sommes allés à la rencontre du chef de l'Etat, ils nous ont donné de l'argent."
Transport et direction,Ba tem yɛ̃ ro sennama.,Ils ont accueilli le chef de l'Etat et ils sont venus.
Transport et direction,Sa bɛsɛn yiini sennɔ da. sennɔ na [sennɔ na]venir à la rencontre. Wuugibu ba koo sunɔ sennɔ na sia.,Nous allons à la rencontre de notre chef. Les villageois viendront à la rencontre du chef demain.
Transport et direction,Na dogo ye serama.,J'ai épulché le manioc et suis revenu.
Transport et direction,"A do ǹ sere dãkuru ko. Sɔm kowo be ba woo sere ka tɛ̃ . A yania koowo sere un ka we. Tii mɔrun swaa, sere bɛsɛn keu. U sere doona? N sere kɔsawa ka gem.",avant que. Va avant qu'il soit trop tard. jusqu'à. Les travailleurs ne sont toujours 3) jusqu'à ce que. Efforce-toi jusqu'à ce qu'il arrive4) il faut. Le chemin de la liberté est dans l'alphabétisation. Est-il parti? Cela a-t-il changé vraiment?
Transport et direction,"Nɛn tundo ura ràa man seru sɔndi. Mon père me mettait à l'épaule. seru kaseru/ seru kãseru [serru kaseru]épaule. Yè sa wãa sa gari mö, yera Bɔna u nɛn seru kaseru so.",sera. Quand on était en train de parler Bona m'a frappé sur l'épaule.
Transport et direction,"Bii wi, u sɛɛra.","devenir intelligent, devenir sage. Cet enfant est intelligent. il est sage) :"
Transport et direction,"Bii wi u sɛɛya, u ǹ maa sia wuremɔ.","veiller à ne plus recommencer, devenir sage. Cet enfant est devenu sage, il ne recommencera plus."
Transport et direction,À n ddaa kurɔ wi sɛ̃ kama kpaa wurama.,"Si tu vas, tu embrassera la femme et tu reviendrasinacc."
Transport et direction,Siikuro ga sòkuru kua dii gãarɔ.,L’oiseau jaune a fait son nid derrière la chambre.
Transport et direction,"Yè ba wii soka, yerau sɛndama.","Quand on a appelé l'enfant, il se presse et il vient."
Transport et direction,A do a dɛka ye sɛrima win dii kɔnnɔwɔ kpaa wurama.,Va mettrece bâton devant sa case et reviens.
Transport et direction,"Ye sa tura wuu mi, bii win naasu su sɛ̃ sia. A notre arrivée dans ce village, l'en- 227 sɛs̃ iama siarama fant a eu mal au pied.","devenir difficile, pénible, endolori."
Transport et direction,"Yè durɔ wi u barɔ, yerau sɛ̃ siama.","Lorsque cet homme est malade, il est devenu difficile."
Transport et direction,Bii wi u win mɛro sɛ̃ siari.,L'enfant est devenu difficile contre le gré de sa maman.
Transport et direction,Kurɔ wi u sɛ̃ siasi yɛnu sɔɔ.,. . La femme est devenu difficile dans la maison.
Transport et direction,Ben wuun swaa ye ya nɛn naasu sɛ̃ siasia.,La route de leur village a endolori mon pied.
Transport et direction,Sɔmbu te ta koo bii wi sɛ̃ sie.,Ce travail sera difficile pour cet enfant.
Transport et direction,Sɛ̃ u ga dimɔ turuku mini.,Un renard est entrain de manger tout à côté.
Transport et direction,Naǹ kpɛ̃ n sĩ . Woru u koo sia sĩ win kpaarɔ.,"Je ne peux : partir, rentrer chez soi. Worou retournera chez lui demain."
Transport et direction,A do a wii siarama. 228 siarana sĩira,Va le remercier et reviensinacc.
Transport et direction,Ba ben wöru gen tɔ̃ ru sĩiya.,Ils ont changé la date de leur fête.
Transport et direction,"A sĩima, su ku raa nun deri yakasu mini.","Viens vite, qu’on ne t’abandonne :"
Transport et direction,"Swaa ye, ya ra n sĩini mɔ.",Cette route a des esprits.
Transport et direction,Sĩiru ta tau gem gem. sĩiru  sĩinu.,Le tendon est très tendre. fait d'aller passer la nuit ailleurs.
Transport et direction,Ba bii wi sĩisia.,Ils ont fait marcher l'enfant.
Transport et direction,Amɔna tɔn be ba basĩisina mi ?,Comment ces gens ont-ils marché?
Transport et direction,"Ba wuu daa ten tɔ̃ ru sĩiya. Yè na duma ye sĩiya, yera ya duka wukura.","route). Ils ont changé la date du voyage. tourner, retourner, virer. Quand j'ai retourné le cheval, il s'est mis à courir."
Transport et direction,Durɔ u maasɔru yɛ̃ wa nde win sikado.,Dafia sait aller à cheval comme son ancêtre.
Transport et direction,Siku kãaru ta suremɔ. siku kãara. siku kãanu. siku kãana.,L’ancien tombeau est en train de s'enfoncer.
Transport et direction,"Yè yaruwaasi u kĩ ù kurɔ sua, u sireena gea.","ne savoir que faire, aller de ci, de là. Quand le jeune voulait se marier, il s'est beaucoup promené."
Transport et direction,"A seewo su duka, damgibu ba sisi. sisiru bururu [sisi bururu]lendemain matin. Sisiru bururu ba koo ben sɔmbu te ko.","int. inv. Lève-toi et file. Les forces de l'ordre arrivent. Le lendemain matin, ils feront leur travail."
Transport et direction,Sɔkura yyea wunɛn baaba sokuma.,"L'igname pilée est prête, appelle ton père."
Transport et direction,"Yè u kperu sokurama, yerau na u sun wɔri.","Quand il a heurté une pierre, il est venu tomber sur nous."
Transport et direction,Ba wii sokurasia yè ba nɛɛ ù duka do fuuku.,"On l'a précipité, quand on lui a dit de vite aller."
Transport et direction,Songo gia sɔbu ba ku ra biare.,Le quartier Zongo ne manque :
Transport et direction,A kpee te soorima a ka na.,Lisse cette pierre et apporte-la. .
Transport et direction,Mare berà ba sòosaa soomɔ mi?,Quels peuls sont en train de jouer du violon? sòosaa.
Transport et direction,"Sòo tè ba man kã gia, ta sɔ̃ sia.",devenir amer. La bouillie qu’on m’a offerte hier est devenue amère .
Transport et direction,"Gbɛsɛ nì na yorima, sinu man sosiari.","Les courges que j'ai cueillies sont devenues amères, je le regrette."
Transport et direction,"U wii sɔbu ni tura, kpaa nùn sɔbu ni sɔbiama a sere wurama.","A l'arrivée, tu le libéreras de sa charge avant de revenir."
Transport et direction,A de bù nun sɔbu ni sɔbima a ka na.,Permets qu'ils te chargent les bagages pour me les apporter.
Transport et direction,A nim sɔ̃ kama a ka na.,Puise de l'eau et apportela.
Transport et direction,"Yè ba bè sɔkirima mi gian di, yera ba koo na bu nɛɛ ba bè daa kua.","Comme ils ont reçu plusieurs injections depuis là, ils sont venus se plainres ici."
Transport et direction,U da u naa ye sɛ̃ u sɔkuma.,Il est allé faire une injection au taureau.
Transport et direction,Kɛkɛ yen sɔmbu bu wɛ̃ ra.,La voiture a été bien réparée.
Transport et direction,A do a kɛkɛ ye sɔmma fuuku.,Va vite faire réparer la voiture.
Émotions et sentiments,Bii win babiribu bu ra win mɛro dore.,"Lorsqu’on palpe son enfant, la mère est contente."
Émotions et sentiments,"Wì bãru ta wɔri, u kù ra n maa kɔberun bɛrum mɔ. bãra bãnu.","fruit du rônier. Celui sur qui tombe le fruit du rônier, il n'a plus peur d'une taloche."
Émotions et sentiments,Win bɛruma mu nùn bebirisiamɔ.,C'est sa peur qui le fait bégayer.
Émotions et sentiments,Durɔ wì bɛndowa.,Cet homme est un peureux.
Émotions et sentiments,Kurɔ ka durɔ ba bɛkinɛ ba ka sĩimɔ.,La femme et son amoureux marchent corps contre corpsinacc.
Émotions et sentiments,Damu ga bɛndo gire.,Cet homme est un peureux.
Émotions et sentiments,À n bɛrum mmɔa ǹ dɔko duɔ.,"Si tu as peur, tu ne peux :"
Émotions et sentiments,"Ye na gbee sunɔ wa, na bɛrum kua gem gem.","Quand j'ai vu le lion, j'ai eu très peur."
Émotions et sentiments,Bɛɛn bɔ̃ɔ ge ga bɛrum mɔ. Wunɛn gari yi yu bɛrum mɔ. Ton problème fait peur.,Votre chien a peur. inspirer la peur.
Émotions et sentiments,"Sa ǹ gãanu wa, bɛrumma mu sun gire.","Rien ne nous poursuit, c'est la peur qui nous fait courir."
Émotions et sentiments,I ku bɛrum soora.,N'ayez :
Émotions et sentiments,"Yè u nanda, yerau birɔ kara.","Quand il a eu peur, il a disparu miraculeusement."
Émotions et sentiments,"Kurɔ ka durɔ ba ra bɔnna ko. L’homme 35 bɔnn bɔɔbɔɔru et la femme jouent aux amoureux. Ba ǹ sannamɔ, bɔnnawa ba mö.",Ils ne se disputent
Émotions et sentiments,Biɔ ka win kurɔ ba bɔnnɛ mö.,Bio et sa femme font les jeux d'amour.
Émotions et sentiments,Swaa bɔɔri ba ra swaa dãa bunanabu kã.,Les coupeurs de route aiment barrer la route avec les troncs d’arbres.
Émotions et sentiments,"Dãa buro wini, u nɔmu sãu.",Ce coupeur de bois est très rapide.
Émotions et sentiments,Sa tɔ̃ɔ baka te di ka nuku dobu ka bwɛ̃ɛ dora. bwɛ̃ɛ dora.,Nous avons célébré cette fête avec joie et grande satisfaction.
Émotions et sentiments,"Durɔn win bwɛ̃ ra ya yɛmia. Mi bwɛ̃ ra ya dibu da, miya dosu ga ra we. 50 bwɛr̃ a ya swĩa bwisi","Cet homme est satisfait2) siège des émotions. Là où l’esprit vogue, c’est là où vont les rêves."
Émotions et sentiments,gari yi yi wii bwisikusia sere u nanda.,Cette parole l'a fait réfléchir qu'il en a eu peur :
Émotions et sentiments,"Yè u gbãrama win dii sɔɔn di, yera sa nanda bɛsɛ kpuro.","Lorsqu’il a hurlé depuis sa case, nous avons eu tous peurinacc."
Émotions et sentiments,"Sa ǹ kpĩa su bɛɛ daabaaru ye nɔɔsia fuuku. Nous n'avons Na gĩa dabaaru gaa nua, ya man nanda.",J'ai appris une nouvelle qui m'a fait peur hier.
Émotions et sentiments,Gari yu wii dore sere u yɛ̃ɛu dɛsinu kara.,La parole dite lui a plu si bien qu'il a manifesté sa joie en riant.
Émotions et sentiments,"Yè bɛrum mu nùn mwa, yerau diiribu torua u kpana u dãru yɔ.","Quand il a eu peur, il n'a"
Émotions et sentiments,"Yè bɛrum mu nùn mwa, yerau diirima ma u seewa.","Quand il a eu peur, il s'est mis à trembler et il s'est levé."
Émotions et sentiments,Sɛ̃ɛ dokùru ta nanum mɔ. dokùra dokùnu dokùna,"Une flèche empoisonnée est étrange, elle fait peur."
Émotions et sentiments,Doo nɔɔrugii ku ra n ka gɛɛ nande.,L’homme heureux n’a peur derien .
Émotions et sentiments,Maasɔbu ka ben gãakuba ba bɛsɛn wuu dua.,Les cavaliers et les tambourineurs (frappeurs de tam-tam) sont rentrés dans notre village.
Émotions et sentiments,Durɔ win gɔ̃ ru ga do.,être joyeux. Cet homme est tout content.
Émotions et sentiments,gɔ̃ ru dobu bu dera na duari ye na mö. gɔ̃ ru doba,"A cause de la joie, j'ai oublié ce que je fais."
Émotions et sentiments,A ku de wunɛn tundon gɔ̃ ru gù sankira uka gbi. gõrù ga ǹ sankire.,"devenir triste, se décourager, chagriner, affliger. Ne chagrine :"
Émotions et sentiments,Win kandabu bu sun nanda.,Le fait qu'il ait dégringolé nous a fait peur.
Émotions et sentiments,"Saa win mɔɔn gɔɔn di, win keewa ya kpã.","Depuis la mort de son grand-frère, sa nostalgie est très grande keewa."
Émotions et sentiments,"Durɔ wi u sina u sun gari keu kua, sere bɛsɛn daakari ya seewa.",Cet homme s'est assis et nous a donné un enseignement au point que nous avons eu peur.
Émotions et sentiments,Ba ku ra kpiki swaawɔ kɛ̃ siru wa.,On rencontrerarement l’étrange sur le chemin de la fuite.
Émotions et sentiments,s'aimer mutuellement; I de i kĩana.,Aimez-vous les uns les autres.
Émotions et sentiments,"Na nɛɛ ben kĩanaa ye, na ǹ yè wure.",Je dis que je n'accepte :
Émotions et sentiments,"Kĩru tàn banda, wɛrɛra ta ra maa.","Si l'amour devient excessif, il engendre l'inimitié."
Émotions et sentiments,Kɔɔkɔwa ba ra ka bii nare uka mari.,C'est avec ce qui est dangereux qu'on effraie les enfants.
Émotions et sentiments,A ku ka man kɔ̃ re.,Ne te mets :
Émotions et sentiments,"Kɔ̃ ro, gera ba ra ka bibu nare suka sɔɔ.",C'est avec cet animal mythique que l'on effraie les enfants dans les contes.
Émotions et sentiments,U kɔ̃ ruma uka na u man deema.,Il s'est mis en colère pour venir me voir.
Émotions et sentiments,Woru uka man nɛn bii kɔ̃ ruri.,Worou s'est mis en colère contre mon fils.
Émotions et sentiments,Suunu ga kpɔ̃ a ka sãa kunɔnu.,L'éléphant est trop grand pour se contenter des restes de l'arachide.
Émotions et sentiments,"Mɔru ya kù rà sɔmɛ, ya rà sankuwa.","La colère n'arrange rien, elle gâte tout."
Émotions et sentiments,"Durɔ wi, u mɔru bara u win kurɔbu gira. mɔru bɛ̃ sira/ mɔrɔku bɛsira [mɔru bɛ‚s¿‚ra‚]1. Yè na nɛɛ u doo u tebo mwama, yerau mɔru bɛ̃ sira. mɔru bɛ̃ sire.","Ce monsieur s'est fâché, il a renvoyé ses femmes. être furieux. Quand je lui ai demandé d’aller me retirer la houe, il est devenu furieux."
Émotions et sentiments,"attraper, Nɛn wɔmɔn sisu su gĩa kpasa mwa. Yè na nùn gobi kã, yerau yì mwa ka nuku dobu. Gusunɔ u bɛsɛn kanaru mwa. Que Dieu exauce nos prières.","Le piège de mon frère a attrapé une antilope hier. prendre à la main, prendre dans les mains d'un autre. Quand je lui ai donné l'argent, il l'a pris avec joie."
Émotions et sentiments,Ba man nandasia ka ben damu ge.,Ils m'ont effrayé par leur bruit assourdissant.
Émotions et sentiments,Durɔ win gɔɔ u sun nanum mwa.,La mort de cet homme est étange et fait peur.
Émotions et sentiments,Na wii kurɔ wi narusia.,Je lui ai demandé de faire peur à cette femme.
Émotions et sentiments,"Bɔ̃ɔge, ga dera na gè nasia.",. . Le chien m'a apeuré. nég.
Émotions et sentiments,Nasiaru ta dera bii wi u sĩira.,La peur a transformé l'enfant.
Émotions et sentiments,Nim wɔ̃ kun nim kureru ta ra man bɛrum mwɛ.,Les vagues de la mer me font peur.
Émotions et sentiments,Ba bii nɔm kureru so sere sa nanda. nöm kurena nɔm sooru / nɔm soberu [nɔm sooru]empan. Nɔm sooru ta ra bekuru yĩirewa miL'empan sert à mesurer un pagne.,On a donné un coup à un enfant au point que nous avons eu peur. nöm kurera.
Émotions et sentiments,Nuku gbisibu kun ka yɛnu yɛ̃ ro wã.,Il n'est :
Émotions et sentiments,Nuku dobu kun dere ù dweeya.,La joie lui a donné de l'insomnie.
Émotions et sentiments,"Bii wi u win nuku dobu tusia. Tɔ̃ ru baatere tè sɔɔ a bwãa do, ade a nuku dobu tusia. nuku dobu tusie.","L'enfant a manifesté sa joie. Chaque fois que tu te sens en bonne santé, manifeste ta joie."
Émotions et sentiments,Nuku sankiranu niya nu durɔ wi go.,C'est le déouragement qui a tué cet homme.
Émotions et sentiments,"nukkura1) ventre. Wunɛn nukuru ta kpã. U nukuru do. U nuki sum. nukuru dora [nukuru dora]devenir content. Win nukuru ta dora. nukuru ta sankira [nukuru ta sankira]devenir triste, découragé. Durɔ win nukuru ta sankira. nukuru ta sankiramɔ. nukuru ta ǹ sankire.",Ton ventre est gros. coeur en tant que siège des sentiments. Il a un bon coeur. Il est devenu content. nég. Cet homme est découragéinacc.
Émotions et sentiments,Na deba pem pem.,Je suis très satisfait.
Émotions et sentiments,Uku tii kpake.,Il ne faut :
Émotions et sentiments,"Durɔ wi, ura Gusunɔ sãa ka nuku tia.",Cet homme adore Dieu avec joie.
Émotions et sentiments,Na wunɛn kɛ̃ɛte siara.,Je suis content de ton cadeau.
Émotions et sentiments,"Yè u mɔru bara, yerau win wɛrɔ nɛnua u sira.","secouer. Quand il s'est fâché, il a pris son ennemi par la main et l'a secoué."
Émotions et sentiments,Sokegii u ku ra yare gɛm. sòkegiiwa sòkegibu sòkegiba.,Un petit commerçant sait se contenter du bénéfice qu'il trouve.
Émotions et sentiments,U gura soora. U sɔ̃ɔ soora.,Il l a été trempé par la pluie. Il a eu peur. Il a été brûlé par le soleil.
Émotions et sentiments,A man nim kɛ̃ n nɔ Gusunɔn sɔ̃ .,"à cause de, pour. Donne-moi de l'eau à boire pour l'amour de Dieu."
Émotions et sentiments,"Yè ba wii toorima mi gian di, yerau na uka sun mɔru mö.","Comme il a été tourmenté depuis là-bas, il est venu se mettre en colère contre nous."
Émotions et sentiments,"Tororu tàn sɛ̃ , a tim tɛɛniɔ. À kù tororu mmɔa gari kam de. Si tu n'as  Durɔ wi u tororu sɔ̃ .","Si tu as mal à la poitrine, passe un médicament dessus. courage. Cet homme est courageux. win torora kara il a eu peur."
Émotions et sentiments,Bii win wasikiranu nu man nanda.,L'évanouissement de cet enfant m'a fait peur.
Émotions et sentiments,Watagii u ku ra n tɔnun bɛrum mɔ.,Les prétentieux n'ont peur de personne.
Émotions et sentiments,Wɔm pɔkɔru ta rà tɔnu nare nare.,Le cynocéphale fait peur.
Émotions et sentiments,"Win gbaa te tàn wukura gisɔ, win nukuru ta koo dora.",Si son champ a été sarclé aujourd'huiil sera content.
Émotions et sentiments,Wuraaya ku ra n ka tɔn kurɔbu sɛ̃ .,cris ; . Les femmes pleurent facilement.
Émotions et sentiments,"Na damu gagu nua yam sãreru sere na nanda. yam sãrera. yam sãrenu. yam sãrena. yam susuru/ yam suuru[yam susuru]chaleur. Sɔ̃ɔù n sãra, yam susuru ta ra ko.","J'ai entendu un bruit au petit matin et j'ai eu peur. Pendant la saison sèche, il fait chaud."
Émotions et sentiments,"Yè u dom yandama, yera bibu ba nanda.","Quand il a commencé à se réveiller, les enfants ont eu peur. yanda1 'se réveiller'."
Émotions et sentiments,"Nɛn dĩanu nu yɛmia, na ǹ kpɛ̃ n nì di. Win gɔ̃ ru ga yɛmiaIl est satisfaitWin nukuru ta yɛmia. Il est satisfait (d'une satisfaction plus profonde)Win bwɛ̃ ra ya yɛmia.","se refroidir. Ma nourriture s'est refroidie, je ne peux 2) être satisfait. Il est pleinement satisfait."
Éducation et école,Keu sɔ̃ɔsio u win keu biin soo baarisia.,Le maître a fait pincer l'oreille de son élève.
Éducation et école,Bɛsɛn wuun bàn gurusu sɔɔra ba da ba keu diru bana.,C’est sur les anciennes ruines de notre village qu’ils ont construit l’école.
Éducation et école,Keu bibun banɔ ya yabura.,Le ballon des élèves est percé.
Éducation et école,"Saaben keu dirun di, wi turowa u bature kpaaru da.","De leur école, il est le seul à aller en Europe."
Éducation et école,"Nà n nun nɛnua, goo sariwì u koo nun bɛsia.","Si je te tiens, il n'y a personne pour te délivrer."
Éducation et école,Na ben keun gari yi bikiama.,Je suis allé prendre des renseignements concernant leur école.
Éducation et école,"Ye ba garaasa da, win biiwa u boria.","Quand ils sont allés à l’examen, c’est son enfant qui a été premier."
Éducation et école,Ba sun tirenu bɔkurasia su ka sɔmburu ko.,Ils nous ont fait emprunter des livres pour travailler.
Éducation et école,Woru u win bɔ̃ɔ dwaa sabua uka damaru maraa. bɔ̃ɔ dwaa. bɔ̃ɔ dwɛɛ. bɔ̃ɔ dwɛɛya.,Woru élève un chien en attendant le temps de la chasse.
Éducation et école,Bururu baatere na rà nɛn yɛnugibu tɔbiriwa n sere keu doona.,"Chaque matin, je salue les gens de ma maison avant d'aller à l'école. bùrùra›. bùrùnu. bùrùna›."
Éducation et école,Ba man nɛn tireru bwɛ̃ɛri diru wɔllɔ.,Ils ont déposé mon livre sur le toit de la maisonbase:
Éducation et école,Bii be ba man nɛn tireru gbɛniri.,Ces enfants m'ont volé le livre.
Éducation et école,Keu bii ben dabiabu kun geeru mɔ.,L'accroissement du nombre des élèves est illimité dabìàba›.
Éducation et école,Gisɔ sa ko dooru mɛɛri fiiko. Keu kowobu ba ra dooru ko.,"Aujourd'hui nous allons apprendre à calculer un peu. Faire un décompte, un calcul. Les apprenants font les opérations de calcul à l’école."
Éducation et école,"Dɔma 83 dɔmaru dɔ̃ɔ bɛsia tè na keu daabu torua, na swĩ gem gem.","lorsque, quand. Le jour où j'ai commencé à aller à l'école, j'ai bien pleuré."
Éducation et école,Bibu ba dwee keu dirɔ.,"s'amuser, jouer. Les enfants ont joué dans la cour de l'école."
Éducation et école,Worun baa u nùn tire kpaaru dwia.,Le papa de Worou lui a acheté un livre neuf.
Éducation et école,Sa ko foto wĩa gisɔ bɛsɛn keu dirɔ. fotowa fotoba fotobara.,On va faire des photos dans notre école.
Éducation et école,Tire te ta garira.,Ce livre a pu être lu.
Éducation et école,Ba man nɛn tireru gãruri.,Ils ont cousu mon livre.
Éducation et école,Na nɛn tireru garusia.,J'ai fait coudre mon livre.
Éducation et école,Gasɔ ka gasɔ nɛn baa ura man gobi kɛ̃ n ka gãanu dwe keu dirɔ. gasɔ ka gasɔwa.,De temps en temps mon père me donne de l'argent pour acheter quelques choses à l'école.
Éducation et école,Tire teniwa ta sãa wunɛgiru.,C'est ce livre-ci qui est à toi.
Éducation et école,"Bii wi, u win baaba gia. U sɔmbu te mɛɛra u gia. U gia yè ba ra nɛɛ nɔni swãaru.","giana 'se connaître l'un l'autre'; giari 'connaître contre le gré de quelqu'un'; Int: giasi 'profiter pour apprendre'; connaître, savoir (après avoir appris ou expérimenté). L'enfant a enfin connu son papa. Il a appris le métier et il sait le faire. Il a su ce qu'on appelle souffrance. découvrir."
Éducation et école,"Yé bii wi uka win tireru dweebu mɔ, yerau tè gĩama u sere tunuma mini. gĩa 'déchirer'.","Quand l'enfant s'amusait avec son livre, il l'a déchiré avant d'arriver ici."
Éducation et école,U gãa dabiru giasi tire te sɔɔ.,Il a appris beaucoup de choses dans le livre.
Éducation et école,Mɛɛtiri u wi tireru giasia.,Le maître lui a fait connaître et comprendre le livre.
Éducation et école,U man nɛn bii kamiari keu dirɔ.,Il a surclassé mon enfant à l'école.
Éducation et école,"Wì u tii sua ba koo nùn kawa, wì u maa tii kawa ba koo nùn sua.",Quiconque s'élève sera abaissé et quiconque s'abaisse sera élevé.
Éducation et école,U rà n kĩ su keu da sannu.,Il aime aller à l'école avec moi.
Éducation et école,"U koo keu ko baa sɔ̃ɔ teeru. keu koosia [keu koosia]Enseigner, instruire. Wara u koo tɛ̃ bɛsɛn bibu keu koosia, mà ben mɛtiri u sĩa nɔ! keu koosio [kéù koosìò]Enseignant. Keu koosio u bɛɛ kãsa keu dirɔ.",Il ira au cours même si c’est une seule fois. Qui va instruire nos enfants maintenant que leur maître est parti. Lemaître vous a dévancé à l'école.
Éducation et école,Ba sun keu diru kɛniasia bɛsɛn wuuwɔ.,Ils nous ont fait ouvrir une école dans notre village.
Éducation et école,"Yaa kpikun kɔba ya dɛ̃ u. Kɔba ya so, su ka sɔmburu da.",heure. Les cornes de l'antilope sont longues. L'heure a sonné pour aller à l'école.
Éducation et école,"I ku sibu mɛɛri mì ba sɔmburu mö. I ku nɔman sɔma mɛɛri, ka bɛɛn yikuru.","Ne les regardez 2) apprendre, étudier. Restez là à refuserd’ apprendre un métier de mains. Paresseux que vous êtes ! action:"
Éducation et école,Win yam mɛɛribu bu biti mɔ. Bɛsɛn barum mɛɛribu bu tonda tɛ̃ .,action de regarder. Sa façon de regarder est étonnante2) action d'apprendre ; Nous avons vite progressé dans l'apprentissage de la langue.
Éducation et école,"Ba man sɔmburu mɛɛrisia yè na keu kpana. faire apprendre, faire étudier   :",On m'a fait apprendre un métier quand j'ai quitté l'école. .
Éducation et école,Mɛɛtiri u win bibu keu sɔ̃ɔsimɔ. Bekuru mɛɛtiri tia ya ra nɛn yaberu ko.,L’institeur enseigne ses élèves2) mètre (mesure de longueur). C’'est un mètre de tissu qui suffit pour la couture de ma chemise.
Éducation et école,A dea nùn tire te mwari ù kù tè gĩa.,"Prends-lui le livre, qu'il ne le déchire :"
Éducation et école,Na nɛn tireru kasuu.,poss. Je cherche mon livre.
Éducation et école,Naa tebon nɛnubu bu sãawa dɔɔnɛn gari. Wunɛ ka nɛnubu.,"Tenir la houe est une question d'habitude. Merci pour le fait que tu l'as gardé. éducation, fait d’élever un enfant."
Éducation et école,Keu bibu ba sun dweebu naawa sàa nim nɔɔ gian di. nim nɔrutiru / nikitiru [nim nɔɔtiru]calebasse pour boire de l'eau. A man nikitiru kɛ̃ɛma.,Des élèves sont venus depuis les rgions au bord de la mer pour nous égayer. Donne-moi une calebasse pour boire de l'eau.
Éducation et école,Na bara kowo gobi nɔmu sɔndiya. U bii wi tebo nɔmu bɛria.,J’ai posé l’argent sur la main du mendiant. Il a mis la houe dans les mains de l’enfant. .
Éducation et école,"Nɛn tireru ta wɔri dɔkɔ sɔɔ. Ben wuu ge sɔɔ, tɔn geo sari.","Dans, à l’intérieur. Mon livre est tombé dans le puits. Dans leur village, il n'y a :"
Éducation et école,Kon nun win yɛnu sɔ̃ɔsi. Kon nun sɔ̃ɔsi mɛ̀ waãru ta sñ. Gusunɔ ù nun yam sãre buraru sɔ̃ɔsi. Que Dieu t’offre la bénédiction de voir une belle journée. Yaruwaasi goo u sun tireru sɔ̃ɔsi. Kon nun sɔ̃ɔsi mɛ̀ ba ra ka waãru diisinɛ.,montrer. Je vais te montrer sa maison. Je vais te montrer comment la vie est difficile. Un jeune homme nous a appris à lire. Je vais t'apprendre comment on vit. nacc. nég.
Éducation et école,Warà u man nɛn tireru suari?,Qui a dérobé mon livre?
Éducation et école,"danser, sauter, atterrir. Durɔ wi u sura dãaru wɔllun di. Keu dirɔ, Biɔ u yɔ̃ɔwa u sura.","Cet homme a sauté de l'arbre. A l'école, Bio a sauté. nég."
Éducation et école,Kurɔ tɔkɔru ta ten suuru sabuwa.,La vieille femmeélève unchat.
Éducation et école,Tire tè na dwa gĩa ta kɔ̃ɔra. Na tire kpaaru wa ma na tè dwa. Na tire te wa.,"te ta. obj. te. qui, que. Le livre que j'ai acheté hier est perdu. — compl. cl ""t"". le, la. J'ai vu un nouveau livre et je l'ai acheté. — et dém. ce, cet, cette. Jai vu ce livre."
Éducation et école,tire ten tere ?,lequel ? laquelle ? lequel des livres ? .
Éducation et école,"Bɔni, ana awunɛn wɔnɔ taata ko.","Boni, viens apprendre à marcher à ton jeune frère."
Éducation et école,"À n kĩ wunɛ ka bibu i dwee, tilasi sere a tii kawa a ko nde be. Wì u tii sua, ba koo nùn kawa, wì u maa rii kawa, ba koo nùn sua.","Si tu joues avec les enfants, tu es obligé de t'abaisser pour te mettre à leur niveau. Quiconque s'élève sera abaissé, et qui s'abaisse sera élevé."
Éducation et école,Ba tireru dɔramɔ fɛɛriɔ. Na nɛn bɔrɔn tireru wa gisɔ.,"papier, lettre. On vend des livres à la boutique. J'ai vu la lettre de mon ami aujourd'hui3) livre saint: bible, coran."
Éducation et école,Ba nùn tire te wesiasia.,Il lui ont fait retourner le livre.
Éducation et école,U man tireru wɛ̃ na ka da yɛnuɔ.,Il m'a remis un livre que j’ai emmené à la maison.
Éducation et école,Wiru dweo goo u na ù sun faaba ko.,Un sauveur est venu pour nous délivrer.
Éducation et école,"Yè ba nùn wɔmma keu dirun di, yerau na yɛnuɔ u sumɔ.","Parce qu'on l'a insulté depuis l'école, il vient pleurer à la maison."
Éducation et école,Nɛn tireru ta koo wɔrara.,Il sera possible d'arracher mon livre.
Éducation et école,A nɛɛ ù be tire te wunama ù ka na.,Dis-lui de leur enlever le livre et de venir avec ce livre.
Éducation et école,Keu bibu ba wãa ba kuramɔ wuu wuuka.,Les élèves sortent par groupe.
Éducation et école,Na ràa kĩwa bii ù keu ko ma ba man nùn yarari.,Je voulais que l'enfant aille à l'école et on me l'a fait sortir.
Éducation et école,U ra dom yĩbiri keu dirɔ.,Il somnole à l'école.
Éducation et école,U yĩirima uka keu diru wuma.,Il est revenu de l'école en boîtant.
Éducation et école,U yinaa mɛɛrimɔ maroɔ.,Il est allé apprendre la couture en ville.
Éducation et école,"Sabi u kaaru yorubu yɛ̃ . À kun keu de, tire yorubu bu sɛ̃ . Dãa yen yorubu bu koo sɛ̃ sia gisɔ.","Sans avoir été à l’école, il sera difficile à l’homme d’écrire. arranger (mettre en tas). Il sera difficile de ranger ce bois aujourd'hui."
Travail et métiers,Are yira kaa wa sɔmbu te sɔɔ ?,"y . gains, profit, bénéfice, ristourne, récompense, salaire, avantage. Quel avantage auras-tu dans ce travail? '."
Travail et métiers,"Gusunɔ kùn goo win bàa bire. Amɛn biru sɔmbu ten bàa yàn doona, sa ko da. Yɛnugibun baawa yɛnun nɔɔribu.","Dieu n’a 2) après coup. Après coup, si le travail finit, nous irons. part de responsabilité. . C'est de la responsabilité des propriétaires de la maison de s'en occuper."
Travail et métiers,Baaniwa ba rà ka saruru go. Ba biin boo sɔɔ baani doke.,arbre dont on emploie l'écorce pour tanner les peaux. C'est avec le baani que l'on tanne la peau. fruits utilisés pour le soin des plaies. On a mis le baani dans la plaie de l'enfant.
Travail et métiers,Gbee koko ga susure kowo baari win naasɔ.,le crabe a pincé les pieds du pêcheurNDév: .
Travail et métiers,"Win sɔmbura kia dɔrabu baru kpaa kpaka. bàru kpaa kpaakawa  bàru kpaa kpaakpaba baàru kpaa kpaakana bàru kpaaru [bàrù kpààru‚]village. Baru kpaarun diya ba ra ka tasu nɛ. bàru tem [bàru tem]pays baatɔnu, le Borgou. Baru tem mu tura sere ka NiseriawɔLeBaru tem s’étend jusqu’au Nigeria.",Son travail est de faire le petit commerce de village en village. C'est du village qu'on apporte des ignames.
Travail et métiers,"Gunun bɔrɔu nùn bɛkiasia. Yè u kĩ ù win bii yikuru bɛkiasia, u nùn karewa gberɔ u yake.","L’ami de Gounou l’a fait guérir. Pour guérir son fils de la paresse, il lui a attribué une grande surface de travail au champ."
Travail et métiers,Ba man nɛn sɔmburun gari bikiari.,Ils m’ont posé de question sur mon travail contre mon gré. .
Travail et métiers,A wunɛn sɔmbu te bimɛma.,Répète une fois encore ton travail.
Travail et métiers,Yikura ta win sɔmburu biru wesia.,C'est la paresse qui a retardé son travail.
Travail et métiers,Na ǹ kpɛ̃ n goon bii bɔki bɛɛ sɔɔ. bɔki bɔkinaa [bɔki bɔkinaa]: Bake ka win kpaasi ba bɔki bɔkinaa mɔ̀ . bɔki bɔkinaa sɔɔwa sa ko sɔmbu te kurasia.,Je ne peux porter au dos l’enfant d’aucun parmi vous. jeu d’enfant) le fait de se porter au dos mutuellement. Bake et sa camarade se portent au dos mutuellement. C’est dans l’entraide que nous arriverons à bout de ce travail.
Travail et métiers,Ba sun tirenu bɔkurasia su ka sɔmburu ko.,Ils nous ont fait emprunter des livres pour travailler.
Travail et métiers,"Yè u koo ka sɔmburu ko, Sani u wãa u bɔ̃ suwa. Taaso u bɔ̃ sum da uka yaa wuma. bɔ̃ su dobi [bɔsu dobi]Asperge d'Afrique. bɔ̃ su dobiya. bɔsu dubi [bɔsu dubi]asperge d'Afrique. bɔsu kpuna [bɔsu kpuna]chasse professionnelle, grande chasse, longue partie de chasse de plusieurs jours. Buru te, tɔn durɔbu ba bɔsi kpuna doona.","Au lieu de travailler, Sani se promène. aller à la chasse. Le chasseur est allé à la chasse, il a rapporté du gibier. Asparagus africanus (Liliacées). Asparagus africanus. Ce matin, les hommes sont partis à la grande chasse."
Travail et métiers,Gbee sɔmburu ta nùn bukurasia.,Le travail des champs l'a fait vieillir.
Travail et métiers,Nɛn baa u man bure kpĩi ita. Mon papa a réservé ma part de travail de trois sillons2) ne U man bure Worun yɛnuɔ ma u man kaso da wuu suunu gia.,"Dans les travaux des champs, il arrive que l'on laisse des sillons pour ceux qui sont absents ou qui sont plus lents au travail pour que chacun ait la même part de travail. . Il m'a laissé chez Woru et il est allé me chercher au milieu du village."
Travail et métiers,Ba man wii kpiĩ buresia.,faire laisser la part de travail pour quelqu’un. On m'a fait laisser sa part de lignes.
Travail et métiers,U da u sibun sɔm yãnu burisina.,Il est allémélanger lurs outils de travail base: .
Travail et métiers,Sɔm kowo be ba ǹ man dabie.,"A mon sens, les ouvriers ne sont :"
Travail et métiers,Dãa dãko u bɛsɛn yɛnu kɔnnɔn gambo sɔmburu kuammɛ.,Le sculpteur en train de travailler sur la porte de notre maison.
Travail et métiers,U ku ra dãa baatere dãku.,Il n'utilise :
Travail et métiers,Yaruwaasi wi u dãa dãkubu yɛ̃ .,Ce jeune maîtrise le travail du bois.
Travail et métiers,U dãru dãkuma uka na.,Il a travaillé le bois et l'a apporté.
Travail et métiers,Woru turowa u sɔm baka te dãkura.,C'est Worou seul qui a achevé ce grand travailinacc.
Travail et métiers,Sɔmbu ten dãkurabu bu dera u wɛ̃ ra fuuku.,"Parce qu'il a vite fini son travail, il s'est vite reposé."
Travail et métiers,I sɔmbu te dãkurama i sere wuma.,Achevez le travail avant de revenir.
Travail et métiers,Ba nùn sɔmbu te dãkurasia ka dam.,Ils lui ont fait acheverce travail deforce . . par force.
Travail et métiers,Ba dãkusi kubanu sɔɔ.,. Ils ont travaillé du bois dans les poubelles.
Travail et métiers,Ba nùn gbãa búru dãkusia ka gobi .,Ils l’ont fait travailler la manche de la hache avec de l’argent.
Travail et métiers,U koo win dãkutiibu tama ù ka soru dãku.,Il va 65 dala dari amener son herminette pour fabriquer le mortier.
Travail et métiers,Sekon sɔmburu ta sãawa sɔm damgiru.,"demandant la force. Le travail du forgeron, c'est un travail qui nécessite de la force."
Travail et métiers,"À n swaa ye swĩi dee dee, kaa turi mì a dɔɔ. Wunɛn gari yì a gerua, yu sãawa dee dee. U win sɔmburu kua dee dee u sere wuu da.","droit. Si tu suis cette route tout droit, tu arriveras là où tu vas. juste. La parole que tu as dite est juste3) correctement. Il a fait correctement son travail avant de voyager."
Travail et métiers,Durɔ wi u kù rà kã bu win gãanu dendi.,travailler avec. Le monsieur n'aime :
Travail et métiers,A n ka yè dendisimɔ mi.,Emploie-le malgré toutinacc.
Travail et métiers,"Sɔmbu tè a kùn yɛ̃ , ten dɛrabu bu sɛ̃ .",Ilest difficile d'aider quelqu'un dans un travail que tu ne connais :
Travail et métiers,A wii derama ù ka sɔmbu te kpe.,Aide-le pour terminer ce travail et reviens. .
Travail et métiers,I de i derana bɛɛn sɔmbu te sɔɔ.,Entraidez-vous pour faire ce travail.
Travail et métiers,Sɔmbu ten bweseru ta koo derara.,On peut aider à réaliser un tel travail.
Travail et métiers,U man win sɔmbu te deriri.,Il a laissé son travail malgré moi.
Travail et métiers,Ba wii sɔmbu te derisia.,Ils lui ont fait laisser ce travail. .
Travail et métiers,"Bii win dɛɛrabu, sɔm girira.","Pour que cet enfant devienne propre, c'est du travail."
Travail et métiers,"Win sɔmbu te sɔɔ, u ǹ dero wa.","Dans son travail, il n'a trouvé personne pour l'aider derowa derobu."
Travail et métiers,Na nɛn dòori goomɔ.,Je travaille sur la part de travail qui m’est laissée.
Travail et métiers,"Sɔ̃ɔù n dwiiya, sa ko sɔmburu ko su sere we.","s'adoucir, s'appaiser, se calmer. Quand le soleil s'adoucit, nous retournons au travail avant de rentrer à la maison."
Travail et métiers,"Yè sɔ̃ɔ u dwiiyama, yera sa sɔmburu wura.","Quand le soleil a commencé à baisser, nous sommes retournés au travail."
Travail et métiers,"Bɔ̃ɔge, ga ra yɛnu kɔ̃ su. Na sɔmburu garu kaso dɔɔ gisɔ.","Le chien là, garde la maison. certain, quelque, autre. Je m'en vais chercher quelque travail aujourd'hui."
Travail et métiers,Na gãra dawa yana kowon mi.,J'ai acheté un objet en cuir chez le coordonnier.
Travail et métiers,Barɔ wi ura di gea. Durɔ wi ura sɔmburu ko.,Le malade mange bien. Cet homme travaille bien.
Travail et métiers,"Bii wi, u win baaba gia. U sɔmbu te mɛɛra u gia. U gia yè ba ra nɛɛ nɔni swãaru.","giana 'se connaître l'un l'autre'; giari 'connaître contre le gré de quelqu'un'; Int: giasi 'profiter pour apprendre'; connaître, savoir (après avoir appris ou expérimenté). L'enfant a enfin connu son papa. Il a appris le métier et il sait le faire. Il a su ce qu'on appelle souffrance. découvrir."
Travail et métiers,"Woru u win bii gɔra u da u wuu giama. commencer à con- 110 gĩama ginaku naître. Yè u sɔmburu giama, yerau bararu mwara.","connaître et revenir rendre compte. Woru a envoyé son fils faire la découverte du village. Quand il a commencé à connaître son métier, il est tombé malade."
Travail et métiers,Gisɔ ba koo tɔn ben sɔmbu te wiru go.,Aujourd'hui ils vont achever le travail de ces gens.
Travail et métiers,Sɔm gobigiru tera u mö.,Il fait un travail bien payé.
Travail et métiers,Sabi u gɔ̃ɔgeru yɛ̃ gɔɔ wooru [gɔɔ 118 gɔ̃ɔri gɔri gem gem.,Sabi est un très bon violoniste.
Travail et métiers,Ba bɛsɛn sɔmburu kaarasia.,Ils ont fait diminuer notre travail.
Travail et métiers,U nɛn sɔmburu kãkasia.,Il a fait diminuer mon travail.
Travail et métiers,"détruire, faire périr, nuire. A ku man sɔmburu kam koosia.","faire travailler gratuitement, exploiter quelqu’un."
Travail et métiers,"Bera na yande kana mi, bù ka man sɔmbu te ko. Kon Gusunɔ kana. Ba kurɔ kana.",Ce sont eux que j'ai suppliés de m'aider à faire ce travail . Je vais prierDieu. demander la main. Ils sont allés demander la main d'une fille.
Travail et métiers,U kperu kare mì sibu ba sɔmburu mö.,Il a lancé une pierre là où les gens travaillaient.
Travail et métiers,"Yè sa sɔmburu mö ka bɛsɛn tundo, yerau sun kare.","Quand nous travaillions avec notre père, il nous a laissé notre part de travail. je- 135 karenu / kaseru ter cherche à éviter le danger et les femmes enceintes montent dans les arbres."
Travail et métiers,"Yè sa ǹ gberu de yellu, yera bɛsɛn mɔ u sun karesia.",Comme nous ne sommes :
Travail et métiers,Wunɛn sɔmbu te ta kasura.,On est en train de chercher ton travail.
Travail et métiers,A dea sɔmbu te kawama a sere wuma.,Amoindris ce travail avant de revenir à la maison.
Travail et métiers,Sɔmbu te ta kawara.,Le travail a été diminué.
Travail et métiers,U kɛkɛ tenku dua uka yaburu da.,Il a pris un taxi pour aller au marché.
Travail et métiers,Ba koo sɔmburu ko.,Ils vont travailler.
Travail et métiers,Nà n tem wa kon sɔmburu ko.,"Si je trouve la terre, je vais travailler."
Travail et métiers,A Biɔ sɔ̃ ù be sɔmbu te kooma fuuku.,Dis à Bio de vite faire le travail.
Travail et métiers,Sɔmbu te ta koo koora sia.,Le travail sera fait demain.
Travail et métiers,Ba wii sɔmburu koosia.,Ils l'ont fait travailler.
Travail et métiers,A sɔmbu te kpa kɔ?,Tu as fini déjà le travail?
Travail et métiers,Biɔ u man sɔmburu kua.,Bio a fait un travail pour moi.
Travail et métiers,Dãa dãko u kurum 162 kuruma kuntaru dwa ù ka sɔmburu ko.,Lemenuisier a acheté des pointes pour travailler.
Travail et métiers,"I ku sibu mɛɛri mì ba sɔmburu mö. I ku nɔman sɔma mɛɛri, ka bɛɛn yikuru.","Ne les regardez 2) apprendre, étudier. Restez là à refuserd’ apprendre un métier de mains. Paresseux que vous êtes ! action:"
Travail et métiers,Win sɔmbu te ta mɛɛrira.,Son travail a pu être regardé.
Travail et métiers,"Ba man sɔmburu mɛɛrisia yè na keu kpana. faire apprendre, faire étudier   :",On m'a fait apprendre un métier quand j'ai quitté l'école. .
Travail et métiers,"Wunɛn sòo te ta mwɛnya. Biɔ u mwɛnya, u yõ u Taku mɛɛraa u win sɔmburu mö.","devenir aigre. Ta bouillie est devenue aigre. Bio est fatigué, il est debout regardant Taku entrain de travailler. ."
Travail et métiers,Mɔndu ta sãa gabun sɔmburu.,La pôterie est le travail d'autres personnes.
Travail et métiers,"Su wa mɛ̀ win yɛ̃ ru ta saka nɛ. Nɛ ka wi sa gunum nɛ. Ka nɛ, être moindre. Bɛsɛn sɔmburu te ta ka nɛ.","être égal, être au même niveau, équivaloir. Voyons jusqu'où va sa connaissance. Lui et moi nous avons la même taille. Notre travail est très réduit."
Travail et métiers,Sɔ̃ɔ nɔbaa nnɛwa sa mɔ su ka sɔmbu te ko.,"card. neuf , 9. Nous avons neuf jours pour faire ce travail."
Travail et métiers,A de gari yi yù nɔni ko. I de bɛɛn sɔmbu te tu nɔni ko.,Permets que cette affaire se clarifie. s'améliorer. Permettez que votre travail s'améliore.
Travail et métiers,Bɛsɛn sɔmbu te ta kpã. Bɛsɛn wuu ga kpã.,"être grand, être important, être en quatité considérable. Votre travail est grand. notre village est grand."
Travail et métiers,Ba man nɛn sɔmbu te kpanasia.,Ils m'ont fait rater mon travail.
Travail et métiers,Mɔmɔu ra n sikerenamɔ ù n ka paapaaru sɔmburu mö. paapaara papaanu paapana,La potière tourne quand elle travaille avec l'instrument à polir.
Travail et métiers,Bɛɛ ka kparabu.,Merci de nous guider sur le chemin de Dieu.
Travail et métiers,Wunɛn sɔmbu ten kpeebu bu fuuku kua.,Ton travail est vite fini.
Travail et métiers,A dea wunɛn sɔmbu te kpeema a sere wuma.,Tâche de terminer ton travail avant de revenir.
Travail et métiers,Sɔmbu te ta kpeeru tura.,Le travail arrive presque à la fin.
Travail et métiers,I sɔmbu te kpeesia fuuku.,Vous avez fait terminer ce travail vite.
Travail et métiers,Sɔmbu te ta koo kpĩira.,Ce travail pourra être fait.
Travail et métiers,"À n sɔmburu kua à n wasira, sere a kpuna. Akpuna n do ?","Si tu es fatigué de travailler, tu dois te coucher. As-tu bien dormi? Bonjour! salutation pour le matin)nacc."
Travail et métiers,Kon bɛɛ sɔmbu ten kpuna sɔ̃ɔsi.,Je vais vous montrer le plan de ce travail.
Travail et métiers,"Yè sɔmbura ta saakɛ man dorema, yera i nɛɛ su wɛ̃ ra.",C'est quand j'ai enfin commencé à prendre le goût du travail que vous dites qu'on va se reposer.
Travail et métiers,Wunɛn sɔmbu te ta koo saarira?,Ton travail pourra-t-il etre imité?
Travail et métiers,I bɛɛn sɔmbu ten kobu sãaya.,Rapide. Vous avez été plus dégourdis à faire ce travail.
Travail et métiers,U sɔmbu te sɔɔ sãaya.,devenir rapide. Il est devenu habile dans ce travail.
Travail et métiers,Yellun tɔmbu ba rà ràa dɛmbɛru ko ka sallu.,Les anciens se faisaient des cache-sexe avec une peau.
Travail et métiers,sàasaakuru ta sñ tooto.,Le métier du griot est difficile.
Travail et métiers,"A dea se a yɔ̃ ra. Bà ndɔ̃ɔ mɛni, yerau rà win sɔmburu se. Bɛsɛn sɔmburu ta ta koo se tɛ̃ .","Lève-toi, tiens-toi debout2) se lever pour, commencer (sujet: nom de personne). C'est après les feux de brousse qu'il commence 219 se seeya son travail : commencer (sujet: nom d'une activité). Notre travail va commencer maintenant."
Travail et métiers,Sekobu bera ba ra sèkubu ko. A naa gbãa yen sèkuru mɛɛri a sere yè dwe.,Seuls les forgerons forgent les outils. constitution de quelque chose. Viens regarder la constitution de la hache avant de l'acheter.
Travail et métiers,"A do ǹ sere dãkuru ko. Sɔm kowo be ba woo sere ka tɛ̃ . A yania koowo sere un ka we. Tii mɔrun swaa, sere bɛsɛn keu. U sere doona? N sere kɔsawa ka gem.",avant que. Va avant qu'il soit trop tard. jusqu'à. Les travailleurs ne sont toujours 3) jusqu'à ce que. Efforce-toi jusqu'à ce qu'il arrive4) il faut. Le chemin de la liberté est dans l'alphabétisation. Est-il parti? Cela a-t-il changé vraiment?
Travail et métiers,Na Gunu sɛndasia ù ka sɔmbu te ko fuuku fuuku.,J'ai pressé Gounou pour qu'il puisse vite faire le travail.
Travail et métiers,Sɔmbu te ta koo bii wi sɛ̃ sie.,Ce travail sera difficile pour cet enfant.
Travail et métiers,"A seewo su duka, damgibu ba sisi. sisiru bururu [sisi bururu]lendemain matin. Sisiru bururu ba koo ben sɔmbu te ko.","int. inv. Lève-toi et file. Les forces de l'ordre arrivent. Le lendemain matin, ils feront leur travail."
Travail et métiers,A dea bii be somisia ben sɔmbu te sɔɔ.,Fais aider les enfants dans leur travail.
Travail et métiers,Sɔmbu ten sosibu bu ǹ bɛɛrɛ kue.,Le fait qu'on ait augmenté le travail n'est :
Travail et métiers,"A tɔmbu sosima, sɔmbu te ta kpã.","Augmente-nous le nombre des gens, le travail à faire est trop grand."
Travail et métiers,"sɔm bìrena sɔm kowo [söm kowo]1) travailleur, ouvrier. Nɛn baa u sɔm kowo kasuu ù ka wii wuku. Durɔ wì u doonɔ miɔnɔ, sɔm kowoù ku dɔ̃ɔna mɛ.","Mon père cherche des ouvriers pour sarcler avec lui. bon travailleur. L'homme qui s'en va là-bas, c'est un bon travailleur."
Travail et métiers,A ku wunɛn sɔm yãnu deri yɛnuɔ à n gberu dɔɔ. Bɛɛn sɔm yãnu nu disinu kua. sɔm yãna.,"n1) outils, matériel de travail. Ne laisse 2) vêtements portés au travail. Vos vêtements de travail sont sales."
Travail et métiers,Tasun sɔmburu ta do ma ta sɛ̃ .,"Travailler les ignames, c’est bénéfique mais difficile."
Travail et métiers,Sa ko sia sɔmburu ko.,Nous allons travailler demain.
Travail et métiers,Sɔnda ba ra ka diru tãwɛ.,On crépit les maisons avec de l'argile.
Travail et métiers,Sɔnɛ namba bu saã win sɔmburu.,"Son travail, c'est de faire tourner le moulin."
Travail et métiers,Ko nsɛllu sɔnɛ.,.
Travail et métiers,Ba sɔmburu swɛɛra.,Ils prennent une pause aprè le travail.
Travail et métiers,Sɔrɔkɔ u ku ra n nim bɛrum mɔ.,Le pêcheur n'a :
Travail et métiers,U win sɔmbu te swɛɛra.,Il prend une pause dans son travail.
Travail et métiers,Sɔmbu ten bɔbuna nu wii tirerasia.,La dureté du travail luia donné le vertige.
Travail et métiers,"I gɔsirama, sibu ba tonda. U win wɛ̃ɛ gbaa te wuka u tonda.","aller loin. Revenez, ils sont déjà loin. avancer dans son travail. Il est très avancé dans le sarclage de son champ de coton."
Travail et métiers,Su den sɔmbu te tore.,Commençons enfin le travail.
Travail et métiers,I kookari koowo sɔmburu tù ka sĩ. ma ba tè kpɛ̃ .,"Efforcez-vous pour que le travail marche. compl. le, la. et on l'a mis"
Travail et métiers,Túa ba rà ka biin nɔɔ fɔ̃ɔ tie.,feuilles amères d'un arbuste. On emploie cette feuille pour soigner la bouche de l'enfant.
Travail et métiers,Bɔna u sɔmbu te kua u kpawi turo.,Bona a fait le travail jusqu'au bout. 281 tusiana twa de Dieu.
Travail et métiers,A tɔn be wãasi sere ka tɛ̃ ? A wãasi sɔmbu te sɔɔ ka tɛ̃ .,inv. vivre avec. Vis-tu avec ces gens jusqu'à maintenant ? être engagé dans. Tu es toujours engagé dans ce travail jusqu'à maintenant.
Travail et métiers,"Yè sa wasirama, yerau sun sɔmburu soka, bɛsɛn goo kùn de.","Quand nous avons commencé à nous fatiguer, il nous a invité pour travailler avec lui, personne n’est allé."
Travail et métiers,Sɔmburu ta wasiraru mɔ.,Le travail engendre la fatigue.
Travail et métiers,Miya u sɔmbu te kua uka wasirasi.,. . C'est là qu'il a fait le travail au point de se fatiguer.
Travail et métiers,"Sɔmbu tè a mö mi, ta ku ra wata kã.","Le travail que tu exécutes là, on ne le fait :"
Travail et métiers,Anna sɔmbu te?,Comment va le travail? Nous avons essayé.
Travail et métiers,Sɔmbu te ta dera sa wɛnya.,Le travail nous a fait transpirer.
Travail et métiers,"Yè sa wɛ̀ nyama, yerau nɛɛ sɔmbura kùn gina kpa, ta tie.","Quand nous avons commencé à transpirer, il dit que le travail n'est :"
Travail et métiers,Na sɔmbu te kua sere na ka wɛnyasi.,. . J'ai fait le travail jusqu'à transpirer. . . .
Travail et métiers,Ba wɛ̃ ra yè ba wasira. Durɔ win sɔmburuta wɛ̃ ra.,se reposer. Ils se reposent quand ils sont fatigués. devenir bon. Cet homme a bien fait son travail.
Travail et métiers,"Sa wasira, su den wɛ̃ rabu da.","Nous avons beaucouptravaillé, allons maintenant à la pause."
Travail et métiers,"Ye na nɛn sɔmburu kua na kpa, yera na wɛ̃ ramaba ka man soka.","Quand j'ai fini mon travail, j'ai commencé à me reposer lorsqu’on m’a rappelé."
Travail et métiers,Gisɔn sɔmbu te ta wasiraru mɔ.,Le travail d'aujaurd'hui a de la fatigue.
Travail et métiers,Sere su sɔmbu ten wii goberu wa.,Nous attendons la fin de ce travail.
Travail et métiers,Gbee wuko u ku ra dĩanu bie.,Le cultivateur ne manque :
Travail et métiers,Nɛn biiu wunɛgii sɔm yɛ̃ ru kere.,Mon enfant sait travailler mieux que le tien.
Travail et métiers,Sa wùuru dɔɔwa Mɔran gberɔ.,Je vais à un travail collectif dans le champ de Mora.
Travail et métiers,Susuregii ben yãa kororu ta gɛ̃ɛkira. yãa korora. yãa koronu. yãa korona.,Le filet de ces pêcheurs est déchiré.
Travail et métiers,Ben sɔmbu te sɔɔra bɛsɛn tebo ga ka yaakirasi.,. . Notre houe s'est abîmée dans ce travail.
Travail et métiers,Susuregii ben yãakororu ta gɛ̃ɛra.,Le filet des pêcheurs est déchiré.
Travail et métiers,"À n kaa wuku, sere a yãara.","Pour travailler la terre , l’on est obligé de se courber."
Travail et métiers,Ba man sɔmbu te yabusia.,On m'a fait partager le travail.
Travail et métiers,Yana kowo ku ra gɔnan biru yari.,Le coordonnier aime travailler la peau.
Travail et métiers,Durɔ wi ura yanaru ko.,Cet homme travaille le cuir.
Travail et métiers,Ba ben sɔmbu te mö ka yannukuru.,Ils font ce travail avec beaucoup d'apathie.
Travail et métiers,win yarankaariru ta banda. yarankaariru ta sɛ̃ .,Il est prétentieux2) travail de l'avocat. Le travail de l'avocat est difficile.
Travail et métiers,Siin debun sɔmbura yarariru.,Le travail du boucher est le travail de son grand père.
Travail et métiers,Yare yirà kaa wa sɔmbu te sɔɔ?,Quel avantage auras-tu dans ce travail?
Travail et métiers,Tɔn yabi yabira win sɔmburu sɔɔ.,C'est un homme actif dans son travail.
Travail et métiers,Yaruwaasi wi u sɔmburu yɛ̃ .,Ce jeune homme sait bien travailler.
Travail et métiers,A man sɔmbu ten yasansi sɔ̃ɔsio.,Explique-moi comment faire ce travail.
Travail et métiers,"Yè batuma ya yasiama, yerau duka sua u sɔmburu deri.","Quand la place a commencé à devenir large, il a fui, il a laissé le travail."
Travail et métiers,Win sɔmburu ta wii yɛkisi.,Il y a trop du travail pour lui.
Travail et métiers,"Na sɔm yɛ̃ rò wa, u win sɔmbu te dãkura.","J'ai vu le propriétaire du travail, il a fini le travail."
Travail et métiers,U sibu sɔmburu yiirema.,Il leur a commandé du travail.
Travail et métiers,Ba sɔma yiirena.,Ils se sont commandé du travail.
Travail et métiers,A man nɛn sɔbu sɔmburu yiireri.,Tu as commandé du travail à mes visiteurs.
Travail et métiers,Wunɛn sɔmbu ten yinabu bu ǹ bɛɛrɛ kue.,Le fait que tu aies refusé ce travail n'est :
Travail et métiers,"Yè u min di sɔmburu yinama, yerau na u sun deeema.","Comme il a refusé de travailler là bas, il est venu nous trouver."
Travail et métiers,Ba man nɛn sɔmburu yinari.,. . Ils m'ont refusé de faire mon travail.
